pole_id,current,voltage,light_intensity,temperature,neighbor_confirmation,operating_hours,previous_failures,failure_type
SL-0001,0.0249,230.74,6.8,36.6,1,48037.7,2,LAMP_FAILURE
SL-0002,0.0317,232.54,9.9,33.7,0,8832.5,1,LAMP_FAILURE
SL-0003,0.4674,229.17,799.4,30.0,0,2051.4,1,WORKING
SL-0004,0.0256,230.0,0.0,35.8,1,58303.5,5,LAMP_FAILURE
SL-0005,0.0,5.5,9.5,31.9,1,39770.0,3,POWER_FAILURE
SL-0006,0.0553,224.06,0.0,25.6,0,12296.9,3,LAMP_FAILURE
SL-0007,0.1366,227.38,79.7,26.7,1,51246.2,2,LAMP_FAILURE
SL-0008,0.3765,229.5,907.0,32.3,0,46794.9,0,WORKING
SL-0009,0.0318,0.08,0.0,19.3,1,13879.6,4,POWER_FAILURE
SL-0010,0.0051,0.0,0.0,27.7,2,15875.0,1,POWER_FAILURE
SL-0011,0.4222,225.78,1019.8,26.4,0,6016.8,2,WORKING
SL-0012,0.0217,226.29,10.1,27.8,1,38901.1,5,LAMP_FAILURE
SL-0013,0.056,225.61,0.0,27.2,1,5885.7,3,LAMP_FAILURE
SL-0014,0.0,5.17,1.8,24.5,2,30591.1,3,POWER_FAILURE
SL-0015,0.0041,0.0,0.0,22.3,1,41603.3,2,POWER_FAILURE
SL-0016,0.0,1.75,1.5,31.8,2,42646.3,0,POWER_FAILURE
SL-0017,0.817,101.03,84.4,31.9,0,35035.9,0,VOLTAGE_ANOMALY
SL-0018,0.5272,232.69,370.5,38.3,2,41258.9,2,SENSOR_FAILURE
SL-0019,0.0261,229.14,21.5,29.1,2,23160.3,3,LAMP_FAILURE
SL-0020,0.0474,219.46,17.8,18.8,2,11497.2,1,LAMP_FAILURE
SL-0021,0.0,6.62,3.6,29.3,2,20715.4,2,POWER_FAILURE
SL-0022,0.4178,228.04,21.5,29.0,1,9481.9,1,SENSOR_FAILURE
SL-0023,0.4084,223.17,0.0,28.0,0,22382.2,3,SENSOR_FAILURE
SL-0024,0.4877,168.24,285.4,34.1,0,45156.6,2,VOLTAGE_ANOMALY
SL-0025,0.3545,235.12,626.4,35.9,0,771.7,0,WORKING
SL-0026,0.0235,224.15,10.8,30.5,1,21107.6,5,LAMP_FAILURE
SL-0027,0.3063,269.65,702.7,64.6,0,2134.7,4,VOLTAGE_ANOMALY
SL-0028,0.0402,230.16,6.2,24.7,2,31345.6,3,LAMP_FAILURE
SL-0029,0.3707,235.45,886.5,38.9,0,42913.4,2,WORKING
SL-0030,0.0136,233.01,3.9,25.8,1,22505.5,3,LAMP_FAILURE
SL-0031,0.3525,233.25,742.9,37.7,0,48905.8,0,WORKING
SL-0032,0.6356,111.13,251.3,36.5,0,30830.9,0,VOLTAGE_ANOMALY
SL-0033,0.6569,111.85,94.1,39.5,1,15071.7,1,VOLTAGE_ANOMALY
SL-0034,0.4991,229.16,590.2,35.2,0,39216.0,0,WORKING
SL-0035,0.3806,179.34,44.7,33.3,0,31788.4,0,VOLTAGE_ANOMALY
SL-0036,0.4483,232.62,962.2,34.1,0,10643.5,2,WORKING
SL-0037,0.4472,231.27,14.4,30.8,1,32128.7,0,SENSOR_FAILURE
SL-0038,0.0273,7.89,2.0,19.2,2,42272.3,3,POWER_FAILURE
SL-0039,0.3838,233.24,704.5,44.5,0,17110.1,2,WORKING
SL-0040,0.4769,229.92,931.8,41.1,0,16283.9,0,WORKING
SL-0041,0.0429,230.78,6.3,31.7,0,28655.6,5,LAMP_FAILURE
SL-0042,0.0435,224.09,22.1,23.7,2,35216.9,4,LAMP_FAILURE
SL-0043,0.4912,231.05,74.2,37.4,1,8848.5,3,SENSOR_FAILURE
SL-0044,0.0493,223.28,26.2,20.6,2,59116.1,1,LAMP_FAILURE
SL-0045,0.0041,0.0,0.0,27.7,1,30847.1,3,POWER_FAILURE
SL-0046,0.5068,228.69,1333.4,38.0,2,46668.4,3,SENSOR_FAILURE
SL-0047,0.3983,227.64,867.6,34.0,0,18985.3,0,WORKING
SL-0048,0.4928,220.92,1185.1,27.1,0,1759.1,0,SENSOR_FAILURE
SL-0049,0.3488,219.13,1103.3,33.9,1,24740.8,0,SENSOR_FAILURE
SL-0050,0.4648,234.43,730.4,33.8,2,37236.9,2,SENSOR_FAILURE
SL-0051,0.0211,230.87,0.0,23.9,1,41007.3,2,LAMP_FAILURE
SL-0052,0.0423,0.0,1.7,17.9,2,10406.7,1,POWER_FAILURE
SL-0053,0.0362,14.85,8.1,21.9,2,39613.0,0,POWER_FAILURE
SL-0054,0.6567,115.8,99.0,30.1,0,16408.8,3,VOLTAGE_ANOMALY
SL-0055,0.3508,229.78,832.2,29.3,1,28468.3,2,WORKING
SL-0056,0.2962,295.81,673.3,57.7,2,28554.8,3,VOLTAGE_ANOMALY
SL-0057,0.0159,225.34,18.5,33.1,1,13223.0,1,LAMP_FAILURE
SL-0058,0.2128,296.8,544.4,51.1,2,41770.1,4,VOLTAGE_ANOMALY
SL-0059,0.5351,161.78,299.7,30.1,1,8139.5,0,VOLTAGE_ANOMALY
SL-0060,0.4798,231.02,751.6,32.4,0,26467.7,0,WORKING
SL-0061,0.418,226.79,59.6,26.9,2,42815.4,3,SENSOR_FAILURE
SL-0062,0.0139,225.58,1.2,25.0,1,29095.2,5,LAMP_FAILURE
SL-0063,0.455,224.41,922.5,35.8,0,49160.4,2,WORKING
SL-0064,0.0231,227.46,0.1,24.8,1,7678.4,1,LAMP_FAILURE
SL-0065,0.4143,231.52,25.9,28.8,0,17460.5,2,SENSOR_FAILURE
SL-0066,0.6194,139.81,137.1,19.3,0,30695.4,4,VOLTAGE_ANOMALY
SL-0067,0.3845,242.98,236.0,20.1,0,1981.1,0,SENSOR_FAILURE
SL-0068,0.5171,243.18,254.3,65.2,0,7267.9,1,SENSOR_FAILURE
SL-0069,0.4056,233.01,675.1,33.6,0,28606.8,2,WORKING
SL-0070,0.0278,0.0,3.4,17.6,1,25772.4,0,POWER_FAILURE
SL-0071,0.0377,237.97,5.1,30.7,1,14487.3,3,LAMP_FAILURE
SL-0072,0.3716,230.51,820.1,41.4,0,23765.9,0,WORKING
SL-0073,0.029,2.0,7.2,24.5,2,16367.4,3,POWER_FAILURE
SL-0074,0.0133,6.95,2.2,27.7,2,26874.2,3,POWER_FAILURE
SL-0075,0.3629,270.76,407.1,53.1,0,31802.5,0,VOLTAGE_ANOMALY
SL-0076,0.0435,235.64,17.0,27.7,1,56600.0,3,LAMP_FAILURE
SL-0077,0.4125,231.9,746.3,41.3,0,47123.5,2,WORKING
SL-0078,0.5151,229.04,428.4,81.0,0,14111.8,0,SENSOR_FAILURE
SL-0079,0.0434,234.17,21.1,31.0,1,11579.2,3,LAMP_FAILURE
SL-0080,0.0071,10.68,3.7,25.7,1,20037.1,3,POWER_FAILURE
SL-0081,0.4336,229.74,7.3,46.0,1,3465.1,1,SENSOR_FAILURE
SL-0082,0.156,227.22,73.6,30.3,2,6916.9,2,LAMP_FAILURE
SL-0083,0.3527,231.77,950.2,32.5,0,36046.1,1,WORKING
SL-0084,0.04,228.74,7.8,19.1,2,22045.2,2,LAMP_FAILURE
SL-0085,0.3694,226.74,687.6,39.2,0,44934.3,1,WORKING
SL-0086,0.2371,302.55,423.9,55.2,1,34683.6,4,VOLTAGE_ANOMALY
SL-0087,0.4389,238.16,1564.1,13.3,0,22165.0,2,SENSOR_FAILURE
SL-0088,0.0412,13.71,9.1,24.5,2,47976.0,1,POWER_FAILURE
SL-0089,0.0137,227.87,18.4,22.5,1,19828.6,5,LAMP_FAILURE
SL-0090,0.3976,228.38,634.6,36.9,0,28895.7,2,WORKING
SL-0091,0.0105,4.05,3.3,25.6,1,19861.9,4,POWER_FAILURE
SL-0092,0.0149,6.81,4.3,28.1,1,25791.1,1,POWER_FAILURE
SL-0093,0.3522,226.87,829.8,36.9,0,32476.9,0,WORKING
SL-0094,0.303,279.98,325.3,54.0,2,20135.7,4,VOLTAGE_ANOMALY
SL-0095,0.4411,237.42,900.6,33.4,0,41131.6,2,WORKING
SL-0096,0.4613,225.68,613.6,39.1,0,26638.4,0,WORKING
SL-0097,0.4192,227.29,828.8,34.0,0,11661.5,0,WORKING
SL-0098,0.4056,229.24,1136.7,41.4,2,23517.2,3,SENSOR_FAILURE
SL-0099,0.5838,141.11,324.3,28.3,2,26584.3,3,VOLTAGE_ANOMALY
SL-0100,0.0082,230.03,1.1,34.5,2,7058.7,4,LAMP_FAILURE
SL-0101,0.4781,229.67,703.9,34.6,0,998.6,1,WORKING
SL-0102,0.4062,228.67,960.9,42.9,0,26616.0,1,WORKING
SL-0103,0.0305,230.95,17.8,28.8,1,32734.7,1,LAMP_FAILURE
SL-0104,0.49,177.45,240.1,31.9,0,40803.9,2,VOLTAGE_ANOMALY
SL-0105,0.2623,277.83,702.7,66.2,0,8892.1,2,VOLTAGE_ANOMALY
SL-0106,0.0094,7.81,5.4,25.2,2,28590.0,4,POWER_FAILURE
SL-0107,0.0011,8.0,1.9,25.3,2,48687.4,3,POWER_FAILURE
SL-0108,0.3842,228.28,724.1,33.0,0,36433.0,2,WORKING
SL-0109,0.0124,0.0,5.5,25.9,2,22617.8,1,POWER_FAILURE
SL-0110,0.0325,230.53,0.0,34.5,1,43988.8,3,LAMP_FAILURE
SL-0111,0.4129,228.82,679.3,31.7,0,48598.6,0,WORKING
SL-0112,0.2967,231.18,763.8,39.0,1,2303.1,1,SENSOR_FAILURE
SL-0113,0.0122,235.42,18.8,21.9,1,13800.3,5,LAMP_FAILURE
SL-0114,0.3643,232.89,814.8,29.0,0,15122.7,1,WORKING
SL-0115,0.0105,0.84,0.5,26.9,2,47879.0,0,POWER_FAILURE
SL-0116,0.0,16.83,0.0,18.1,1,35370.6,1,POWER_FAILURE
SL-0117,0.6353,132.65,130.4,14.3,1,3805.5,1,VOLTAGE_ANOMALY
SL-0118,0.4415,231.4,680.7,39.6,0,40809.3,0,WORKING
SL-0119,0.4371,233.71,733.7,36.5,1,19009.4,1,WORKING
SL-0120,0.4095,232.51,6.2,37.2,0,28393.5,2,SENSOR_FAILURE
SL-0121,0.1627,223.22,59.8,23.9,1,28996.9,1,LAMP_FAILURE
SL-0122,0.4526,220.83,2.3,52.9,2,20410.2,0,SENSOR_FAILURE
SL-0123,0.4418,173.88,95.9,19.8,0,40828.9,1,VOLTAGE_ANOMALY
SL-0124,0.0419,217.4,19.4,30.8,1,35124.4,3,LAMP_FAILURE
SL-0125,0.3201,225.43,1141.7,65.6,0,48344.1,3,SENSOR_FAILURE
SL-0126,0.4162,231.75,674.5,40.8,1,16571.7,2,WORKING
SL-0127,0.0221,226.04,24.6,32.2,2,50680.0,5,LAMP_FAILURE
SL-0128,0.5481,143.82,233.4,35.0,0,45450.2,0,VOLTAGE_ANOMALY
SL-0129,0.0357,22.41,6.0,19.8,1,7899.5,2,POWER_FAILURE
SL-0130,0.0,18.64,4.4,29.9,1,30087.8,3,POWER_FAILURE
SL-0131,0.308,224.52,16.6,54.3,0,35009.0,0,SENSOR_FAILURE
SL-0132,0.4188,231.01,698.2,27.8,0,35070.9,2,WORKING
SL-0133,0.0187,0.0,8.1,28.6,1,40709.7,2,POWER_FAILURE
SL-0134,0.2531,306.09,510.3,73.3,0,16444.6,4,VOLTAGE_ANOMALY
SL-0135,0.0563,226.86,13.3,25.9,2,21641.7,4,LAMP_FAILURE
SL-0136,0.4309,233.47,1009.1,35.0,0,26297.8,2,SENSOR_FAILURE
SL-0137,0.0132,234.46,11.3,21.8,1,19537.1,5,LAMP_FAILURE
SL-0138,0.5366,238.2,527.8,65.6,0,17930.0,1,SENSOR_FAILURE
SL-0139,0.0522,229.95,33.6,35.4,1,57722.2,4,LAMP_FAILURE
SL-0140,0.3797,276.18,469.3,56.1,0,46539.2,0,VOLTAGE_ANOMALY
SL-0141,0.1766,293.67,765.0,52.5,0,8109.0,1,VOLTAGE_ANOMALY
SL-0142,0.6605,126.3,34.9,37.7,1,11757.0,1,VOLTAGE_ANOMALY
SL-0143,0.0254,234.23,0.0,13.1,1,32601.6,1,LAMP_FAILURE
SL-0144,0.4127,165.78,336.3,32.9,1,42513.3,4,VOLTAGE_ANOMALY
SL-0145,0.3696,229.88,938.5,37.6,0,19361.3,0,WORKING
SL-0146,0.0051,231.49,1.5,21.4,2,42347.1,5,LAMP_FAILURE
SL-0147,0.3766,228.7,711.5,33.6,0,37858.9,1,WORKING
SL-0148,0.0436,236.62,7.1,24.3,2,27829.3,3,LAMP_FAILURE
SL-0149,0.5855,130.08,318.4,25.4,1,13013.1,0,VOLTAGE_ANOMALY
SL-0150,0.0,0.0,5.7,29.8,0,36492.6,1,POWER_FAILURE
SL-0151,0.009,221.69,21.9,18.8,2,13004.6,5,LAMP_FAILURE
SL-0152,0.0,10.52,0.0,22.1,2,15055.9,2,POWER_FAILURE
SL-0153,0.0518,225.7,25.0,34.3,1,30986.6,1,LAMP_FAILURE
SL-0154,0.0,2.44,2.3,20.3,1,4695.2,4,POWER_FAILURE
SL-0155,0.0004,233.38,0.0,28.6,2,32824.2,5,LAMP_FAILURE
SL-0156,0.0236,222.37,16.6,26.9,0,56902.1,1,LAMP_FAILURE
SL-0157,0.5266,154.33,200.8,30.8,0,9228.1,3,VOLTAGE_ANOMALY
SL-0158,0.558,153.73,183.2,32.4,0,26611.4,4,VOLTAGE_ANOMALY
SL-0159,0.4272,237.6,690.5,33.6,0,35520.2,1,WORKING
SL-0160,0.4494,227.6,918.6,38.1,0,23989.0,1,WORKING
SL-0161,0.22,262.27,807.0,61.6,1,45522.7,2,VOLTAGE_ANOMALY
SL-0162,0.545,146.67,157.5,20.6,0,33938.5,4,VOLTAGE_ANOMALY
SL-0163,0.484,228.83,763.8,41.0,0,21849.6,2,WORKING
SL-0164,0.0163,222.73,30.7,37.3,1,7498.4,3,LAMP_FAILURE
SL-0165,0.0141,14.28,5.4,29.8,1,20376.2,2,POWER_FAILURE
SL-0166,0.3854,229.02,967.0,34.9,0,2277.9,0,WORKING
SL-0167,0.3508,234.13,1009.8,22.8,1,15834.4,1,SENSOR_FAILURE
SL-0168,0.4511,228.33,1405.3,85.4,0,4771.8,2,SENSOR_FAILURE
SL-0169,0.2615,265.67,685.3,50.8,0,12314.6,2,VOLTAGE_ANOMALY
SL-0170,0.3264,226.23,468.4,16.6,2,11731.0,3,SENSOR_FAILURE
SL-0171,0.012,2.01,5.7,31.7,2,43496.3,3,POWER_FAILURE
SL-0172,0.3641,230.73,775.7,33.5,0,29363.3,1,WORKING
SL-0173,0.433,222.69,846.2,36.2,0,33821.7,2,WORKING
SL-0174,0.3866,228.45,28.9,37.8,0,43574.0,0,SENSOR_FAILURE
SL-0175,0.353,225.15,847.0,29.8,0,14923.3,2,WORKING
SL-0176,0.2879,291.23,495.2,56.1,0,13759.9,0,VOLTAGE_ANOMALY
SL-0177,0.3215,309.92,752.2,46.9,2,24338.3,0,VOLTAGE_ANOMALY
SL-0178,0.0,8.79,13.7,32.8,1,18578.1,0,POWER_FAILURE
SL-0179,0.1446,229.47,65.5,32.3,2,46161.2,3,LAMP_FAILURE
SL-0180,0.4075,226.66,6.8,45.0,1,17800.6,3,SENSOR_FAILURE
SL-0181,0.3803,226.18,1396.6,41.1,1,3993.5,0,SENSOR_FAILURE
SL-0182,0.4768,227.45,66.2,26.5,0,49536.0,1,SENSOR_FAILURE
SL-0183,0.3567,226.73,782.0,31.3,0,14489.0,0,WORKING
SL-0184,0.5082,158.38,289.0,37.6,0,37238.5,3,VOLTAGE_ANOMALY
SL-0185,0.067,5.87,6.2,32.5,1,4654.7,3,POWER_FAILURE
SL-0186,0.4191,238.25,0.0,38.3,0,40297.2,0,SENSOR_FAILURE
SL-0187,0.0,11.31,0.0,21.7,2,10602.7,0,POWER_FAILURE
SL-0188,0.4583,230.35,755.9,39.7,0,3630.4,1,WORKING
SL-0189,0.2731,279.46,363.2,60.7,0,34852.5,3,VOLTAGE_ANOMALY
SL-0190,0.4512,229.27,739.8,36.2,0,41037.9,2,WORKING
SL-0191,0.4947,231.64,598.9,39.4,1,21488.7,0,WORKING
SL-0192,0.0096,0.15,0.0,20.5,2,44706.2,1,POWER_FAILURE
SL-0193,0.4642,236.7,820.9,37.0,0,44298.2,2,WORKING
SL-0194,0.499,226.95,832.7,26.2,0,9800.6,0,WORKING
SL-0195,0.1013,228.37,21.6,27.8,1,51317.3,1,LAMP_FAILURE
SL-0196,0.0124,231.45,0.0,29.7,2,40385.5,4,LAMP_FAILURE
SL-0197,0.0171,15.92,5.1,26.3,0,5641.8,4,POWER_FAILURE
SL-0198,0.1569,230.61,20.4,29.0,1,37255.0,1,LAMP_FAILURE
SL-0199,0.0021,5.96,4.3,25.0,1,33403.0,4,POWER_FAILURE
SL-0200,0.338,260.47,459.6,57.6,0,45438.3,0,VOLTAGE_ANOMALY
SL-0201,0.0047,3.47,4.9,17.8,2,46843.4,4,POWER_FAILURE
SL-0202,0.3869,227.17,640.2,42.2,0,15253.4,1,WORKING
SL-0203,0.5404,227.23,1054.7,29.2,0,7784.0,1,SENSOR_FAILURE
SL-0204,0.4778,234.34,923.2,40.0,0,20277.9,1,WORKING
SL-0205,0.2792,230.53,89.7,51.1,0,36313.7,1,SENSOR_FAILURE
SL-0206,0.0414,12.19,0.0,13.3,1,39323.5,1,POWER_FAILURE
SL-0207,0.0,14.43,0.0,28.4,2,29322.8,0,POWER_FAILURE
SL-0208,0.2225,267.52,680.3,47.5,1,11841.6,0,VOLTAGE_ANOMALY
SL-0209,0.2175,298.88,742.8,47.8,0,11901.3,1,VOLTAGE_ANOMALY
SL-0210,0.3664,232.72,763.4,40.1,0,5135.3,0,WORKING
SL-0211,0.0434,231.03,13.4,30.3,1,41666.8,1,LAMP_FAILURE
SL-0212,0.013,0.01,1.9,25.2,1,23426.0,3,POWER_FAILURE
SL-0213,0.448,223.06,1163.6,89.7,0,31656.7,1,SENSOR_FAILURE
SL-0214,0.0196,226.69,14.6,26.5,2,28269.2,3,LAMP_FAILURE
SL-0215,0.455,231.45,685.6,42.3,0,7496.2,1,WORKING
SL-0216,0.3945,232.21,969.1,27.3,0,37384.3,1,WORKING
SL-0217,0.0028,19.61,2.6,20.1,2,39606.6,1,POWER_FAILURE
SL-0218,0.0237,226.2,19.3,21.6,2,6905.1,2,LAMP_FAILURE
SL-0219,0.4461,226.89,927.9,32.3,0,30413.1,1,WORKING
SL-0220,0.3953,228.77,776.1,31.5,0,47488.7,2,WORKING
SL-0221,0.4036,229.92,782.2,38.9,0,10912.0,0,WORKING
SL-0222,0.4748,227.33,772.2,36.9,0,5971.0,2,WORKING
SL-0223,0.0042,15.74,6.4,23.0,2,14346.7,4,POWER_FAILURE
SL-0224,0.292,266.93,766.4,36.1,2,27417.1,0,VOLTAGE_ANOMALY
SL-0225,0.35,278.24,797.8,49.0,0,47066.4,0,VOLTAGE_ANOMALY
SL-0226,0.3906,228.88,890.0,40.4,0,35073.9,2,WORKING
SL-0227,0.5553,158.41,204.2,31.4,0,30363.2,2,VOLTAGE_ANOMALY
SL-0228,0.2976,288.15,904.4,66.8,2,6928.1,4,VOLTAGE_ANOMALY
SL-0229,0.0393,226.0,18.8,21.2,1,17614.2,3,LAMP_FAILURE
SL-0230,0.4581,236.84,0.0,82.7,1,26251.8,1,SENSOR_FAILURE
SL-0231,0.4147,235.33,960.2,44.1,1,40979.0,2,WORKING
SL-0232,0.3298,302.46,384.8,74.6,0,6627.4,1,VOLTAGE_ANOMALY
SL-0233,0.0812,231.51,62.8,20.3,1,34359.8,4,LAMP_FAILURE
SL-0234,0.3679,231.65,752.8,36.6,0,25881.8,2,WORKING
SL-0235,0.3699,235.33,1120.1,21.7,2,34306.6,1,SENSOR_FAILURE
SL-0236,0.0,0.0,3.9,21.1,2,28447.0,3,POWER_FAILURE
SL-0237,0.0123,11.1,5.9,25.2,2,31304.7,4,POWER_FAILURE
SL-0238,0.3712,227.65,724.3,26.1,0,28001.0,1,WORKING
SL-0239,0.0,0.0,6.9,29.4,2,5154.4,4,POWER_FAILURE
SL-0240,0.4041,235.85,690.3,39.5,0,42316.8,0,WORKING
SL-0241,0.5101,130.54,198.5,36.0,0,9193.3,2,VOLTAGE_ANOMALY
SL-0242,0.4534,221.08,21.3,66.0,0,25626.5,1,SENSOR_FAILURE
SL-0243,0.3698,226.33,811.7,33.9,0,41375.6,0,WORKING
SL-0244,0.3185,280.08,565.0,59.8,1,44516.7,0,VOLTAGE_ANOMALY
SL-0245,0.4521,226.31,809.1,37.0,0,25821.2,0,WORKING
SL-0246,0.0521,227.15,18.8,31.1,2,12915.2,4,LAMP_FAILURE
SL-0247,0.0104,228.65,0.0,32.4,0,32560.4,5,LAMP_FAILURE
SL-0248,0.0138,4.75,4.9,30.3,2,42989.0,1,POWER_FAILURE
SL-0249,0.2527,281.83,356.7,52.7,0,11673.5,1,VOLTAGE_ANOMALY
SL-0250,0.008,5.8,8.5,28.7,1,39974.4,1,POWER_FAILURE
SL-0251,0.4372,231.98,848.7,45.1,0,24532.3,1,WORKING
SL-0252,0.0,5.82,2.3,22.2,1,17096.4,1,POWER_FAILURE
SL-0253,0.4178,217.6,1682.6,33.0,1,40484.9,3,SENSOR_FAILURE
SL-0254,0.0373,224.6,10.2,34.8,0,42236.0,1,LAMP_FAILURE
SL-0255,0.4984,230.74,966.0,33.3,0,10704.6,2,WORKING
SL-0256,0.3557,229.31,0.0,39.9,0,20221.7,3,SENSOR_FAILURE
SL-0257,0.008,229.63,0.0,33.6,1,56429.6,2,LAMP_FAILURE
SL-0258,0.4214,233.3,967.9,27.1,0,19309.9,0,WORKING
SL-0259,0.2722,286.11,643.2,44.1,0,44705.7,4,VOLTAGE_ANOMALY
SL-0260,0.7061,123.45,331.6,32.9,0,31728.0,4,VOLTAGE_ANOMALY
SL-0261,0.1103,227.22,42.7,16.8,0,43460.1,1,LAMP_FAILURE
SL-0262,0.0412,228.9,25.5,26.6,2,48694.6,3,LAMP_FAILURE
SL-0263,0.0446,227.75,3.3,11.8,1,58772.2,1,LAMP_FAILURE
SL-0264,0.4671,227.68,730.9,38.3,1,15122.0,1,WORKING
SL-0265,0.5087,152.76,216.8,36.4,0,22290.4,3,VOLTAGE_ANOMALY
SL-0266,0.053,230.87,20.7,39.7,2,51521.9,1,LAMP_FAILURE
SL-0267,0.5828,140.52,155.0,28.0,0,35245.3,0,VOLTAGE_ANOMALY
SL-0268,0.0468,221.32,0.0,36.4,2,26726.6,3,LAMP_FAILURE
SL-0269,0.4445,230.82,709.0,43.9,0,14408.4,2,WORKING
SL-0270,0.4012,225.53,1663.2,44.4,2,16674.6,1,SENSOR_FAILURE
SL-0271,0.3966,261.56,361.1,47.2,0,42915.4,0,VOLTAGE_ANOMALY
SL-0272,0.3714,218.83,1448.4,69.9,0,35510.0,3,SENSOR_FAILURE
SL-0273,0.0472,226.99,22.8,27.0,1,39476.3,1,LAMP_FAILURE
SL-0274,0.0025,218.34,17.7,22.2,0,5396.9,3,LAMP_FAILURE
SL-0275,0.4222,242.53,0.0,38.3,2,23909.9,0,SENSOR_FAILURE
SL-0276,0.0173,5.71,4.3,20.7,1,19169.6,1,POWER_FAILURE
SL-0277,0.0,11.54,2.5,17.7,2,28673.5,3,POWER_FAILURE
SL-0278,0.376,227.45,985.9,30.8,0,31697.6,1,WORKING
SL-0279,0.4919,164.54,126.7,26.0,0,33907.9,0,VOLTAGE_ANOMALY
SL-0280,0.0042,226.95,11.2,25.9,1,21082.3,5,LAMP_FAILURE
SL-0281,0.124,225.02,31.4,30.2,2,12282.3,3,LAMP_FAILURE
SL-0282,0.4801,228.71,825.1,31.5,1,11775.8,2,WORKING
SL-0283,0.1362,300.49,490.9,48.5,2,11796.0,4,VOLTAGE_ANOMALY
SL-0284,0.4988,234.18,917.3,35.0,0,13008.4,0,WORKING
SL-0285,0.3748,264.77,517.3,49.3,0,44216.8,2,VOLTAGE_ANOMALY
SL-0286,0.449,229.49,820.5,34.7,0,10504.0,2,WORKING
SL-0287,0.0,11.91,7.2,24.9,2,24367.9,4,POWER_FAILURE
SL-0288,0.4153,232.45,1083.6,25.8,1,43857.0,0,SENSOR_FAILURE
SL-0289,0.464,228.47,968.8,32.1,0,10006.1,2,WORKING
SL-0290,0.4117,223.84,976.2,36.7,0,44286.0,2,WORKING
SL-0291,0.2845,271.94,827.4,54.9,0,10021.6,2,VOLTAGE_ANOMALY
SL-0292,0.0157,226.48,15.3,22.9,1,39430.9,1,LAMP_FAILURE
SL-0293,0.4509,227.86,843.9,25.9,0,24522.1,1,WORKING
SL-0294,0.6177,129.54,314.7,22.8,0,48203.6,3,VOLTAGE_ANOMALY
SL-0295,0.0,20.42,0.0,25.9,2,25627.1,2,POWER_FAILURE
SL-0296,0.0,14.3,0.8,23.5,2,39929.0,2,POWER_FAILURE
SL-0297,0.1465,230.44,72.6,24.6,1,10773.5,4,LAMP_FAILURE
SL-0298,0.3355,270.33,741.4,66.2,0,31542.6,4,VOLTAGE_ANOMALY
SL-0299,0.0307,233.62,15.8,20.4,0,53415.5,4,LAMP_FAILURE
SL-0300,0.4145,230.85,915.8,34.4,0,38675.0,1,WORKING
SL-0301,0.4565,225.76,732.8,34.0,0,4072.1,1,WORKING
SL-0302,0.4489,226.81,877.3,36.5,0,49617.4,2,WORKING
SL-0303,0.012,237.55,12.2,33.8,1,43626.2,5,LAMP_FAILURE
SL-0304,0.0588,222.77,20.5,28.1,2,15695.7,4,LAMP_FAILURE
SL-0305,0.0463,226.71,2.3,31.0,2,55086.8,1,LAMP_FAILURE
SL-0306,0.4568,226.57,1922.9,45.9,0,32914.9,0,SENSOR_FAILURE
SL-0307,0.4255,230.28,671.5,33.0,0,37197.1,1,WORKING
SL-0308,0.4273,239.21,1774.4,46.3,0,39374.1,2,SENSOR_FAILURE
SL-0309,0.3991,231.98,1003.5,37.1,0,31478.8,0,WORKING
SL-0310,0.4992,228.27,899.9,43.6,0,10164.7,1,WORKING
SL-0311,0.0143,9.11,7.6,23.9,2,16673.3,3,POWER_FAILURE
SL-0312,0.018,0.0,0.0,22.8,1,21889.5,1,POWER_FAILURE
SL-0313,0.0,0.0,0.0,29.1,2,35183.0,3,POWER_FAILURE
SL-0314,0.4822,147.72,257.6,34.2,2,32553.7,3,VOLTAGE_ANOMALY
SL-0315,0.46,230.55,915.2,31.3,1,44764.5,2,WORKING
SL-0316,0.1594,218.37,51.8,18.8,1,29918.6,3,LAMP_FAILURE
SL-0317,0.4082,229.82,1000.5,25.0,0,6626.6,2,SENSOR_FAILURE
SL-0318,0.0101,224.17,12.5,29.6,1,7486.4,1,LAMP_FAILURE
SL-0319,0.4923,228.61,622.7,31.9,0,47301.0,1,WORKING
SL-0320,0.4701,227.17,1009.1,26.6,1,37147.9,0,WORKING
SL-0321,0.356,228.79,629.8,40.0,0,43020.0,2,WORKING
SL-0322,0.3635,230.77,734.9,34.3,0,25691.3,1,WORKING
SL-0323,0.4191,149.65,238.5,26.9,0,44375.5,1,VOLTAGE_ANOMALY
SL-0324,0.0,4.86,0.0,22.5,2,47995.4,3,POWER_FAILURE
SL-0325,0.779,108.62,119.8,31.7,0,26170.3,2,VOLTAGE_ANOMALY
SL-0326,0.1747,229.54,26.3,27.6,1,55155.2,5,LAMP_FAILURE
SL-0327,0.2648,302.35,759.7,43.2,0,17870.7,4,VOLTAGE_ANOMALY
SL-0328,0.8058,102.2,352.7,33.8,0,47549.2,0,VOLTAGE_ANOMALY
SL-0329,0.7515,122.28,305.1,34.4,0,30885.3,4,VOLTAGE_ANOMALY
SL-0330,0.685,116.6,91.9,23.0,2,32736.8,1,VOLTAGE_ANOMALY
SL-0331,0.2341,264.56,882.8,42.8,1,14317.6,4,VOLTAGE_ANOMALY
SL-0332,0.4963,228.55,749.1,27.5,0,32962.7,1,WORKING
SL-0333,0.4542,228.85,706.1,35.5,1,37361.5,3,SENSOR_FAILURE
SL-0334,0.0178,0.0,0.0,26.3,2,20020.6,0,POWER_FAILURE
SL-0335,0.3187,235.3,1990.1,40.7,0,4548.1,3,SENSOR_FAILURE
SL-0336,0.0494,230.61,0.0,26.8,0,33700.2,4,LAMP_FAILURE
SL-0337,0.0557,221.51,12.7,21.1,1,25537.9,5,LAMP_FAILURE
SL-0338,0.0485,229.77,0.0,26.9,2,51517.9,5,LAMP_FAILURE
SL-0339,0.4356,226.38,804.8,35.0,1,31752.4,2,SENSOR_FAILURE
SL-0340,0.5193,155.87,90.3,26.1,0,37372.8,2,VOLTAGE_ANOMALY
SL-0341,0.3769,273.25,720.0,65.7,0,34376.4,0,VOLTAGE_ANOMALY
SL-0342,0.0399,226.79,4.6,25.4,1,40748.8,1,LAMP_FAILURE
SL-0343,0.0147,238.97,4.8,19.8,2,10363.5,4,LAMP_FAILURE
SL-0344,0.0284,14.46,2.2,20.1,2,20265.5,4,POWER_FAILURE
SL-0345,0.5264,229.37,440.2,40.8,0,49582.3,2,SENSOR_FAILURE
SL-0346,0.0207,1.36,2.9,25.8,1,43611.9,2,POWER_FAILURE
SL-0347,0.4113,232.46,953.5,30.6,0,44425.6,1,WORKING
SL-0348,0.2822,276.16,546.8,66.2,1,26670.2,0,VOLTAGE_ANOMALY
SL-0349,0.2411,280.28,591.1,51.9,1,20259.9,3,VOLTAGE_ANOMALY
SL-0350,0.4051,237.09,1655.6,38.5,0,18105.8,0,SENSOR_FAILURE
SL-0351,0.0228,12.36,0.0,22.6,2,49555.4,3,POWER_FAILURE
SL-0352,0.0,0.0,8.1,33.8,2,47613.2,0,POWER_FAILURE
SL-0353,0.5984,157.88,264.9,24.0,1,32232.2,1,VOLTAGE_ANOMALY
SL-0354,0.3502,226.22,1001.0,38.8,0,32417.7,2,WORKING
SL-0355,0.4053,221.84,0.0,33.0,0,41809.4,3,SENSOR_FAILURE
SL-0356,0.0383,227.56,26.4,34.0,1,32305.7,4,LAMP_FAILURE
SL-0357,0.0349,0.0,3.0,18.1,2,33493.9,3,POWER_FAILURE
SL-0358,0.4799,232.66,20.1,34.7,0,48010.4,3,SENSOR_FAILURE
SL-0359,0.3585,225.87,1103.0,36.9,2,33917.0,1,SENSOR_FAILURE
SL-0360,0.6822,133.45,213.2,35.2,1,32106.6,3,VOLTAGE_ANOMALY
SL-0361,0.4059,234.32,1594.3,47.2,0,46274.2,0,SENSOR_FAILURE
SL-0362,0.0,4.8,2.5,28.7,1,10385.5,0,POWER_FAILURE
SL-0363,0.0067,7.86,0.0,21.8,1,30994.8,0,POWER_FAILURE
SL-0364,0.2913,307.18,675.8,62.2,2,2225.1,3,VOLTAGE_ANOMALY
SL-0365,0.0376,229.83,12.2,29.0,2,33523.0,1,LAMP_FAILURE
SL-0366,0.4976,230.41,853.6,30.7,0,31007.4,1,WORKING
SL-0367,0.4459,226.58,896.9,34.1,0,38801.2,1,WORKING
SL-0368,0.0009,0.0,0.0,37.8,2,38757.8,1,POWER_FAILURE
SL-0369,0.0148,3.31,0.0,26.9,1,34009.0,0,POWER_FAILURE
SL-0370,0.4645,154.94,334.4,32.2,1,21674.2,0,VOLTAGE_ANOMALY
SL-0371,0.0288,0.0,0.1,29.2,2,18195.9,1,POWER_FAILURE
SL-0372,0.0,14.26,0.0,23.3,2,32895.0,3,POWER_FAILURE
SL-0373,0.0333,5.4,9.0,27.7,1,34997.8,4,POWER_FAILURE
SL-0374,0.2626,227.41,495.3,55.4,0,23292.2,2,SENSOR_FAILURE
SL-0375,0.4206,223.34,1500.5,32.5,2,38438.9,1,SENSOR_FAILURE
SL-0376,0.4672,230.88,11.1,20.0,2,48626.3,3,SENSOR_FAILURE
SL-0377,0.4967,232.91,617.0,39.9,0,5980.6,0,WORKING
SL-0378,0.0477,226.24,4.1,36.9,2,52531.7,2,LAMP_FAILURE
SL-0379,0.0117,235.64,0.0,38.4,1,48289.5,1,LAMP_FAILURE
SL-0380,0.5482,133.72,167.0,34.0,1,8506.4,2,VOLTAGE_ANOMALY
SL-0381,0.3797,232.67,746.3,40.7,0,14002.3,2,WORKING
SL-0382,0.4137,230.51,830.9,27.2,0,9268.1,1,WORKING
SL-0383,0.3492,241.17,1415.8,34.5,0,24815.5,0,SENSOR_FAILURE
SL-0384,0.4197,228.01,880.3,38.1,0,48025.0,1,WORKING
SL-0385,0.3416,231.66,1676.6,58.1,0,26438.8,0,SENSOR_FAILURE
SL-0386,0.3732,275.14,854.3,31.4,0,43735.8,1,VOLTAGE_ANOMALY
SL-0387,0.4456,221.84,4.8,48.8,2,22697.1,0,SENSOR_FAILURE
SL-0388,0.3822,220.51,222.3,48.2,1,31777.4,3,SENSOR_FAILURE
SL-0389,0.0181,6.43,8.1,37.0,1,5653.1,1,POWER_FAILURE
SL-0390,0.4224,231.61,951.6,37.9,0,28836.0,1,WORKING
SL-0391,0.3185,227.76,1071.4,40.6,1,33709.8,2,SENSOR_FAILURE
SL-0392,0.0,7.32,0.0,32.7,2,12499.9,1,POWER_FAILURE
SL-0393,0.4075,223.55,1385.9,23.4,1,26602.7,2,SENSOR_FAILURE
SL-0394,0.3879,229.53,862.4,32.2,0,20481.1,0,WORKING
SL-0395,0.0481,232.22,0.0,28.5,1,5417.8,2,LAMP_FAILURE
SL-0396,0.8158,103.25,135.0,28.9,1,24658.1,2,VOLTAGE_ANOMALY
SL-0397,0.057,224.91,0.0,26.0,2,31047.7,1,LAMP_FAILURE
SL-0398,0.3858,175.46,291.6,29.0,0,10496.0,0,VOLTAGE_ANOMALY
SL-0399,0.3057,278.08,609.9,72.6,0,23192.8,1,VOLTAGE_ANOMALY
SL-0400,0.0299,0.0,11.2,25.8,2,4201.2,2,POWER_FAILURE
SL-0401,0.4529,231.17,982.1,38.9,0,24653.3,0,WORKING
SL-0402,0.418,228.66,787.9,31.8,0,3083.5,1,WORKING
SL-0403,0.3711,227.27,881.9,38.6,0,48021.0,1,WORKING
SL-0404,0.2845,268.85,537.8,49.8,0,15606.0,2,VOLTAGE_ANOMALY
SL-0405,0.4896,229.66,634.8,31.5,0,26536.5,1,WORKING
SL-0406,0.4873,230.93,678.1,35.9,0,40632.9,1,WORKING
SL-0407,0.4667,221.81,757.0,41.5,1,22770.9,0,SENSOR_FAILURE
SL-0408,0.0461,233.93,0.0,29.8,2,13561.7,2,LAMP_FAILURE
SL-0409,0.2527,301.16,925.5,58.1,2,3652.3,0,VOLTAGE_ANOMALY
SL-0410,0.4056,227.68,909.8,33.6,1,22294.9,0,WORKING
SL-0411,0.0242,238.11,26.2,31.8,1,32086.6,5,LAMP_FAILURE
SL-0412,0.4276,229.28,781.7,31.0,0,19234.4,2,WORKING
SL-0413,0.8165,115.67,93.4,18.2,1,6842.0,0,VOLTAGE_ANOMALY
SL-0414,0.5069,231.38,0.0,29.1,0,820.3,1,SENSOR_FAILURE
SL-0415,0.4463,227.25,871.3,25.1,0,24279.2,2,WORKING
SL-0416,0.7829,100.63,50.8,29.7,0,25500.8,0,VOLTAGE_ANOMALY
SL-0417,0.0,11.63,0.0,24.2,1,30393.7,3,POWER_FAILURE
SL-0418,0.0121,229.13,0.0,38.1,1,5285.8,4,LAMP_FAILURE
SL-0419,0.0086,1.7,0.8,17.9,2,13238.1,2,POWER_FAILURE
SL-0420,0.3182,262.7,761.7,50.3,1,23132.6,4,VOLTAGE_ANOMALY
SL-0421,0.4207,226.64,849.0,28.7,0,16817.7,2,WORKING
SL-0422,0.0,5.1,0.9,21.8,2,18033.8,3,POWER_FAILURE
SL-0423,0.0008,227.62,22.0,26.1,2,13840.2,1,LAMP_FAILURE
SL-0424,0.3655,228.54,635.2,36.2,0,44692.7,0,WORKING
SL-0425,0.2707,261.94,378.2,52.8,0,42843.4,3,VOLTAGE_ANOMALY
SL-0426,0.0254,11.1,6.2,27.1,2,22840.4,2,POWER_FAILURE
SL-0427,0.4542,226.63,846.5,37.3,1,34523.2,0,WORKING
SL-0428,0.2699,231.12,11.7,16.6,0,31986.9,3,SENSOR_FAILURE
SL-0429,0.0524,226.36,9.2,34.6,0,24097.3,1,LAMP_FAILURE
SL-0430,0.6715,121.11,51.4,26.0,0,1522.3,2,VOLTAGE_ANOMALY
SL-0431,0.4102,228.17,881.0,31.7,0,2682.2,1,WORKING
SL-0432,0.4717,232.11,377.9,24.3,0,43826.6,2,SENSOR_FAILURE
SL-0433,0.3899,233.18,2.0,42.6,0,47982.5,1,SENSOR_FAILURE
SL-0434,0.4088,226.33,1309.0,73.9,1,10058.2,1,SENSOR_FAILURE
SL-0435,0.3811,227.52,753.1,37.6,0,18364.1,2,WORKING
SL-0436,0.3941,236.42,1195.2,10.0,1,27695.2,3,SENSOR_FAILURE
SL-0437,0.4245,229.49,1499.4,29.7,0,17419.2,1,SENSOR_FAILURE
SL-0438,0.1254,228.85,27.1,27.8,1,17400.0,1,LAMP_FAILURE
SL-0439,0.0325,222.92,2.0,32.6,2,57757.1,4,LAMP_FAILURE
SL-0440,0.3358,225.24,1484.7,33.2,0,23789.3,2,SENSOR_FAILURE
SL-0441,0.0238,228.27,17.4,22.3,1,35057.9,5,LAMP_FAILURE
SL-0442,0.2984,230.68,28.4,37.7,0,48739.6,3,SENSOR_FAILURE
SL-0443,0.2862,260.05,619.8,30.3,0,42703.0,4,VOLTAGE_ANOMALY
SL-0444,0.4072,229.1,0.0,69.8,2,26173.7,3,SENSOR_FAILURE
SL-0445,0.0272,235.36,0.6,27.8,2,33189.3,4,LAMP_FAILURE
SL-0446,0.0215,219.09,20.7,35.8,2,17355.1,1,LAMP_FAILURE
SL-0447,0.0217,223.5,15.2,33.8,0,7051.0,2,LAMP_FAILURE
SL-0448,0.4962,228.0,676.8,33.1,0,21505.4,1,WORKING
SL-0449,0.4574,226.39,0.0,23.6,0,3877.3,1,SENSOR_FAILURE
SL-0450,0.2819,285.61,756.8,53.8,0,13867.6,2,VOLTAGE_ANOMALY
SL-0451,0.8059,100.4,97.8,23.9,0,5378.5,3,VOLTAGE_ANOMALY
SL-0452,0.0298,231.51,10.2,28.5,2,58703.8,2,LAMP_FAILURE
SL-0453,0.0332,0.0,0.0,29.8,1,11748.6,0,POWER_FAILURE
SL-0454,0.0442,230.35,0.0,35.7,2,31799.9,2,LAMP_FAILURE
SL-0455,0.0296,0.8,3.0,27.0,2,33980.2,2,POWER_FAILURE
SL-0456,0.3241,274.47,662.7,60.3,1,41836.8,1,VOLTAGE_ANOMALY
SL-0457,0.1961,297.82,327.4,65.3,0,48846.5,2,VOLTAGE_ANOMALY
SL-0458,0.5863,115.07,153.8,39.9,1,46193.9,2,VOLTAGE_ANOMALY
SL-0459,0.4448,232.03,887.9,37.7,1,26893.1,0,WORKING
SL-0460,0.0265,11.3,8.8,27.8,1,23745.4,4,POWER_FAILURE
SL-0461,0.3752,230.92,712.1,38.7,0,42053.8,0,WORKING
SL-0462,0.2062,298.88,233.0,50.0,0,25636.5,0,VOLTAGE_ANOMALY
SL-0463,0.0107,7.27,0.0,25.7,0,27478.2,1,POWER_FAILURE
SL-0464,0.3706,222.09,0.0,24.7,1,28139.3,3,SENSOR_FAILURE
SL-0465,0.4676,229.02,920.9,38.0,0,43365.2,2,WORKING
SL-0466,0.0568,236.22,0.0,14.9,1,16994.3,4,LAMP_FAILURE
SL-0467,0.7021,127.22,107.1,37.7,0,16518.5,1,VOLTAGE_ANOMALY
SL-0468,0.2225,299.36,874.8,47.4,1,41149.8,2,VOLTAGE_ANOMALY
SL-0469,0.0093,0.0,0.0,21.9,2,47515.2,1,POWER_FAILURE
SL-0470,0.6011,120.56,143.2,45.2,0,5601.7,4,VOLTAGE_ANOMALY
SL-0471,0.35,232.31,0.0,61.5,0,42979.2,3,SENSOR_FAILURE
SL-0472,0.0002,10.71,2.1,24.4,0,8968.9,0,POWER_FAILURE
SL-0473,0.0407,228.53,14.5,34.4,1,22212.8,2,LAMP_FAILURE
SL-0474,0.0933,233.63,41.3,37.7,1,51998.2,1,LAMP_FAILURE
SL-0475,0.4241,225.92,965.4,41.9,0,48674.7,1,WORKING
SL-0476,0.3824,234.39,1006.6,39.1,0,42828.0,1,WORKING
SL-0477,0.0547,228.13,6.4,25.6,1,16449.2,2,LAMP_FAILURE
SL-0478,0.0289,2.17,0.1,18.1,2,48413.7,1,POWER_FAILURE
SL-0479,0.3954,227.51,882.3,31.5,0,28431.1,2,WORKING
SL-0480,0.049,225.88,17.7,26.5,1,46384.3,1,LAMP_FAILURE
SL-0481,0.0,19.48,1.5,23.4,2,17501.6,3,POWER_FAILURE
SL-0482,0.4835,228.8,702.0,32.7,0,10282.8,1,WORKING
SL-0483,0.3979,223.72,1269.7,37.1,2,3640.7,1,SENSOR_FAILURE
SL-0484,0.5391,223.65,204.0,78.5,1,4099.9,2,SENSOR_FAILURE
SL-0485,0.253,291.46,596.5,42.6,1,42962.3,1,VOLTAGE_ANOMALY
SL-0486,0.4662,231.57,1001.4,36.0,0,36026.2,0,WORKING
SL-0487,0.2101,288.84,259.6,52.5,1,46453.2,0,VOLTAGE_ANOMALY
SL-0488,0.3662,306.38,263.6,45.0,0,28699.8,3,VOLTAGE_ANOMALY
SL-0489,0.4248,234.58,868.1,53.9,1,9142.0,3,SENSOR_FAILURE
SL-0490,0.0343,219.52,0.0,30.5,1,17456.4,4,LAMP_FAILURE
SL-0491,0.3532,229.37,765.6,24.9,0,5991.2,2,WORKING
SL-0492,0.4238,218.31,0.0,33.7,2,38493.0,2,SENSOR_FAILURE
SL-0493,0.5716,226.64,31.5,40.2,0,3633.7,0,SENSOR_FAILURE
SL-0494,0.2346,306.97,842.2,43.8,0,8882.4,1,VOLTAGE_ANOMALY
SL-0495,0.4625,229.89,773.0,28.3,0,29116.3,1,WORKING
SL-0496,0.388,229.28,813.7,43.1,0,25279.9,2,WORKING
SL-0497,0.1175,230.26,33.9,23.2,1,26163.4,3,LAMP_FAILURE
SL-0498,0.4923,229.73,868.0,36.3,0,17891.7,1,WORKING
SL-0499,0.4929,226.81,889.0,33.4,0,42922.0,1,WORKING
SL-0500,0.0472,4.02,1.6,31.0,1,45084.1,4,POWER_FAILURE
SL-0501,0.3909,226.77,998.4,42.5,0,39210.6,1,WORKING
SL-0502,0.1061,233.04,44.1,27.6,1,33695.6,1,LAMP_FAILURE
SL-0503,0.4217,226.09,936.9,26.8,0,12141.0,1,WORKING
SL-0504,0.382,224.34,660.4,33.0,0,29392.2,2,WORKING
SL-0505,0.0001,224.17,15.9,28.8,1,37283.9,2,LAMP_FAILURE
SL-0506,0.443,237.0,19.3,40.5,0,23893.3,3,SENSOR_FAILURE
SL-0507,0.025,0.0,8.1,32.1,1,35209.8,3,POWER_FAILURE
SL-0508,0.0368,227.75,3.2,32.5,0,26608.1,5,LAMP_FAILURE
SL-0509,0.0529,8.04,0.4,19.8,1,17729.8,4,POWER_FAILURE
SL-0510,0.0207,4.6,0.0,20.2,1,1384.6,2,POWER_FAILURE
SL-0511,0.4394,230.17,608.5,35.5,0,43065.4,1,WORKING
SL-0512,0.4359,228.97,947.1,39.9,0,19013.2,1,WORKING
SL-0513,0.0305,226.29,25.5,26.7,1,28192.7,1,LAMP_FAILURE
SL-0514,0.0,15.38,2.9,23.2,2,43977.4,1,POWER_FAILURE
SL-0515,0.0128,6.83,2.6,20.8,1,15213.0,3,POWER_FAILURE
SL-0516,0.1781,234.27,65.7,25.9,2,48214.9,1,LAMP_FAILURE
SL-0517,0.4355,228.38,0.7,28.1,1,3950.8,2,SENSOR_FAILURE
SL-0518,0.0489,238.99,0.0,30.9,2,17835.7,2,LAMP_FAILURE
SL-0519,0.1082,220.42,76.6,25.4,1,11908.4,1,LAMP_FAILURE
SL-0520,0.022,8.13,0.0,22.1,2,36449.6,0,POWER_FAILURE
SL-0521,0.0,6.7,11.0,22.2,2,3579.5,4,POWER_FAILURE
SL-0522,0.3818,228.8,718.8,29.9,0,16643.4,2,WORKING
SL-0523,0.0,12.61,3.5,21.0,2,16056.2,0,POWER_FAILURE
SL-0524,0.3674,230.45,959.2,35.1,0,33405.6,0,WORKING
SL-0525,0.3503,229.58,907.3,39.3,0,2440.2,2,WORKING
SL-0526,0.459,228.83,0.0,51.5,1,39751.6,1,SENSOR_FAILURE
SL-0527,0.0189,16.01,0.0,20.9,2,48232.5,2,POWER_FAILURE
SL-0528,0.4554,154.92,103.2,33.5,1,1117.0,2,VOLTAGE_ANOMALY
SL-0529,0.5103,157.67,155.4,24.3,0,39574.4,4,VOLTAGE_ANOMALY
SL-0530,0.0174,11.08,7.9,27.5,2,11934.0,2,POWER_FAILURE
SL-0531,0.1891,275.33,596.8,57.5,2,9736.3,3,VOLTAGE_ANOMALY
SL-0532,0.5126,150.39,355.3,33.6,1,20998.2,4,VOLTAGE_ANOMALY
SL-0533,0.4733,224.57,901.2,20.2,0,23736.2,1,SENSOR_FAILURE
SL-0534,0.3749,226.45,835.1,41.9,0,41776.2,0,WORKING
SL-0535,0.5547,165.51,306.7,20.7,1,44392.4,2,VOLTAGE_ANOMALY
SL-0536,0.0117,9.08,2.8,15.7,2,42216.4,3,POWER_FAILURE
SL-0537,0.3907,232.37,1934.6,43.7,1,901.6,3,SENSOR_FAILURE
SL-0538,0.019,6.59,0.6,35.7,2,35641.0,1,POWER_FAILURE
SL-0539,0.2923,298.81,674.9,62.5,2,31000.5,1,VOLTAGE_ANOMALY
SL-0540,0.0215,228.31,3.9,31.5,0,29678.4,3,LAMP_FAILURE
SL-0541,0.4457,230.02,667.5,29.0,0,40210.7,1,WORKING
SL-0542,0.2937,277.13,869.6,70.9,2,28220.4,0,VOLTAGE_ANOMALY
SL-0543,0.0153,4.74,0.0,22.0,1,40915.6,1,POWER_FAILURE
SL-0544,0.6113,154.36,191.7,28.2,1,4754.1,1,VOLTAGE_ANOMALY
SL-0545,0.2552,271.5,740.8,36.3,0,11593.5,4,VOLTAGE_ANOMALY
SL-0546,0.0349,230.19,14.0,26.2,2,46460.1,4,LAMP_FAILURE
SL-0547,0.0111,12.3,1.0,25.7,2,47563.6,1,POWER_FAILURE
SL-0548,0.0017,0.28,5.1,27.1,2,20858.2,0,POWER_FAILURE
SL-0549,0.0381,219.62,9.5,25.8,2,27915.3,5,LAMP_FAILURE
SL-0550,0.0,7.22,1.9,29.9,1,7705.8,0,POWER_FAILURE
SL-0551,0.4561,228.06,0.0,38.0,0,4559.3,1,SENSOR_FAILURE
SL-0552,0.0262,237.36,4.9,34.7,1,14809.6,2,LAMP_FAILURE
SL-0553,0.288,281.87,891.7,54.8,0,32031.9,1,VOLTAGE_ANOMALY
SL-0554,0.368,234.44,1336.0,31.8,2,35619.3,0,SENSOR_FAILURE
SL-0555,0.4089,224.8,654.7,35.7,0,32947.8,2,WORKING
SL-0556,0.419,231.41,35.5,33.6,1,43924.4,0,SENSOR_FAILURE
SL-0557,0.4245,229.71,749.4,25.4,0,21159.5,0,WORKING
SL-0558,0.4468,234.78,786.1,66.3,2,45572.5,1,SENSOR_FAILURE
SL-0559,0.3983,235.95,28.0,44.0,0,31551.9,0,SENSOR_FAILURE
SL-0560,0.0406,228.19,20.4,13.3,1,17725.8,2,LAMP_FAILURE
SL-0561,0.6686,118.83,165.0,30.8,1,30115.8,1,VOLTAGE_ANOMALY
SL-0562,0.366,230.58,682.5,38.2,0,5193.7,0,WORKING
SL-0563,0.4484,231.07,760.3,28.0,0,8543.3,1,WORKING
SL-0564,0.2551,276.6,665.9,44.9,1,22206.4,4,VOLTAGE_ANOMALY
SL-0565,0.6547,125.96,75.1,37.7,0,11027.8,2,VOLTAGE_ANOMALY
SL-0566,0.3378,284.19,583.5,27.4,0,5674.5,2,VOLTAGE_ANOMALY
SL-0567,0.468,233.78,869.9,30.6,0,35349.4,1,WORKING
SL-0568,0.4865,229.51,710.1,33.7,0,12433.0,2,WORKING
SL-0569,0.0,11.97,1.4,22.2,2,27734.2,1,POWER_FAILURE
SL-0570,0.037,5.09,3.9,16.1,1,43590.2,2,POWER_FAILURE
SL-0571,0.011,233.55,11.1,26.1,1,48270.6,3,LAMP_FAILURE
SL-0572,0.3959,228.5,671.3,33.6,0,26170.4,0,WORKING
SL-0573,0.3897,227.15,899.7,38.7,0,11611.3,0,WORKING
SL-0574,0.1611,231.4,73.3,29.8,1,47020.5,3,LAMP_FAILURE
SL-0575,0.6169,128.33,175.5,31.9,2,11110.5,2,VOLTAGE_ANOMALY
SL-0576,0.5268,228.32,471.3,31.7,0,36809.5,2,SENSOR_FAILURE
SL-0577,0.0081,230.97,0.8,30.7,2,29971.8,4,LAMP_FAILURE
SL-0578,0.4864,228.72,607.2,41.0,0,31233.3,0,WORKING
SL-0579,0.0068,5.17,4.4,24.1,2,45428.0,0,POWER_FAILURE
SL-0580,0.3846,229.32,830.4,32.8,0,49501.7,0,WORKING
SL-0581,0.4801,229.93,665.1,35.4,0,17144.7,1,WORKING
SL-0582,0.4216,223.67,1934.0,34.8,0,8698.1,2,SENSOR_FAILURE
SL-0583,0.0477,232.19,4.9,21.3,2,51652.1,4,LAMP_FAILURE
SL-0584,0.4222,232.12,1749.1,38.5,2,4521.2,1,SENSOR_FAILURE
SL-0585,0.4989,229.2,677.5,36.5,0,33940.2,1,WORKING
SL-0586,0.5013,176.94,147.7,40.2,0,5422.2,0,VOLTAGE_ANOMALY
SL-0587,0.0175,222.56,0.0,24.9,1,34632.0,4,LAMP_FAILURE
SL-0588,0.6866,121.53,179.7,33.1,0,4149.2,3,VOLTAGE_ANOMALY
SL-0589,0.3546,229.01,821.4,34.0,0,38992.9,2,WORKING
SL-0590,0.5211,223.95,1922.8,45.7,2,23660.0,1,SENSOR_FAILURE
SL-0591,0.4608,225.12,571.6,52.4,0,42921.1,1,SENSOR_FAILURE
SL-0592,0.0425,0.79,0.0,24.8,2,49467.2,4,POWER_FAILURE
SL-0593,0.4449,227.02,939.0,31.0,0,8528.1,1,WORKING
SL-0594,0.0076,230.96,17.2,32.6,1,32781.3,4,LAMP_FAILURE
SL-0595,0.178,230.57,22.7,24.7,2,26630.5,5,LAMP_FAILURE
SL-0596,0.3864,221.29,0.0,40.6,2,11967.9,3,SENSOR_FAILURE
SL-0597,0.3883,221.74,1959.5,64.4,2,33700.8,3,SENSOR_FAILURE
SL-0598,0.4581,179.8,45.9,33.6,0,26890.6,4,VOLTAGE_ANOMALY
SL-0599,0.0278,237.33,9.3,38.4,1,40069.7,2,LAMP_FAILURE
SL-0600,0.4044,235.32,0.0,46.7,2,17690.8,1,SENSOR_FAILURE
SL-0601,0.0,3.66,4.6,20.2,1,39907.4,4,POWER_FAILURE
SL-0602,0.0138,226.94,11.7,26.9,1,15735.7,5,LAMP_FAILURE
SL-0603,0.2812,229.88,542.1,32.6,0,5552.8,3,SENSOR_FAILURE
SL-0604,0.0279,0.0,6.3,18.6,2,9225.4,2,POWER_FAILURE
SL-0605,0.2547,303.66,486.5,67.3,1,39804.0,4,VOLTAGE_ANOMALY
SL-0606,0.3749,232.96,799.7,32.9,1,12533.8,1,WORKING
SL-0607,0.0,0.0,11.1,24.9,2,24740.8,3,POWER_FAILURE
SL-0608,0.0065,8.05,0.0,29.5,1,14684.0,1,POWER_FAILURE
SL-0609,0.364,220.51,961.5,31.2,0,19224.2,1,SENSOR_FAILURE
SL-0610,0.3034,296.21,526.8,63.4,1,49413.9,2,VOLTAGE_ANOMALY
SL-0611,0.4682,151.65,134.5,41.3,0,1968.2,4,VOLTAGE_ANOMALY
SL-0612,0.6417,155.03,285.2,26.2,1,45861.3,0,VOLTAGE_ANOMALY
SL-0613,0.484,228.65,690.6,39.5,0,33365.9,2,WORKING
SL-0614,0.0122,0.0,4.5,20.7,2,41691.0,3,POWER_FAILURE
SL-0615,0.0204,0.0,5.4,24.8,2,2502.8,2,POWER_FAILURE
SL-0616,0.2879,277.96,370.5,52.1,0,48909.6,1,VOLTAGE_ANOMALY
SL-0617,0.4068,228.74,625.6,31.2,0,29201.0,2,WORKING
SL-0618,0.4032,222.82,6.8,19.7,0,14960.6,1,SENSOR_FAILURE
SL-0619,0.3404,240.31,1515.2,21.3,1,39655.1,3,SENSOR_FAILURE
SL-0620,0.4794,224.25,859.5,29.4,0,16423.5,2,WORKING
SL-0621,0.1631,223.61,27.5,34.7,1,25232.2,2,LAMP_FAILURE
SL-0622,0.7621,104.05,289.4,15.8,1,39206.7,1,VOLTAGE_ANOMALY
SL-0623,0.3764,228.32,909.9,38.4,0,8875.3,1,WORKING
SL-0624,0.6136,126.59,70.7,37.5,0,44812.3,0,VOLTAGE_ANOMALY
SL-0625,0.0,0.0,8.6,22.4,2,25397.1,4,POWER_FAILURE
SL-0626,0.0462,225.8,0.0,22.5,1,39894.5,5,LAMP_FAILURE
SL-0627,0.4749,226.91,713.2,33.8,0,7496.8,2,WORKING
SL-0628,0.4258,230.33,19.6,30.8,0,28852.3,0,SENSOR_FAILURE
SL-0629,0.0119,0.0,1.5,27.4,1,14185.3,4,POWER_FAILURE
SL-0630,0.03,5.05,0.2,24.9,2,25456.1,0,POWER_FAILURE
SL-0631,0.247,281.7,553.3,55.0,0,38398.8,4,VOLTAGE_ANOMALY
SL-0632,0.3686,225.95,862.9,41.4,0,40653.1,2,WORKING
SL-0633,0.4492,231.81,634.0,40.0,0,41016.6,2,WORKING
SL-0634,0.0281,232.38,18.0,18.1,0,16077.9,2,LAMP_FAILURE
SL-0635,0.4614,229.59,1247.1,49.3,1,36715.4,1,SENSOR_FAILURE
SL-0636,0.0,1.43,5.5,25.3,0,37300.6,2,POWER_FAILURE
SL-0637,0.7094,114.52,278.5,20.4,1,41936.3,1,VOLTAGE_ANOMALY
SL-0638,0.0273,6.79,1.0,29.9,2,13206.9,4,POWER_FAILURE
SL-0639,0.4722,235.47,800.9,35.3,0,19905.7,1,WORKING
SL-0640,0.369,227.99,933.7,38.1,0,30447.9,0,WORKING
SL-0641,0.0006,232.04,36.1,26.1,1,10920.6,1,LAMP_FAILURE
SL-0642,0.4193,230.28,759.6,36.9,0,35985.0,2,WORKING
SL-0643,0.5524,225.09,678.6,57.8,1,3539.3,3,SENSOR_FAILURE
SL-0644,0.2969,301.48,205.8,53.6,1,4938.6,4,VOLTAGE_ANOMALY
SL-0645,0.287,297.14,933.8,51.5,0,12483.3,0,VOLTAGE_ANOMALY
SL-0646,0.1846,274.53,374.4,46.8,0,20121.4,2,VOLTAGE_ANOMALY
SL-0647,0.405,233.06,816.3,33.4,0,5844.0,2,WORKING
SL-0648,0.0328,216.95,0.0,29.5,1,27972.8,3,LAMP_FAILURE
SL-0649,0.0537,231.21,22.8,37.1,1,23581.3,2,LAMP_FAILURE
SL-0650,0.3658,225.98,759.0,30.6,0,18703.8,1,WORKING
SL-0651,0.505,144.61,199.9,29.8,1,25212.1,2,VOLTAGE_ANOMALY
SL-0652,0.0499,224.37,22.8,27.0,2,11827.8,4,LAMP_FAILURE
SL-0653,0.2231,307.03,537.7,56.8,1,46060.4,1,VOLTAGE_ANOMALY
SL-0654,0.04,0.0,5.3,26.8,1,41751.3,4,POWER_FAILURE
SL-0655,0.0519,14.11,3.3,23.9,2,35854.4,2,POWER_FAILURE
SL-0656,0.4688,228.69,804.4,35.3,0,17622.9,2,WORKING
SL-0657,0.0564,223.05,0.0,32.4,2,54612.7,2,LAMP_FAILURE
SL-0658,0.3837,228.25,769.4,41.2,0,20007.6,2,WORKING
SL-0659,0.0,27.05,3.0,28.0,1,29642.3,3,POWER_FAILURE
SL-0660,0.4883,232.28,7.7,28.9,0,34231.0,2,SENSOR_FAILURE
SL-0661,0.0,8.56,9.2,32.9,2,3213.0,1,POWER_FAILURE
SL-0662,0.4985,222.87,794.4,38.3,0,38710.3,2,WORKING
SL-0663,0.0198,234.97,16.5,45.5,2,13909.3,4,LAMP_FAILURE
SL-0664,0.0282,225.74,0.0,39.1,1,51361.1,1,LAMP_FAILURE
SL-0665,0.0,0.0,5.2,24.1,1,20736.6,4,POWER_FAILURE
SL-0666,0.436,230.4,418.8,35.6,0,28121.0,1,SENSOR_FAILURE
SL-0667,0.1473,303.57,790.1,49.8,1,36760.5,4,VOLTAGE_ANOMALY
SL-0668,0.0485,232.26,2.5,36.2,2,12431.9,3,LAMP_FAILURE
SL-0669,0.3708,232.9,874.0,32.5,0,15779.6,2,WORKING
SL-0670,0.478,230.38,0.5,38.8,1,48408.2,2,SENSOR_FAILURE
SL-0671,0.461,227.52,1287.5,53.8,0,7291.2,0,SENSOR_FAILURE
SL-0672,0.4904,224.58,623.2,34.6,0,46115.6,1,WORKING
SL-0673,0.4188,235.12,870.0,34.5,0,36302.8,1,WORKING
SL-0674,0.4155,233.33,864.1,37.7,0,12566.6,1,WORKING
SL-0675,0.0552,229.94,10.1,18.9,1,25118.1,2,LAMP_FAILURE
SL-0676,0.0566,230.67,13.8,17.5,1,18094.7,1,LAMP_FAILURE
SL-0677,0.4169,232.51,960.0,37.0,0,40460.9,2,WORKING
SL-0678,0.4088,230.99,922.5,30.0,0,11926.7,0,WORKING
SL-0679,0.4529,228.01,717.4,33.7,0,13639.2,0,WORKING
SL-0680,0.0076,223.64,0.0,32.8,0,23986.9,4,LAMP_FAILURE
SL-0681,0.5529,157.68,84.4,26.8,1,47745.9,3,VOLTAGE_ANOMALY
SL-0682,0.0071,220.04,18.9,36.1,2,59567.1,1,LAMP_FAILURE
SL-0683,0.5985,127.7,106.9,26.7,0,39259.2,1,VOLTAGE_ANOMALY
SL-0684,0.016,229.61,0.0,30.6,2,19961.9,1,LAMP_FAILURE
SL-0685,0.4565,233.9,819.5,37.9,1,21326.2,0,WORKING
SL-0686,0.2766,298.96,301.0,50.5,1,38307.7,0,VOLTAGE_ANOMALY
SL-0687,0.2556,301.66,761.6,41.6,2,9318.7,0,VOLTAGE_ANOMALY
SL-0688,0.0193,7.4,4.8,19.6,2,25507.5,1,POWER_FAILURE
SL-0689,0.4608,234.31,895.9,30.2,0,9692.4,0,WORKING
SL-0690,0.0,26.79,7.0,32.9,1,8191.9,0,POWER_FAILURE
SL-0691,0.0329,233.26,19.3,31.9,1,50823.2,5,LAMP_FAILURE
SL-0692,0.6726,142.66,261.1,29.5,2,3907.9,3,VOLTAGE_ANOMALY
SL-0693,0.4195,171.96,169.8,28.5,0,21322.2,2,VOLTAGE_ANOMALY
SL-0694,0.0209,227.51,16.0,32.0,2,22544.7,4,LAMP_FAILURE
SL-0695,0.2964,279.51,486.0,57.7,0,33593.2,1,VOLTAGE_ANOMALY
SL-0696,0.3275,228.55,1356.3,83.9,0,41015.4,0,SENSOR_FAILURE
SL-0697,0.4447,225.89,880.1,32.8,0,18742.5,0,WORKING
SL-0698,0.5222,155.19,155.1,28.2,0,42329.0,3,VOLTAGE_ANOMALY
SL-0699,0.3655,227.55,1006.5,70.1,2,35618.2,1,SENSOR_FAILURE
SL-0700,0.2772,308.16,418.2,56.1,1,28322.8,4,VOLTAGE_ANOMALY
SL-0701,0.3798,231.85,728.6,35.0,0,25544.9,2,WORKING
SL-0702,0.4811,228.54,653.2,34.3,1,893.5,0,WORKING
SL-0703,0.7646,108.65,127.8,32.9,0,2375.2,0,VOLTAGE_ANOMALY
SL-0704,0.5735,141.76,171.9,33.7,1,2067.8,2,VOLTAGE_ANOMALY
SL-0705,0.0186,0.0,0.0,26.3,1,39249.8,4,POWER_FAILURE
SL-0706,0.7481,111.82,256.5,27.1,1,41265.2,4,VOLTAGE_ANOMALY
SL-0707,0.4142,230.11,773.0,32.2,0,40921.6,2,WORKING
SL-0708,0.4126,225.48,974.7,30.8,0,6971.3,0,SENSOR_FAILURE
SL-0709,0.2927,260.73,311.5,36.5,1,1207.3,3,VOLTAGE_ANOMALY
SL-0710,0.001,231.73,20.9,21.8,1,8996.2,4,LAMP_FAILURE
SL-0711,0.3723,230.05,859.4,33.7,0,3959.1,2,WORKING
SL-0712,0.5843,146.02,174.4,32.1,1,31654.8,3,VOLTAGE_ANOMALY
SL-0713,0.39,225.58,684.3,29.5,1,25201.9,1,WORKING
SL-0714,0.3071,309.32,188.4,50.4,2,29732.8,4,VOLTAGE_ANOMALY
SL-0715,0.1494,235.92,39.3,29.0,2,8903.3,4,LAMP_FAILURE
SL-0716,0.3899,229.15,633.7,33.4,0,23935.1,2,WORKING
SL-0717,0.0,21.31,7.7,22.3,2,18876.2,0,POWER_FAILURE
SL-0718,0.3985,230.8,1816.8,25.4,1,12698.1,0,SENSOR_FAILURE
SL-0719,0.4606,222.67,24.3,62.7,1,35379.2,0,SENSOR_FAILURE
SL-0720,0.0388,229.94,0.8,16.0,2,10178.3,1,LAMP_FAILURE
SL-0721,0.3909,235.64,0.3,42.6,1,2296.4,3,SENSOR_FAILURE
SL-0722,0.4725,229.12,0.0,44.3,0,15911.0,0,SENSOR_FAILURE
SL-0723,0.3152,302.0,544.7,62.1,1,29246.7,3,VOLTAGE_ANOMALY
SL-0724,0.3793,228.81,1042.5,42.6,1,49206.3,0,SENSOR_FAILURE
SL-0725,0.0087,4.63,6.2,32.3,2,22739.4,4,POWER_FAILURE
SL-0726,0.4496,229.56,816.6,31.7,0,19814.0,1,WORKING
SL-0727,0.0536,228.69,8.8,34.7,1,57483.3,4,LAMP_FAILURE
SL-0728,0.4701,233.63,695.0,25.1,0,48134.1,2,WORKING
SL-0729,0.0399,238.31,10.5,30.2,0,26649.6,4,LAMP_FAILURE
SL-0730,0.0475,228.42,14.4,27.1,1,12498.7,5,LAMP_FAILURE
SL-0731,0.0097,3.61,3.5,25.6,1,29793.7,0,POWER_FAILURE
SL-0732,0.0326,6.4,9.1,29.8,2,12815.4,2,POWER_FAILURE
SL-0733,0.4618,227.26,719.7,43.1,0,46407.5,1,WORKING
SL-0734,0.585,164.07,24.5,34.6,0,33488.1,3,VOLTAGE_ANOMALY
SL-0735,0.4729,230.91,714.1,33.7,0,48600.5,0,WORKING
SL-0736,0.0356,0.0,8.1,30.8,2,1527.4,0,POWER_FAILURE
SL-0737,0.3929,232.06,695.9,41.3,0,37105.1,0,WORKING
SL-0738,0.0079,9.26,0.0,26.4,1,20560.0,2,POWER_FAILURE
SL-0739,0.1623,240.8,75.7,27.6,1,19672.9,2,LAMP_FAILURE
SL-0740,0.1048,233.05,27.2,30.5,0,46113.5,2,LAMP_FAILURE
SL-0741,0.4553,242.2,0.0,42.6,0,37963.4,2,SENSOR_FAILURE
SL-0742,0.0,3.38,4.6,18.3,2,49489.9,3,POWER_FAILURE
SL-0743,0.2575,291.45,530.2,50.2,0,47542.0,3,VOLTAGE_ANOMALY
SL-0744,0.4074,231.7,0.0,26.8,2,33542.7,2,SENSOR_FAILURE
SL-0745,0.4148,230.26,839.5,37.5,0,2095.6,0,WORKING
SL-0746,0.0144,226.31,12.5,24.8,1,57915.3,3,LAMP_FAILURE
SL-0747,0.0348,220.19,4.6,27.9,1,49047.8,5,LAMP_FAILURE
SL-0748,0.0,7.82,0.0,25.5,0,8106.0,4,POWER_FAILURE
SL-0749,0.3729,231.12,1545.6,24.3,0,48535.4,0,SENSOR_FAILURE
SL-0750,0.0,15.21,0.0,24.4,1,43100.1,3,POWER_FAILURE
SL-0751,0.0003,2.15,3.1,28.1,2,26329.7,0,POWER_FAILURE
SL-0752,0.0,4.65,7.3,26.7,2,29035.7,0,POWER_FAILURE
SL-0753,0.0411,15.57,0.0,17.4,1,13205.0,3,POWER_FAILURE
SL-0754,0.0349,4.58,1.9,26.8,0,4241.1,0,POWER_FAILURE
SL-0755,0.0024,27.8,1.3,24.8,1,47747.0,4,POWER_FAILURE
SL-0756,0.6753,111.28,223.1,31.5,0,17406.3,4,VOLTAGE_ANOMALY
SL-0757,0.4413,178.7,120.9,33.5,2,35680.1,4,VOLTAGE_ANOMALY
SL-0758,0.4095,228.74,731.8,40.2,0,24565.0,1,WORKING
SL-0759,0.1495,227.99,31.3,34.2,1,7737.0,1,LAMP_FAILURE
SL-0760,0.0577,222.61,18.1,30.8,2,6708.0,2,LAMP_FAILURE
SL-0761,0.0034,226.69,15.2,25.9,2,38829.3,3,LAMP_FAILURE
SL-0762,0.0236,227.46,2.7,21.6,0,41127.3,5,LAMP_FAILURE
SL-0763,0.4273,224.26,867.1,32.8,2,45970.4,0,SENSOR_FAILURE
SL-0764,0.4488,171.07,85.5,31.9,0,47701.6,0,VOLTAGE_ANOMALY
SL-0765,0.0273,232.0,3.2,24.2,2,5901.4,4,LAMP_FAILURE
SL-0766,0.5989,136.2,340.6,31.1,0,12399.4,3,VOLTAGE_ANOMALY
SL-0767,0.3804,228.72,666.1,38.6,0,31771.3,1,WORKING
SL-0768,0.0205,17.46,3.7,25.6,1,33736.8,3,POWER_FAILURE
SL-0769,0.4779,231.47,0.0,34.5,0,13797.7,1,SENSOR_FAILURE
SL-0770,0.5666,225.33,18.4,62.3,2,9191.3,2,SENSOR_FAILURE
SL-0771,0.3435,234.06,1837.0,38.8,0,38633.8,1,SENSOR_FAILURE
SL-0772,0.4521,164.17,195.1,26.7,0,18513.3,0,VOLTAGE_ANOMALY
SL-0773,0.3343,224.8,6.3,41.0,2,42075.0,0,SENSOR_FAILURE
SL-0774,0.0531,235.77,30.4,31.4,1,33338.3,5,LAMP_FAILURE
SL-0775,0.0049,223.17,24.1,18.3,1,24327.9,1,LAMP_FAILURE
SL-0776,0.3835,222.32,0.0,47.0,0,6198.7,3,SENSOR_FAILURE
SL-0777,0.0535,16.48,0.9,28.5,2,8777.7,3,POWER_FAILURE
SL-0778,0.006,0.0,1.8,27.9,2,18335.8,2,POWER_FAILURE
SL-0779,0.2635,288.21,418.9,40.3,1,25170.8,4,VOLTAGE_ANOMALY
SL-0780,0.3449,227.53,29.7,24.1,0,38303.9,3,SENSOR_FAILURE
SL-0781,0.2276,272.11,509.0,61.3,2,17613.3,4,VOLTAGE_ANOMALY
SL-0782,0.4774,232.45,644.4,34.6,1,4264.6,1,WORKING
SL-0783,0.3239,280.85,494.8,36.2,1,33142.5,4,VOLTAGE_ANOMALY
SL-0784,0.4826,164.41,188.8,35.6,1,21863.4,3,VOLTAGE_ANOMALY
SL-0785,0.2456,300.52,427.4,41.1,0,8337.9,1,VOLTAGE_ANOMALY
SL-0786,0.0334,0.33,5.4,22.9,0,31364.9,4,POWER_FAILURE
SL-0787,0.38,232.53,682.0,40.3,0,6300.7,0,WORKING
SL-0788,0.465,231.2,1336.4,42.7,2,28982.5,0,SENSOR_FAILURE
SL-0789,0.4077,228.39,635.1,39.5,0,39343.4,1,WORKING
SL-0790,0.4802,229.19,613.7,37.4,0,25051.6,1,WORKING
SL-0791,0.5263,221.46,1476.2,20.8,1,7617.2,2,SENSOR_FAILURE
SL-0792,0.4623,225.35,922.9,31.9,0,11203.8,2,WORKING
SL-0793,0.4217,179.53,55.1,27.0,0,15108.7,3,VOLTAGE_ANOMALY
SL-0794,0.3596,228.45,921.0,38.7,0,22422.9,1,WORKING
SL-0795,0.0284,236.25,0.0,27.3,2,22588.9,3,LAMP_FAILURE
SL-0796,0.3087,226.47,28.8,33.1,2,8081.1,1,SENSOR_FAILURE
SL-0797,0.0116,10.49,6.9,29.6,2,10453.6,0,POWER_FAILURE
SL-0798,0.7665,104.48,303.7,30.3,0,35825.2,1,VOLTAGE_ANOMALY
SL-0799,0.3611,227.83,7.0,45.3,0,1518.5,3,SENSOR_FAILURE
SL-0800,0.0224,0.0,0.0,27.7,2,31338.1,4,POWER_FAILURE
SL-0801,0.8558,106.87,124.6,46.1,0,15275.0,4,VOLTAGE_ANOMALY
SL-0802,0.0406,0.95,2.8,26.2,2,45953.5,2,POWER_FAILURE
SL-0803,0.0373,223.72,15.1,26.8,2,32603.8,1,LAMP_FAILURE
SL-0804,0.0058,11.48,4.6,24.6,2,28021.8,1,POWER_FAILURE
SL-0805,0.0054,1.3,0.0,27.8,1,48155.4,1,POWER_FAILURE
SL-0806,0.4713,233.71,920.2,29.9,0,15392.5,1,WORKING
SL-0807,0.4644,227.43,959.5,47.9,0,5711.6,1,WORKING
SL-0808,0.4221,227.02,887.4,33.0,0,7176.4,1,WORKING
SL-0809,0.161,231.86,24.8,25.9,1,5536.1,2,LAMP_FAILURE
SL-0810,0.0,0.0,9.3,27.4,2,33640.0,4,POWER_FAILURE
SL-0811,0.4204,231.29,701.5,27.4,0,26326.2,2,WORKING
SL-0812,0.034,20.56,8.9,24.5,2,10812.8,0,POWER_FAILURE
SL-0813,0.0261,17.78,0.3,34.4,2,35931.9,1,POWER_FAILURE
SL-0814,0.4045,234.06,4.9,54.4,1,46903.6,1,SENSOR_FAILURE
SL-0815,0.2977,266.3,222.5,45.5,2,26343.0,1,VOLTAGE_ANOMALY
SL-0816,0.4223,232.99,891.8,39.9,0,33127.1,2,WORKING
SL-0817,0.2486,288.81,361.0,66.2,0,12785.6,4,VOLTAGE_ANOMALY
SL-0818,0.3557,261.56,736.0,63.8,1,33378.6,1,VOLTAGE_ANOMALY
SL-0819,0.4223,226.46,5.0,82.5,1,18658.3,1,SENSOR_FAILURE
SL-0820,0.4656,241.91,366.2,46.0,0,26938.1,3,SENSOR_FAILURE
SL-0821,0.4776,235.64,809.6,37.4,0,20005.6,2,WORKING
SL-0822,0.024,4.91,0.0,27.2,2,16617.2,1,POWER_FAILURE
SL-0823,0.0541,224.0,12.6,21.4,1,43277.0,3,LAMP_FAILURE
SL-0824,0.3587,224.26,3.2,33.0,0,39650.4,0,SENSOR_FAILURE
SL-0825,0.4293,218.64,977.8,37.2,0,30219.3,1,SENSOR_FAILURE
SL-0826,0.0015,10.88,10.9,26.0,2,19827.4,3,POWER_FAILURE
SL-0827,0.0,16.52,0.9,23.1,1,15993.3,3,POWER_FAILURE
SL-0828,0.6587,106.43,331.0,20.9,1,16920.1,1,VOLTAGE_ANOMALY
SL-0829,0.397,244.38,701.9,68.0,0,49847.5,1,SENSOR_FAILURE
SL-0830,0.482,229.57,737.1,32.0,0,15936.8,2,SENSOR_FAILURE
SL-0831,0.0099,233.86,7.8,30.4,1,40893.8,5,LAMP_FAILURE
SL-0832,0.3264,227.23,311.9,21.7,2,31996.9,0,SENSOR_FAILURE
SL-0833,0.2764,289.53,610.5,71.6,1,22101.6,3,VOLTAGE_ANOMALY
SL-0834,0.0175,5.37,7.3,27.9,1,24269.3,2,POWER_FAILURE
SL-0835,0.0369,0.0,4.8,32.0,1,45452.8,0,POWER_FAILURE
SL-0836,0.503,227.41,1173.1,30.0,1,18393.7,0,SENSOR_FAILURE
SL-0837,0.5868,233.18,1264.8,48.4,1,7283.3,2,SENSOR_FAILURE
SL-0838,0.0239,226.9,10.5,33.4,2,45847.9,3,LAMP_FAILURE
SL-0839,0.2945,224.29,208.5,35.7,0,23678.5,3,SENSOR_FAILURE
SL-0840,0.4211,221.19,1134.2,53.3,1,6256.4,0,SENSOR_FAILURE
SL-0841,0.0138,13.4,3.0,35.5,1,12708.3,0,POWER_FAILURE
SL-0842,0.3886,229.0,966.9,43.6,0,3981.4,0,WORKING
SL-0843,0.3507,229.0,1975.7,84.1,2,29935.4,3,SENSOR_FAILURE
SL-0844,0.0141,0.0,7.8,16.2,2,32081.8,2,POWER_FAILURE
SL-0845,0.4751,145.5,89.7,32.9,1,38538.2,2,VOLTAGE_ANOMALY
SL-0846,0.0586,234.87,0.0,23.5,2,19683.2,2,LAMP_FAILURE
SL-0847,0.3803,227.46,687.5,44.6,0,26266.2,2,WORKING
SL-0848,0.0052,1.64,0.0,19.4,1,2520.6,0,POWER_FAILURE
SL-0849,0.4213,231.44,663.3,33.0,1,34249.1,2,WORKING
SL-0850,0.0257,4.09,1.4,26.7,1,9640.8,0,POWER_FAILURE
SL-0851,0.0136,6.94,0.0,31.9,2,32324.9,3,POWER_FAILURE
SL-0852,0.3987,215.87,12.8,14.7,1,38361.9,2,SENSOR_FAILURE
SL-0853,0.4247,224.25,827.9,34.3,0,2825.1,2,WORKING
SL-0854,0.4886,232.12,893.4,43.6,0,43366.9,0,WORKING
SL-0855,0.4069,231.14,611.9,29.0,0,7095.7,0,WORKING
SL-0856,0.1756,233.0,49.2,20.8,1,27900.3,3,LAMP_FAILURE
SL-0857,0.4558,233.45,729.8,33.9,0,31020.6,1,WORKING
SL-0858,0.0361,3.88,3.5,26.3,1,15866.3,0,POWER_FAILURE
SL-0859,0.0305,228.15,20.7,36.6,1,16911.5,5,LAMP_FAILURE
SL-0860,0.0547,238.77,21.1,35.0,1,8998.2,4,LAMP_FAILURE
SL-0861,0.4206,227.14,13.2,57.0,0,19028.7,2,SENSOR_FAILURE
SL-0862,0.148,296.26,595.5,41.5,0,40014.7,3,VOLTAGE_ANOMALY
SL-0863,0.4486,243.68,1821.8,25.1,1,48125.6,1,SENSOR_FAILURE
SL-0864,0.3043,283.06,475.0,42.7,2,23692.4,2,VOLTAGE_ANOMALY
SL-0865,0.0,0.0,10.5,22.4,2,28915.6,4,POWER_FAILURE
SL-0866,0.4211,231.81,707.5,32.3,0,9146.5,0,WORKING
SL-0867,0.0548,232.0,19.2,25.0,0,15506.6,4,LAMP_FAILURE
SL-0868,0.3965,228.15,952.0,30.9,0,33277.1,0,WORKING
SL-0869,0.399,219.89,22.9,38.9,2,30784.5,0,SENSOR_FAILURE
SL-0870,0.0079,224.13,10.5,30.7,1,46769.4,3,LAMP_FAILURE
SL-0871,0.2897,221.72,677.3,50.8,0,38731.4,1,SENSOR_FAILURE
SL-0872,0.3194,268.77,625.9,45.3,2,12237.9,3,VOLTAGE_ANOMALY
SL-0873,0.0447,221.48,19.2,33.7,1,20236.8,3,LAMP_FAILURE
SL-0874,0.4612,227.41,602.4,31.2,0,12861.9,1,WORKING
SL-0875,0.2543,293.14,205.9,59.0,1,2193.1,0,VOLTAGE_ANOMALY
SL-0876,0.0,6.99,16.3,23.7,1,33806.4,0,POWER_FAILURE
SL-0877,0.3343,282.32,716.4,45.1,0,33615.1,4,VOLTAGE_ANOMALY
SL-0878,0.0012,229.28,12.7,23.9,0,19781.6,5,LAMP_FAILURE
SL-0879,0.3383,220.3,0.0,29.8,1,37827.0,2,SENSOR_FAILURE
SL-0880,0.4287,233.22,0.0,22.7,1,44144.3,1,SENSOR_FAILURE
SL-0881,0.0,17.49,6.5,33.4,2,6158.9,1,POWER_FAILURE
SL-0882,0.3871,227.2,27.8,30.1,0,34451.2,0,SENSOR_FAILURE
SL-0883,0.5823,131.0,181.7,34.7,1,31311.1,1,VOLTAGE_ANOMALY
SL-0884,0.4185,229.8,1480.9,42.5,0,19110.3,2,SENSOR_FAILURE
SL-0885,0.0076,220.03,36.8,15.7,1,46196.0,2,LAMP_FAILURE
SL-0886,0.0099,9.79,12.2,23.8,1,44824.6,1,POWER_FAILURE
SL-0887,0.4392,232.9,0.0,34.3,0,43048.9,1,SENSOR_FAILURE
SL-0888,0.4941,236.7,684.2,29.6,0,29026.1,1,WORKING
SL-0889,0.4512,229.95,991.0,33.8,0,34672.9,2,WORKING
SL-0890,0.4199,225.78,741.8,36.7,0,29893.4,2,WORKING
SL-0891,0.0107,226.84,21.4,27.8,2,59463.4,2,LAMP_FAILURE
SL-0892,0.0114,19.46,0.0,25.2,2,29116.9,0,POWER_FAILURE
SL-0893,0.4524,229.57,691.4,38.9,0,46713.6,0,WORKING
SL-0894,0.0498,228.33,0.0,23.8,2,35360.6,1,LAMP_FAILURE
SL-0895,0.3573,234.71,928.5,39.6,1,24943.7,2,WORKING
SL-0896,0.0,5.13,1.6,19.7,1,26140.5,3,POWER_FAILURE
SL-0897,0.2626,277.71,412.4,63.1,0,31148.0,0,VOLTAGE_ANOMALY
SL-0898,0.4153,223.53,981.8,38.8,0,30010.6,1,WORKING
SL-0899,0.0423,230.84,34.0,28.5,1,21045.3,4,LAMP_FAILURE
SL-0900,0.0552,225.71,20.1,46.1,0,50999.9,4,LAMP_FAILURE
SL-0901,0.472,231.45,970.0,31.2,0,35177.0,2,WORKING
SL-0902,0.0,0.0,0.0,33.2,1,32233.3,1,POWER_FAILURE
SL-0903,0.0399,228.29,0.0,33.3,2,56401.4,5,LAMP_FAILURE
SL-0904,0.2677,294.75,254.7,58.1,1,32201.3,0,VOLTAGE_ANOMALY
SL-0905,0.0275,233.36,23.8,25.9,2,51715.5,1,LAMP_FAILURE
SL-0906,0.0,9.27,2.7,31.2,1,3605.6,4,POWER_FAILURE
SL-0907,0.0191,10.86,1.6,28.3,1,22120.5,0,POWER_FAILURE
SL-0908,0.4107,237.18,960.0,38.9,0,22712.9,2,WORKING
SL-0909,0.4544,230.12,725.7,36.9,0,32115.2,1,WORKING
SL-0910,0.4633,223.87,927.8,34.8,0,23838.1,1,WORKING
SL-0911,0.0207,222.75,20.0,25.5,2,30136.3,5,LAMP_FAILURE
SL-0912,0.4168,229.54,882.1,31.9,0,37830.5,1,WORKING
SL-0913,0.4574,224.41,1690.3,31.1,1,19803.8,0,SENSOR_FAILURE
SL-0914,0.5808,135.29,366.7,28.1,1,26418.4,2,VOLTAGE_ANOMALY
SL-0915,0.3844,234.29,443.4,41.6,1,595.8,3,SENSOR_FAILURE
SL-0916,0.4531,227.77,653.5,35.8,1,2197.1,2,WORKING
SL-0917,0.0,8.6,5.5,25.3,1,10667.3,2,POWER_FAILURE
SL-0918,0.779,110.1,273.5,26.4,1,48066.9,3,VOLTAGE_ANOMALY
SL-0919,0.0106,9.32,12.5,28.1,1,31581.1,4,POWER_FAILURE
SL-0920,0.0092,222.97,3.0,38.7,2,18875.8,3,LAMP_FAILURE
SL-0921,0.0552,234.25,11.8,39.2,2,49644.3,4,LAMP_FAILURE
SL-0922,0.416,228.76,1803.2,31.1,2,28140.8,3,SENSOR_FAILURE
SL-0923,0.0042,6.01,2.8,20.7,2,5334.5,3,POWER_FAILURE
SL-0924,0.4174,231.93,765.2,31.2,0,23472.4,2,WORKING
SL-0925,0.3319,241.16,1973.9,43.2,0,10910.9,3,SENSOR_FAILURE
SL-0926,0.0,4.98,6.3,25.5,2,10266.4,2,POWER_FAILURE
SL-0927,0.0336,232.04,8.8,34.4,2,54574.9,3,LAMP_FAILURE
SL-0928,0.4072,240.53,3.3,24.1,2,26738.5,0,SENSOR_FAILURE
SL-0929,0.0295,0.0,0.0,23.3,2,20955.6,4,POWER_FAILURE
SL-0930,0.4888,228.85,614.2,43.1,0,45476.7,1,WORKING
SL-0931,0.4375,233.65,1349.8,64.5,2,4713.9,3,SENSOR_FAILURE
SL-0932,0.4022,228.88,645.9,42.0,1,34030.4,2,WORKING
SL-0933,0.126,291.63,593.5,50.6,1,32790.1,4,VOLTAGE_ANOMALY
SL-0934,0.0392,219.56,9.7,33.8,2,18309.1,4,LAMP_FAILURE
SL-0935,0.3654,213.02,23.9,80.0,1,1252.1,1,SENSOR_FAILURE
SL-0936,0.0,2.79,7.0,23.8,1,46147.3,0,POWER_FAILURE
SL-0937,0.0299,231.13,20.0,37.7,1,33411.7,3,LAMP_FAILURE
SL-0938,0.3135,221.26,0.0,50.5,0,37056.1,0,SENSOR_FAILURE
SL-0939,0.4016,216.58,11.3,46.2,1,45626.7,2,SENSOR_FAILURE
SL-0940,0.4782,168.19,313.6,29.0,2,24626.0,1,VOLTAGE_ANOMALY
SL-0941,0.0183,230.89,0.0,39.4,2,42399.4,5,LAMP_FAILURE
SL-0942,0.4357,230.17,692.7,32.7,0,1355.8,0,WORKING
SL-0943,0.4763,231.11,640.8,34.3,1,27680.8,1,WORKING
SL-0944,0.4433,226.81,1378.4,40.8,2,16021.7,3,SENSOR_FAILURE
SL-0945,0.3353,297.86,474.7,65.3,1,26386.4,4,VOLTAGE_ANOMALY
SL-0946,0.3191,266.97,335.1,54.0,0,38924.1,3,VOLTAGE_ANOMALY
SL-0947,0.283,232.02,874.6,50.0,1,537.4,3,SENSOR_FAILURE
SL-0948,0.047,227.29,0.0,33.8,2,52072.6,3,LAMP_FAILURE
SL-0949,0.4864,234.73,850.4,39.5,0,42779.2,0,WORKING
SL-0950,0.4106,225.64,1759.9,42.0,0,49163.6,1,SENSOR_FAILURE
SL-0951,0.0347,232.49,0.0,35.7,1,22409.2,4,LAMP_FAILURE
SL-0952,0.3774,229.96,1427.4,41.5,0,10520.2,1,SENSOR_FAILURE
SL-0953,0.4759,225.38,769.5,35.6,0,18119.4,2,WORKING
SL-0954,0.4712,223.98,976.1,35.7,1,2147.4,0,WORKING
SL-0955,0.4072,224.14,706.9,31.2,0,30046.0,1,WORKING
SL-0956,0.4507,233.07,817.2,47.4,0,19901.5,0,WORKING
SL-0957,0.0156,224.59,14.7,26.6,1,43504.9,1,LAMP_FAILURE
SL-0958,0.5263,161.35,142.5,26.6,2,1047.8,2,VOLTAGE_ANOMALY
SL-0959,0.48,223.38,780.7,25.1,0,26247.7,1,SENSOR_FAILURE
SL-0960,0.6441,118.49,50.6,31.9,1,41651.2,0,VOLTAGE_ANOMALY
SL-0961,0.435,228.7,733.4,24.0,0,12392.5,1,WORKING
SL-0962,0.4102,240.05,1753.5,57.4,2,8200.5,0,SENSOR_FAILURE
SL-0963,0.3655,235.72,0.0,38.0,1,31032.7,3,SENSOR_FAILURE
SL-0964,0.4129,174.08,182.5,34.5,1,16583.5,4,VOLTAGE_ANOMALY
SL-0965,0.0358,224.08,17.3,31.5,0,15067.0,4,LAMP_FAILURE
SL-0966,0.3399,221.08,1484.8,25.3,1,24910.3,1,SENSOR_FAILURE
SL-0967,0.4713,226.22,1316.5,74.8,1,24659.8,1,SENSOR_FAILURE
SL-0968,0.0198,4.64,7.0,33.6,1,39603.0,0,POWER_FAILURE
SL-0969,0.4123,175.81,311.3,27.2,1,34924.7,3,VOLTAGE_ANOMALY
SL-0970,0.2353,260.18,909.9,62.3,2,37186.3,4,VOLTAGE_ANOMALY
SL-0971,0.4646,215.95,209.5,40.5,2,48631.7,1,SENSOR_FAILURE
SL-0972,0.4834,171.87,300.8,35.7,0,31934.9,0,VOLTAGE_ANOMALY
SL-0973,0.0472,225.27,21.4,36.9,2,32596.9,1,LAMP_FAILURE
SL-0974,0.4438,231.83,1633.5,45.2,2,46581.1,3,SENSOR_FAILURE
SL-0975,0.0043,235.38,0.0,19.3,2,26061.8,4,LAMP_FAILURE
SL-0976,0.5425,227.82,3.7,61.7,0,32446.5,1,SENSOR_FAILURE
SL-0977,0.0084,2.84,6.0,30.5,2,20843.7,2,POWER_FAILURE
SL-0978,0.0521,229.48,9.5,27.8,2,6471.6,5,LAMP_FAILURE
SL-0979,0.43,223.53,5.8,52.8,1,28667.3,1,SENSOR_FAILURE
SL-0980,0.0348,222.05,0.9,20.7,1,5812.3,5,LAMP_FAILURE
SL-0981,0.0233,11.35,1.4,26.4,2,29948.8,0,POWER_FAILURE
SL-0982,0.0095,226.68,25.4,30.0,2,23404.2,3,LAMP_FAILURE
SL-0983,0.3343,261.59,278.1,52.5,0,45818.4,3,VOLTAGE_ANOMALY
SL-0984,0.0111,4.73,6.9,26.6,2,4100.3,4,POWER_FAILURE
SL-0985,0.303,225.22,534.3,67.0,2,43850.0,2,SENSOR_FAILURE
SL-0986,0.4651,220.5,1186.2,40.8,0,35458.7,0,SENSOR_FAILURE
SL-0987,0.4918,232.94,855.5,34.8,0,22315.2,1,WORKING
SL-0988,0.4763,236.56,758.9,36.1,0,26495.7,2,WORKING
SL-0989,0.4401,234.57,833.4,38.5,0,28878.9,2,WORKING
SL-0990,0.4093,237.35,0.0,49.4,0,3471.8,3,SENSOR_FAILURE
SL-0991,0.3135,293.34,737.8,52.1,2,44166.0,3,VOLTAGE_ANOMALY
SL-0992,0.3197,303.98,627.2,41.8,0,44055.5,1,VOLTAGE_ANOMALY
SL-0993,0.0478,234.78,0.0,27.9,2,39244.5,5,LAMP_FAILURE
SL-0994,0.3801,229.83,675.0,32.4,0,8275.0,0,WORKING
SL-0995,0.3121,267.0,856.6,57.0,1,20415.6,2,VOLTAGE_ANOMALY
SL-0996,0.0182,230.28,35.0,28.8,1,27364.9,4,LAMP_FAILURE
SL-0997,0.037,16.49,1.7,23.8,2,1492.8,4,POWER_FAILURE
SL-0998,0.3494,303.17,344.4,39.4,1,30391.3,3,VOLTAGE_ANOMALY
SL-0999,0.0459,236.92,0.0,25.6,2,26487.8,4,LAMP_FAILURE
SL-1000,0.8038,109.14,165.6,31.2,0,26341.7,0,VOLTAGE_ANOMALY
SL-1001,0.1528,224.66,70.6,11.5,2,42651.6,1,LAMP_FAILURE
SL-1002,0.5342,224.29,0.0,40.2,0,20367.0,0,SENSOR_FAILURE
SL-1003,0.4801,232.88,613.5,38.0,0,24051.5,0,WORKING
SL-1004,0.5141,229.49,621.7,44.9,0,24775.1,0,SENSOR_FAILURE
SL-1005,0.1787,209.5,51.3,29.6,2,46514.5,5,LAMP_FAILURE
SL-1006,0.3574,224.28,927.0,50.2,0,21155.5,3,SENSOR_FAILURE
SL-1007,0.4828,173.99,215.7,21.0,0,5203.4,2,VOLTAGE_ANOMALY
SL-1008,0.3778,228.48,1487.1,43.9,0,17231.9,3,SENSOR_FAILURE
SL-1009,0.483,228.45,94.8,32.5,0,43400.6,2,SENSOR_FAILURE
SL-1010,0.0067,7.09,4.2,21.6,2,27586.7,1,POWER_FAILURE
SL-1011,0.3542,228.4,1105.4,52.0,2,17881.5,1,SENSOR_FAILURE
SL-1012,0.0218,232.65,19.5,33.3,1,25699.7,5,LAMP_FAILURE
SL-1013,0.2833,265.49,702.5,73.6,0,6456.5,0,VOLTAGE_ANOMALY
SL-1014,0.5384,235.2,8.5,23.4,0,47059.2,1,SENSOR_FAILURE
SL-1015,0.0079,0.0,0.0,28.2,0,36903.5,3,POWER_FAILURE
SL-1016,0.2152,276.18,232.5,59.5,0,22602.5,1,VOLTAGE_ANOMALY
SL-1017,0.621,135.09,66.1,30.7,1,25050.7,1,VOLTAGE_ANOMALY
SL-1018,0.2769,218.98,1227.1,62.1,2,43575.3,1,SENSOR_FAILURE
SL-1019,0.3551,241.66,1519.9,25.3,1,49379.8,2,SENSOR_FAILURE
SL-1020,0.0376,230.63,15.7,31.3,2,9242.7,1,LAMP_FAILURE
SL-1021,0.3851,225.02,841.6,25.0,0,18748.4,2,WORKING
SL-1022,0.0073,0.0,1.4,32.0,2,43357.6,2,POWER_FAILURE
SL-1023,0.4995,227.65,819.5,36.7,0,24067.0,0,WORKING
SL-1024,0.4783,227.29,900.6,23.3,0,37031.4,2,WORKING
SL-1025,0.3523,236.46,1231.6,48.7,0,25106.1,0,SENSOR_FAILURE
SL-1026,0.048,0.0,0.0,24.7,1,16238.7,3,POWER_FAILURE
SL-1027,0.0215,224.05,25.7,29.0,0,33263.5,1,LAMP_FAILURE
SL-1028,0.6166,147.68,120.5,37.7,0,36652.7,4,VOLTAGE_ANOMALY
SL-1029,0.0,11.52,6.8,26.6,2,42892.0,1,POWER_FAILURE
SL-1030,0.3078,239.52,0.0,24.6,1,48964.5,1,SENSOR_FAILURE
SL-1031,0.0391,224.14,23.6,28.2,1,56542.4,2,LAMP_FAILURE
SL-1032,0.3634,228.96,592.1,34.7,0,45998.9,1,WORKING
SL-1033,0.0128,221.17,33.5,23.5,2,32175.6,4,LAMP_FAILURE
SL-1034,0.0165,14.34,2.8,23.9,2,37196.2,0,POWER_FAILURE
SL-1035,0.4315,228.42,779.1,29.6,0,35308.9,0,WORKING
SL-1036,0.4951,228.52,920.9,36.9,0,846.3,0,WORKING
SL-1037,0.173,229.55,22.7,28.3,2,7522.8,3,LAMP_FAILURE
SL-1038,0.0137,224.4,0.0,25.7,1,19743.7,2,LAMP_FAILURE
SL-1039,0.5115,230.18,964.0,40.0,0,32734.7,0,SENSOR_FAILURE
SL-1040,0.3976,230.8,697.0,44.6,0,41824.6,1,WORKING
SL-1041,0.4068,222.25,74.3,74.5,2,26002.2,0,SENSOR_FAILURE
SL-1042,0.2139,288.93,483.4,65.7,0,38737.1,1,VOLTAGE_ANOMALY
SL-1043,0.4051,237.06,429.5,27.9,0,19748.9,0,SENSOR_FAILURE
SL-1044,0.5312,153.99,322.9,25.3,0,25589.0,4,VOLTAGE_ANOMALY
SL-1045,0.0047,228.04,0.0,26.6,1,58271.5,2,LAMP_FAILURE
SL-1046,0.0065,228.77,0.0,36.6,1,13862.9,1,LAMP_FAILURE
SL-1047,0.3687,296.33,780.4,58.6,0,31562.3,2,VOLTAGE_ANOMALY
SL-1048,0.0006,227.6,4.3,33.4,1,28679.8,3,LAMP_FAILURE
SL-1049,0.4852,226.64,7.7,27.0,0,19444.0,2,SENSOR_FAILURE
SL-1050,0.0429,229.12,17.6,31.1,2,54124.3,5,LAMP_FAILURE
SL-1051,0.4953,226.25,651.0,33.8,1,17708.9,2,WORKING
SL-1052,0.0132,0.0,0.0,25.8,1,44008.1,3,POWER_FAILURE
SL-1053,0.0304,13.66,0.0,20.3,2,44858.2,0,POWER_FAILURE
SL-1054,0.419,230.77,848.9,43.7,0,45062.5,1,WORKING
SL-1055,0.42,226.06,931.4,39.6,1,11363.1,1,WORKING
SL-1056,0.0379,21.38,2.6,21.1,2,13719.9,2,POWER_FAILURE
SL-1057,0.7298,111.33,176.4,30.6,0,44658.5,1,VOLTAGE_ANOMALY
SL-1058,0.0189,223.57,26.2,36.7,1,13548.1,5,LAMP_FAILURE
SL-1059,0.0489,228.82,6.8,30.7,0,47906.7,2,LAMP_FAILURE
SL-1060,0.0,22.22,0.0,30.2,2,10374.6,0,POWER_FAILURE
SL-1061,0.0231,230.62,5.1,35.5,2,13080.4,1,LAMP_FAILURE
SL-1062,0.4605,229.71,912.9,38.3,0,42320.1,1,WORKING
SL-1063,0.4001,224.98,1453.2,40.7,2,47754.6,2,SENSOR_FAILURE
SL-1064,0.4257,230.67,655.6,42.6,1,3043.3,2,WORKING
SL-1065,0.3491,235.7,513.1,44.5,2,19719.2,1,SENSOR_FAILURE
SL-1066,0.4557,233.2,985.0,43.4,0,24682.3,2,WORKING
SL-1067,0.0,13.57,0.0,21.5,1,17283.6,4,POWER_FAILURE
SL-1068,0.1821,298.65,230.7,45.7,0,4001.6,3,VOLTAGE_ANOMALY
SL-1069,0.0405,219.1,0.7,26.5,2,48265.1,1,LAMP_FAILURE
SL-1070,0.5544,232.2,0.0,35.6,1,20524.6,2,SENSOR_FAILURE
SL-1071,0.0165,233.3,6.8,24.9,0,42092.0,2,LAMP_FAILURE
SL-1072,0.4463,231.0,1457.3,56.6,0,45114.8,0,SENSOR_FAILURE
SL-1073,0.3909,238.16,1.2,36.8,2,43157.0,0,SENSOR_FAILURE
SL-1074,0.5728,221.62,10.0,22.4,1,48521.4,2,SENSOR_FAILURE
SL-1075,0.0271,11.4,5.8,31.4,1,44623.0,0,POWER_FAILURE
SL-1076,0.4627,230.24,842.5,31.7,0,45408.7,2,WORKING
SL-1077,0.0337,227.84,8.3,29.1,1,15618.9,5,LAMP_FAILURE
SL-1078,0.0275,232.53,9.5,29.5,2,38069.4,5,LAMP_FAILURE
SL-1079,0.5649,149.24,141.3,30.7,1,33166.6,3,VOLTAGE_ANOMALY
SL-1080,0.4807,225.28,13.4,25.8,2,40003.1,2,SENSOR_FAILURE
SL-1081,0.2361,307.56,337.5,63.7,2,20310.8,0,VOLTAGE_ANOMALY
SL-1082,0.475,235.04,646.5,60.2,2,42757.6,1,SENSOR_FAILURE
SL-1083,0.4854,231.83,963.2,39.8,0,11954.7,1,WORKING
SL-1084,0.3516,229.75,671.0,40.7,0,39180.4,2,WORKING
SL-1085,0.0106,8.44,0.0,28.3,1,1369.9,1,POWER_FAILURE
SL-1086,0.4446,221.71,765.8,32.0,0,27588.7,1,WORKING
SL-1087,0.4363,231.62,41.9,33.8,2,17986.7,3,SENSOR_FAILURE
SL-1088,0.0,8.99,7.0,36.7,1,9311.1,3,POWER_FAILURE
SL-1089,0.4566,227.83,951.0,28.7,0,43500.9,0,WORKING
SL-1090,0.4947,232.34,898.1,32.6,0,34952.4,1,WORKING
SL-1091,0.2644,271.68,837.4,80.8,2,35159.7,2,VOLTAGE_ANOMALY
SL-1092,0.1541,233.55,21.0,25.5,0,41154.2,5,LAMP_FAILURE
SL-1093,0.4472,231.83,982.6,26.3,0,24816.4,0,WORKING
SL-1094,0.2726,219.26,607.8,85.9,0,43450.7,0,SENSOR_FAILURE
SL-1095,0.0,3.51,0.7,28.3,2,24577.5,2,POWER_FAILURE
SL-1096,0.0179,0.0,0.5,24.3,2,3019.4,2,POWER_FAILURE
SL-1097,0.4179,231.49,9.8,61.3,2,37957.3,0,SENSOR_FAILURE
SL-1098,0.5641,150.25,191.1,28.8,0,26741.1,2,VOLTAGE_ANOMALY
SL-1099,0.523,143.9,351.1,31.8,0,17820.0,3,VOLTAGE_ANOMALY
SL-1100,0.4788,231.41,606.6,39.4,1,32347.6,2,WORKING
SL-1101,0.3211,272.85,542.4,56.0,1,15014.2,4,VOLTAGE_ANOMALY
SL-1102,0.5077,234.94,1136.8,29.4,1,15821.0,3,SENSOR_FAILURE
SL-1103,0.0386,232.1,19.8,25.1,2,42102.7,2,LAMP_FAILURE
SL-1104,0.019,228.82,8.0,26.4,1,35669.0,1,LAMP_FAILURE
SL-1105,0.3993,236.78,1172.5,39.0,1,45978.8,2,SENSOR_FAILURE
SL-1106,0.3943,231.47,991.3,35.9,0,20523.0,1,WORKING
SL-1107,0.3352,222.83,21.9,30.0,0,43359.6,1,SENSOR_FAILURE
SL-1108,0.4704,230.09,623.5,34.7,0,46303.9,0,WORKING
SL-1109,0.4878,230.65,723.3,36.6,0,35318.6,1,WORKING
SL-1110,0.2135,297.86,558.4,52.7,0,14372.7,3,VOLTAGE_ANOMALY
SL-1111,0.7878,106.32,274.2,19.8,0,2593.4,2,VOLTAGE_ANOMALY
SL-1112,0.5076,158.31,236.7,33.1,1,43619.4,2,VOLTAGE_ANOMALY
SL-1113,0.0082,1.74,4.7,22.7,1,44638.2,4,POWER_FAILURE
SL-1114,0.366,225.4,0.3,30.5,2,34902.5,3,SENSOR_FAILURE
SL-1115,0.3767,231.6,1224.2,26.9,1,15025.7,1,SENSOR_FAILURE
SL-1116,0.3437,235.12,312.4,13.5,0,35877.1,1,SENSOR_FAILURE
SL-1117,0.0,24.13,5.1,21.1,1,38545.7,2,POWER_FAILURE
SL-1118,0.4653,231.34,775.6,43.3,0,48796.1,1,WORKING
SL-1119,0.0593,230.89,0.0,25.5,1,23346.0,2,LAMP_FAILURE
SL-1120,0.0241,231.83,26.5,35.4,2,53591.2,2,LAMP_FAILURE
SL-1121,0.0018,232.37,8.7,19.6,2,48064.4,5,LAMP_FAILURE
SL-1122,0.1888,286.81,797.8,76.9,2,22653.7,3,VOLTAGE_ANOMALY
SL-1123,0.3814,232.03,696.1,28.3,0,7336.4,2,WORKING
SL-1124,0.0,0.0,7.3,29.3,1,33620.0,1,POWER_FAILURE
SL-1125,0.0142,227.46,20.6,44.7,2,39424.7,4,LAMP_FAILURE
SL-1126,0.2491,287.74,374.1,38.1,2,9218.1,3,VOLTAGE_ANOMALY
SL-1127,0.0,0.0,0.4,22.8,1,38568.7,3,POWER_FAILURE
SL-1128,0.0134,0.0,0.0,29.2,2,17930.2,0,POWER_FAILURE
SL-1129,0.3834,234.77,291.6,42.5,2,8583.0,2,SENSOR_FAILURE
SL-1130,0.3701,232.18,871.4,34.1,0,38270.1,2,WORKING
SL-1131,0.4096,231.73,21.8,54.3,0,18265.1,3,SENSOR_FAILURE
SL-1132,0.4501,219.34,1673.3,32.0,0,31679.5,2,SENSOR_FAILURE
SL-1133,0.4403,224.26,615.3,22.0,0,36221.1,0,WORKING
SL-1134,0.0,7.6,0.0,27.8,1,25469.9,0,POWER_FAILURE
SL-1135,0.0191,231.23,0.0,31.2,2,37876.7,4,LAMP_FAILURE
SL-1136,0.0264,0.92,3.9,19.8,1,43506.3,4,POWER_FAILURE
SL-1137,0.03,237.85,0.0,28.6,1,56515.2,1,LAMP_FAILURE
SL-1138,0.4263,229.63,790.5,36.4,1,14326.3,0,WORKING
SL-1139,0.0476,225.4,0.0,34.1,1,54394.7,2,LAMP_FAILURE
SL-1140,0.2969,279.8,814.7,60.2,0,25673.9,0,VOLTAGE_ANOMALY
SL-1141,0.4119,227.8,875.1,28.4,0,16125.6,0,WORKING
SL-1142,0.0167,226.3,18.1,24.3,2,38424.2,4,LAMP_FAILURE
SL-1143,0.3019,236.5,28.3,12.8,2,39983.3,3,SENSOR_FAILURE
SL-1144,0.4856,229.74,837.4,40.5,0,37603.5,2,WORKING
SL-1145,0.3726,232.29,942.9,35.6,0,8570.9,0,WORKING
SL-1146,0.4569,226.06,670.3,42.3,0,35165.9,1,SENSOR_FAILURE
SL-1147,0.0157,18.52,0.0,25.5,2,5309.0,1,POWER_FAILURE
SL-1148,0.1102,219.31,63.4,16.1,0,46826.6,4,LAMP_FAILURE
SL-1149,0.3994,229.2,646.7,31.7,0,13772.3,1,WORKING
SL-1150,0.0511,0.0,5.5,18.7,2,26454.6,1,POWER_FAILURE
SL-1151,0.4702,238.11,770.8,37.4,0,44402.4,0,WORKING
SL-1152,0.4308,231.06,1811.5,47.4,0,36070.3,0,SENSOR_FAILURE
SL-1153,0.0186,226.52,29.8,33.8,0,24819.4,4,LAMP_FAILURE
SL-1154,0.4527,229.65,28.1,25.6,2,11468.4,0,SENSOR_FAILURE
SL-1155,0.4451,224.59,642.1,34.1,0,42635.5,0,WORKING
SL-1156,0.0,16.68,2.5,17.9,1,35938.5,0,POWER_FAILURE
SL-1157,0.6244,122.04,232.9,29.3,2,27137.6,3,VOLTAGE_ANOMALY
SL-1158,0.3988,227.3,664.7,44.9,1,40579.6,2,WORKING
SL-1159,0.4501,232.25,870.7,33.8,0,25217.9,2,WORKING
SL-1160,0.0543,223.61,1.0,33.4,1,44280.8,2,LAMP_FAILURE
SL-1161,0.0538,224.42,2.0,37.2,2,53040.9,1,LAMP_FAILURE
SL-1162,0.4522,229.48,623.6,31.9,1,6867.8,2,WORKING
SL-1163,0.0163,219.62,4.1,36.8,1,35383.1,5,LAMP_FAILURE
SL-1164,0.322,281.47,393.4,65.9,0,37585.1,3,VOLTAGE_ANOMALY
SL-1165,0.3276,264.93,928.2,52.1,0,22371.5,2,VOLTAGE_ANOMALY
SL-1166,0.3998,215.99,573.6,27.5,2,8512.9,2,SENSOR_FAILURE
SL-1167,0.3166,234.59,35.4,58.7,1,47187.1,3,SENSOR_FAILURE
SL-1168,0.4479,226.86,767.2,35.5,0,36391.4,2,WORKING
SL-1169,0.4499,222.98,14.4,13.5,0,47882.7,1,SENSOR_FAILURE
SL-1170,0.0137,24.08,0.0,32.6,1,799.8,4,POWER_FAILURE
SL-1171,0.4186,223.6,249.7,42.9,1,41177.4,3,SENSOR_FAILURE
SL-1172,0.371,230.89,667.8,43.5,0,8315.8,2,WORKING
SL-1173,0.3459,233.48,18.3,19.3,1,10250.9,3,SENSOR_FAILURE
SL-1174,0.0,3.2,7.9,16.0,2,3606.3,0,POWER_FAILURE
SL-1175,0.4602,234.73,662.4,34.9,0,33522.7,1,WORKING
SL-1176,0.0208,4.2,0.0,31.6,1,5485.6,1,POWER_FAILURE
SL-1177,0.017,0.0,0.0,27.2,1,14261.6,1,POWER_FAILURE
SL-1178,0.4043,229.98,627.0,37.4,0,48849.7,0,WORKING
SL-1179,0.2957,230.05,20.1,32.3,1,26976.4,1,SENSOR_FAILURE
SL-1180,0.4305,231.53,699.9,43.8,0,35060.5,0,WORKING
SL-1181,0.4974,231.26,870.6,33.0,0,21965.7,0,WORKING
SL-1182,0.7221,116.85,257.7,26.3,1,19127.4,3,VOLTAGE_ANOMALY
SL-1183,0.3979,225.18,923.0,28.3,0,34825.4,1,WORKING
SL-1184,0.3244,297.96,418.9,64.0,0,14736.7,4,VOLTAGE_ANOMALY
SL-1185,0.3922,226.42,931.3,32.2,0,20729.7,0,WORKING
SL-1186,0.0054,221.63,19.5,27.2,0,38216.2,5,LAMP_FAILURE
SL-1187,0.4369,221.47,0.0,32.5,0,33546.5,0,SENSOR_FAILURE
SL-1188,0.4481,230.51,1001.2,33.1,0,31741.7,2,WORKING
SL-1189,0.4175,229.64,10.2,73.4,2,48220.9,0,SENSOR_FAILURE
SL-1190,0.0363,216.75,7.6,22.4,2,8808.4,3,LAMP_FAILURE
SL-1191,0.3706,230.12,845.3,38.6,0,35830.9,0,WORKING
SL-1192,0.0,9.43,1.8,18.9,2,44310.6,4,POWER_FAILURE
SL-1193,0.4417,231.81,787.2,25.7,0,29138.7,2,WORKING
SL-1194,0.7211,104.51,131.9,31.2,0,26803.1,4,VOLTAGE_ANOMALY
SL-1195,0.0567,233.11,16.4,25.9,2,59110.5,2,LAMP_FAILURE
SL-1196,0.071,5.64,3.6,22.8,0,32545.1,1,POWER_FAILURE
SL-1197,0.3961,230.78,826.6,37.7,0,32101.3,1,WORKING
SL-1198,0.2367,309.85,487.3,53.9,1,5160.9,1,VOLTAGE_ANOMALY
SL-1199,0.3001,301.26,820.7,63.7,1,6273.2,1,VOLTAGE_ANOMALY
SL-1200,0.2512,296.88,666.2,55.2,2,33439.1,0,VOLTAGE_ANOMALY
SL-1201,0.2543,303.71,791.4,64.4,1,36253.2,1,VOLTAGE_ANOMALY
SL-1202,0.0291,2.12,12.0,24.7,2,27794.3,2,POWER_FAILURE
SL-1203,0.0699,0.0,1.4,25.0,2,36682.5,0,POWER_FAILURE
SL-1204,0.4524,233.4,962.7,34.7,1,31299.4,2,WORKING
SL-1205,0.4016,232.11,1150.6,48.7,1,9273.8,3,SENSOR_FAILURE
SL-1206,0.4967,229.43,793.3,37.2,1,46682.6,0,WORKING
SL-1207,0.0106,0.0,0.0,25.6,1,25681.7,1,POWER_FAILURE
SL-1208,0.1749,230.4,34.5,23.6,2,26149.4,2,LAMP_FAILURE
SL-1209,0.0519,220.28,17.0,29.5,2,26585.5,2,LAMP_FAILURE
SL-1210,0.4297,235.65,6.8,52.9,2,39999.7,0,SENSOR_FAILURE
SL-1211,0.0138,20.84,8.9,26.4,2,22983.4,2,POWER_FAILURE
SL-1212,0.3996,231.75,853.7,23.6,0,25282.8,0,WORKING
SL-1213,0.3447,228.04,190.2,39.5,0,11256.2,3,SENSOR_FAILURE
SL-1214,0.4133,229.38,900.6,45.0,0,1467.9,1,WORKING
SL-1215,0.0266,8.09,6.2,25.7,1,9903.5,4,POWER_FAILURE
SL-1216,0.0068,233.84,18.9,21.8,2,27106.0,1,LAMP_FAILURE
SL-1217,0.05,227.25,2.5,28.8,1,39851.8,5,LAMP_FAILURE
SL-1218,0.572,141.19,198.9,29.0,0,20675.5,1,VOLTAGE_ANOMALY
SL-1219,0.6367,116.66,110.3,39.7,1,44022.0,1,VOLTAGE_ANOMALY
SL-1220,0.4442,221.48,520.5,73.5,0,36156.6,2,SENSOR_FAILURE
SL-1221,0.3128,238.18,23.4,38.1,1,31274.3,0,SENSOR_FAILURE
SL-1222,0.047,5.55,3.2,22.1,2,916.3,2,POWER_FAILURE
SL-1223,0.0536,230.55,18.5,24.8,1,28210.2,4,LAMP_FAILURE
SL-1224,0.4878,227.36,606.1,27.8,0,41078.5,2,WORKING
SL-1225,0.0032,16.72,0.8,28.2,2,22922.1,1,POWER_FAILURE
SL-1226,0.434,229.32,7.7,55.8,1,28946.6,3,SENSOR_FAILURE
SL-1227,0.0062,230.17,19.8,18.5,1,18575.0,5,LAMP_FAILURE
SL-1228,0.0044,221.54,31.4,25.8,2,5210.3,4,LAMP_FAILURE
SL-1229,0.2124,282.12,718.6,65.4,1,2773.4,1,VOLTAGE_ANOMALY
SL-1230,0.0266,9.41,0.0,33.0,0,6818.4,1,POWER_FAILURE
SL-1231,0.8433,100.95,211.0,32.2,1,29136.5,1,VOLTAGE_ANOMALY
SL-1232,0.449,231.94,992.8,39.5,1,15619.4,2,WORKING
SL-1233,0.0042,233.92,10.1,31.2,1,45384.8,5,LAMP_FAILURE
SL-1234,0.3864,230.05,923.0,39.2,0,5495.3,2,WORKING
SL-1235,0.3757,231.59,808.8,43.4,0,1933.6,2,WORKING
SL-1236,0.3202,283.75,327.4,55.6,2,7166.2,1,VOLTAGE_ANOMALY
SL-1237,0.3507,229.7,875.0,35.5,0,35232.3,2,WORKING
SL-1238,0.3295,293.39,405.0,60.8,0,28580.7,1,VOLTAGE_ANOMALY
SL-1239,0.0578,27.74,1.4,26.4,1,32655.7,1,POWER_FAILURE
SL-1240,0.3141,285.42,254.4,60.3,0,21373.7,1,VOLTAGE_ANOMALY
SL-1241,0.4382,230.27,241.6,39.8,1,19535.0,1,SENSOR_FAILURE
SL-1242,0.0045,234.63,12.6,22.2,1,29877.9,1,LAMP_FAILURE
SL-1243,0.3866,228.36,965.0,36.2,0,40150.8,2,WORKING
SL-1244,0.0006,236.65,16.4,33.6,2,57365.8,4,LAMP_FAILURE
SL-1245,0.0424,0.0,0.0,22.1,1,20575.0,4,POWER_FAILURE
SL-1246,0.059,7.56,0.0,20.1,2,40461.0,2,POWER_FAILURE
SL-1247,0.632,126.69,174.1,28.1,0,43590.9,4,VOLTAGE_ANOMALY
SL-1248,0.0,12.59,0.0,15.2,2,28071.5,3,POWER_FAILURE
SL-1249,0.3738,175.98,292.6,29.1,0,33701.5,0,VOLTAGE_ANOMALY
SL-1250,0.4667,228.37,943.4,34.8,0,38489.1,1,WORKING
SL-1251,0.1484,232.26,64.9,22.9,1,18898.2,5,LAMP_FAILURE
SL-1252,0.3561,232.34,818.5,37.4,1,37336.6,0,WORKING
SL-1253,0.3543,237.01,684.3,36.1,0,23537.2,2,WORKING
SL-1254,0.0223,0.0,1.6,30.1,0,41388.4,1,POWER_FAILURE
SL-1255,0.0166,228.86,18.3,27.0,1,9237.4,5,LAMP_FAILURE
SL-1256,0.0261,230.16,12.8,37.0,0,17463.9,1,LAMP_FAILURE
SL-1257,0.5153,230.21,26.8,36.2,0,11523.7,2,SENSOR_FAILURE
SL-1258,0.0226,229.41,12.1,24.5,1,53437.3,2,LAMP_FAILURE
SL-1259,0.6842,121.71,222.6,34.3,0,7140.1,2,VOLTAGE_ANOMALY
SL-1260,0.0257,232.78,22.1,33.6,2,18249.7,3,LAMP_FAILURE
SL-1261,0.0,0.0,0.0,19.8,0,43221.7,2,POWER_FAILURE
SL-1262,0.3694,229.68,0.0,47.0,0,20003.7,3,SENSOR_FAILURE
SL-1263,0.7697,106.32,359.2,27.6,0,3227.2,0,VOLTAGE_ANOMALY
SL-1264,0.0254,230.58,13.6,32.9,2,25468.5,5,LAMP_FAILURE
SL-1265,0.428,234.47,895.7,33.5,0,9223.0,0,WORKING
SL-1266,0.4623,239.18,749.0,33.8,0,31303.3,0,WORKING
SL-1267,0.0167,231.28,19.3,25.7,1,19342.5,1,LAMP_FAILURE
SL-1268,0.0144,222.99,33.9,23.9,0,28721.7,1,LAMP_FAILURE
SL-1269,0.1079,283.69,647.5,61.8,0,48358.8,3,VOLTAGE_ANOMALY
SL-1270,0.4429,233.08,814.7,35.0,0,26168.3,0,WORKING
SL-1271,0.3827,234.99,1563.4,44.0,2,42089.3,3,SENSOR_FAILURE
SL-1272,0.0,13.85,4.4,35.5,2,35133.1,4,POWER_FAILURE
SL-1273,0.3468,226.58,0.0,32.1,0,23935.4,3,SENSOR_FAILURE
SL-1274,0.358,279.85,344.7,56.8,0,7918.0,0,VOLTAGE_ANOMALY
SL-1275,0.4204,240.96,103.7,35.5,0,5208.2,1,SENSOR_FAILURE
SL-1276,0.3541,232.49,13.7,29.8,1,34030.3,2,SENSOR_FAILURE
SL-1277,0.4075,232.35,856.1,27.2,0,43688.0,0,WORKING
SL-1278,0.4475,229.87,27.9,22.4,2,36128.9,1,SENSOR_FAILURE
SL-1279,0.7107,119.75,171.7,24.8,1,35896.4,4,VOLTAGE_ANOMALY
SL-1280,0.7292,111.13,170.4,31.0,1,37612.0,3,VOLTAGE_ANOMALY
SL-1281,0.0098,6.4,7.9,24.8,1,18385.0,4,POWER_FAILURE
SL-1282,0.0,2.87,1.3,16.4,1,9573.2,3,POWER_FAILURE
SL-1283,0.3576,228.39,740.5,30.1,0,45429.4,2,WORKING
SL-1284,0.0211,10.71,0.0,25.5,2,47908.1,2,POWER_FAILURE
SL-1285,0.0295,237.92,5.6,22.8,2,43186.0,5,LAMP_FAILURE
SL-1286,0.1371,224.53,35.8,29.3,1,41270.0,2,LAMP_FAILURE
SL-1287,0.0022,0.0,0.0,29.2,2,6284.3,4,POWER_FAILURE
SL-1288,0.4823,229.83,0.0,33.3,0,43825.1,0,SENSOR_FAILURE
SL-1289,0.022,7.57,13.3,24.2,2,8811.3,2,POWER_FAILURE
SL-1290,0.3869,222.89,0.0,46.7,2,36702.3,0,SENSOR_FAILURE
SL-1291,0.0,8.15,12.3,19.6,1,18010.4,2,POWER_FAILURE
SL-1292,0.0253,225.05,6.8,21.4,1,42611.1,2,LAMP_FAILURE
SL-1293,0.4051,229.11,1173.8,56.4,0,47502.0,3,SENSOR_FAILURE
SL-1294,0.008,5.08,4.1,22.9,1,16994.0,3,POWER_FAILURE
SL-1295,0.4748,229.67,14.5,54.1,1,35851.6,2,SENSOR_FAILURE
SL-1296,0.0116,6.28,4.8,23.3,1,27992.8,0,POWER_FAILURE
SL-1297,0.4022,232.07,904.6,30.2,0,41980.6,0,WORKING
SL-1298,0.0577,230.3,0.0,27.4,1,24474.6,2,LAMP_FAILURE
SL-1299,0.0233,233.31,9.0,24.2,1,56744.1,4,LAMP_FAILURE
SL-1300,0.0083,0.0,6.6,23.5,2,32838.2,4,POWER_FAILURE
SL-1301,0.0132,1.63,2.9,29.7,1,7383.2,4,POWER_FAILURE
SL-1302,0.4625,229.72,978.4,43.1,0,20121.1,2,WORKING
SL-1303,0.021,0.0,2.1,20.9,1,4570.4,0,POWER_FAILURE
SL-1304,0.4904,227.67,782.9,32.7,0,44485.5,0,WORKING
SL-1305,0.0292,216.53,7.6,25.7,1,52992.9,2,LAMP_FAILURE
SL-1306,0.0599,227.22,12.7,28.8,1,43747.4,5,LAMP_FAILURE
SL-1307,0.0121,4.2,5.7,26.5,2,7168.4,2,POWER_FAILURE
SL-1308,0.0188,0.0,0.0,27.2,1,16980.6,2,POWER_FAILURE
SL-1309,0.274,278.09,461.1,57.3,1,27168.2,3,VOLTAGE_ANOMALY
SL-1310,0.362,231.43,883.8,40.7,1,26128.5,0,WORKING
SL-1311,0.3742,231.91,14.2,31.3,0,38348.3,0,SENSOR_FAILURE
SL-1312,0.0109,231.01,23.3,23.8,1,13875.4,4,LAMP_FAILURE
SL-1313,0.0304,231.53,7.1,31.7,1,9442.6,1,LAMP_FAILURE
SL-1314,0.442,227.7,852.3,37.4,0,39608.9,0,WORKING
SL-1315,0.3884,231.63,971.1,32.2,0,39493.9,2,WORKING
SL-1316,0.0,9.42,0.0,19.1,1,49399.2,2,POWER_FAILURE
SL-1317,0.0,6.23,3.0,32.2,1,15178.1,0,POWER_FAILURE
SL-1318,0.0373,2.48,0.0,16.6,2,10171.6,2,POWER_FAILURE
SL-1319,0.5206,231.7,1581.3,52.4,1,38355.4,0,SENSOR_FAILURE
SL-1320,0.4104,228.48,782.1,31.8,0,13441.1,0,WORKING
SL-1321,0.4853,220.96,26.0,16.0,0,48113.0,2,SENSOR_FAILURE
SL-1322,0.0125,232.0,21.9,16.8,1,18733.8,4,LAMP_FAILURE
SL-1323,0.282,295.41,371.3,59.2,0,34954.0,0,VOLTAGE_ANOMALY
SL-1324,0.2199,297.73,717.5,47.2,0,12617.5,3,VOLTAGE_ANOMALY
SL-1325,0.0204,0.0,7.5,26.0,1,7244.1,0,POWER_FAILURE
SL-1326,0.6137,157.93,223.6,35.0,0,45759.6,3,VOLTAGE_ANOMALY
SL-1327,0.3373,228.58,1722.1,38.0,0,29611.1,3,SENSOR_FAILURE
SL-1328,0.2679,268.34,715.7,65.6,0,41969.7,4,VOLTAGE_ANOMALY
SL-1329,0.6855,119.6,254.5,26.6,2,9859.6,2,VOLTAGE_ANOMALY
SL-1330,0.416,226.41,661.2,34.5,0,25672.9,1,WORKING
SL-1331,0.4303,232.77,882.8,42.1,1,814.9,0,WORKING
SL-1332,0.018,0.0,0.0,21.5,1,44758.2,0,POWER_FAILURE
SL-1333,0.0302,8.35,4.0,23.4,1,3856.5,4,POWER_FAILURE
SL-1334,0.0081,6.81,5.6,19.5,2,33719.8,0,POWER_FAILURE
SL-1335,0.3648,225.0,844.0,38.6,0,26087.9,2,WORKING
SL-1336,0.0431,224.19,6.7,26.6,1,49432.2,4,LAMP_FAILURE
SL-1337,0.5457,228.23,0.0,37.3,1,37753.1,0,SENSOR_FAILURE
SL-1338,0.4773,231.98,803.3,39.1,0,37325.8,0,WORKING
SL-1339,0.4283,233.53,604.4,31.8,0,16680.6,1,WORKING
SL-1340,0.5342,165.59,291.1,35.6,1,47596.3,2,VOLTAGE_ANOMALY
SL-1341,0.0,0.0,0.0,31.3,1,28454.6,1,POWER_FAILURE
SL-1342,0.0283,7.83,8.9,24.4,0,4387.8,2,POWER_FAILURE
SL-1343,0.2365,309.55,539.2,63.8,1,43919.1,2,VOLTAGE_ANOMALY
SL-1344,0.2848,300.23,266.1,64.8,0,13185.3,2,VOLTAGE_ANOMALY
SL-1345,0.4988,228.3,936.5,32.5,0,8909.8,0,WORKING
SL-1346,0.4787,237.37,26.5,13.4,1,13494.3,0,SENSOR_FAILURE
SL-1347,0.4754,223.24,230.0,26.1,0,16203.4,1,SENSOR_FAILURE
SL-1348,0.3077,283.69,262.1,41.8,2,28248.8,4,VOLTAGE_ANOMALY
SL-1349,0.4013,232.37,661.6,40.7,0,1516.6,2,WORKING
SL-1350,0.0228,235.13,0.0,27.7,2,58152.6,3,LAMP_FAILURE
SL-1351,0.2595,302.45,589.6,64.3,1,23803.5,2,VOLTAGE_ANOMALY
SL-1352,0.3683,226.42,725.0,28.4,1,48520.7,1,WORKING
SL-1353,0.7666,121.61,281.1,31.5,0,48175.9,2,VOLTAGE_ANOMALY
SL-1354,0.4147,227.89,820.1,27.6,1,30716.9,0,WORKING
SL-1355,0.4669,230.71,700.7,35.9,0,8661.4,1,WORKING
SL-1356,0.4588,228.24,733.9,36.2,0,8035.9,2,WORKING
SL-1357,0.3742,224.24,734.7,30.0,0,31442.9,1,WORKING
SL-1358,0.3591,228.79,824.2,38.0,0,35185.3,0,WORKING
SL-1359,0.3574,233.55,36.4,28.1,1,18146.7,0,SENSOR_FAILURE
SL-1360,0.0136,21.64,0.0,32.1,1,578.0,3,POWER_FAILURE
SL-1361,0.0375,235.09,0.0,30.3,1,43811.1,4,LAMP_FAILURE
SL-1362,0.4256,231.26,691.5,30.3,0,46252.8,2,WORKING
SL-1363,0.0236,230.03,6.8,25.8,1,46996.4,2,LAMP_FAILURE
SL-1364,0.4345,228.34,0.0,27.8,2,15660.3,3,SENSOR_FAILURE
SL-1365,0.373,224.47,848.2,33.8,0,16940.9,2,WORKING
SL-1366,0.3795,220.86,693.1,26.9,0,21512.6,0,WORKING
SL-1367,0.2516,298.94,867.7,54.9,1,23663.1,2,VOLTAGE_ANOMALY
SL-1368,0.7286,113.04,117.3,20.5,1,49310.0,4,VOLTAGE_ANOMALY
SL-1369,0.4724,230.02,955.2,42.4,1,17305.4,0,WORKING
SL-1370,0.4633,232.37,899.1,37.9,1,9288.6,1,WORKING
SL-1371,0.4118,147.9,72.4,34.0,0,47004.9,1,VOLTAGE_ANOMALY
SL-1372,0.2626,294.77,680.3,54.6,1,12841.5,4,VOLTAGE_ANOMALY
SL-1373,0.5632,156.4,207.4,29.6,0,26502.3,2,VOLTAGE_ANOMALY
SL-1374,0.0094,13.03,1.7,28.4,1,1488.5,3,POWER_FAILURE
SL-1375,0.4199,227.5,678.5,27.7,0,637.0,1,WORKING
SL-1376,0.0179,2.68,0.0,32.9,0,25088.7,2,POWER_FAILURE
SL-1377,0.2081,299.89,399.6,49.3,2,30707.5,3,VOLTAGE_ANOMALY
SL-1378,0.0558,225.09,7.0,22.7,1,19515.4,5,LAMP_FAILURE
SL-1379,0.4005,219.45,1857.9,46.7,0,45963.2,0,SENSOR_FAILURE
SL-1380,0.0,0.0,0.1,27.1,1,26850.7,0,POWER_FAILURE
SL-1381,0.3501,221.97,0.0,73.9,1,1363.5,0,SENSOR_FAILURE
SL-1382,0.2631,276.39,760.4,72.0,0,5744.6,0,VOLTAGE_ANOMALY
SL-1383,0.2981,263.43,734.9,48.3,0,25251.5,2,VOLTAGE_ANOMALY
SL-1384,0.3218,224.5,367.7,25.5,0,48903.3,1,SENSOR_FAILURE
SL-1385,0.2061,302.06,342.7,52.2,2,20468.2,0,VOLTAGE_ANOMALY
SL-1386,0.2028,284.26,259.0,36.0,0,4040.8,3,VOLTAGE_ANOMALY
SL-1387,0.0024,231.6,1.4,27.4,0,46445.7,5,LAMP_FAILURE
SL-1388,0.4428,225.35,909.2,37.4,0,40568.7,2,WORKING
SL-1389,0.3681,229.94,791.9,35.9,0,23025.8,2,WORKING
SL-1390,0.5776,159.95,169.8,33.7,0,35973.5,3,VOLTAGE_ANOMALY
SL-1391,0.0246,223.07,21.9,25.5,2,31333.3,3,LAMP_FAILURE
SL-1392,0.1025,225.12,73.9,38.9,2,41330.3,4,LAMP_FAILURE
SL-1393,0.0461,229.93,3.8,30.3,1,44214.2,2,LAMP_FAILURE
SL-1394,0.0,22.44,3.6,17.9,2,19118.9,1,POWER_FAILURE
SL-1395,0.433,223.04,0.0,43.4,0,33263.7,2,SENSOR_FAILURE
SL-1396,0.0,12.4,0.0,20.0,1,39105.5,3,POWER_FAILURE
SL-1397,0.0279,0.0,1.3,29.8,1,3601.6,4,POWER_FAILURE
SL-1398,0.0245,0.0,2.6,20.0,1,44545.8,3,POWER_FAILURE
SL-1399,0.0,12.64,4.5,23.9,2,44938.8,1,POWER_FAILURE
SL-1400,0.3787,222.9,1947.9,19.8,1,47500.5,2,SENSOR_FAILURE
SL-1401,0.0,0.0,0.9,24.4,2,18399.4,3,POWER_FAILURE
SL-1402,0.3728,304.75,401.8,48.7,0,40972.8,1,VOLTAGE_ANOMALY
SL-1403,0.4666,232.5,977.3,38.9,0,22094.8,2,WORKING
SL-1404,0.4796,226.43,796.6,31.1,0,47635.7,0,WORKING
SL-1405,0.279,301.53,923.6,53.3,1,21506.5,2,VOLTAGE_ANOMALY
SL-1406,0.0,0.0,7.1,24.5,1,2946.5,1,POWER_FAILURE
SL-1407,0.0072,14.21,0.0,21.0,2,37841.1,4,POWER_FAILURE
SL-1408,0.4452,224.43,929.0,35.1,0,38656.9,2,WORKING
SL-1409,0.3927,227.46,797.4,34.8,0,17213.9,1,WORKING
SL-1410,0.0,0.0,0.0,27.0,2,22998.6,0,POWER_FAILURE
SL-1411,0.0317,223.67,17.7,24.2,1,6265.5,4,LAMP_FAILURE
SL-1412,0.5499,229.82,0.0,51.5,1,15146.6,3,SENSOR_FAILURE
SL-1413,0.4488,231.58,906.5,38.4,1,38509.6,2,WORKING
SL-1414,0.006,8.31,0.0,17.3,1,15318.6,4,POWER_FAILURE
SL-1415,0.0978,233.25,62.6,23.3,2,25764.9,5,LAMP_FAILURE
SL-1416,0.4861,231.17,903.3,39.5,0,5237.8,2,WORKING
SL-1417,0.0049,25.83,0.0,23.0,2,23671.1,0,POWER_FAILURE
SL-1418,0.3574,230.76,819.4,38.4,0,25020.8,0,WORKING
SL-1419,0.4204,229.36,808.1,37.6,0,47441.8,1,WORKING
SL-1420,0.1914,298.65,603.9,52.0,1,35741.7,2,VOLTAGE_ANOMALY
SL-1421,0.2638,261.51,495.6,42.0,0,49343.9,1,VOLTAGE_ANOMALY
SL-1422,0.0248,11.69,0.0,28.4,2,25580.7,3,POWER_FAILURE
SL-1423,0.4865,237.06,638.4,63.0,0,47524.2,0,SENSOR_FAILURE
SL-1424,0.0147,230.57,0.0,23.5,1,58786.9,4,LAMP_FAILURE
SL-1425,0.0155,232.7,26.4,36.8,2,48653.4,3,LAMP_FAILURE
SL-1426,0.4087,229.32,713.3,32.0,0,17646.2,0,WORKING
SL-1427,0.2361,283.52,742.9,39.3,1,46348.7,0,VOLTAGE_ANOMALY
SL-1428,0.1186,227.02,44.7,28.7,1,13133.3,1,LAMP_FAILURE
SL-1429,0.4108,238.5,1454.2,46.5,1,25693.8,1,SENSOR_FAILURE
SL-1430,0.5014,224.11,1516.8,27.3,1,45620.1,2,SENSOR_FAILURE
SL-1431,0.3194,285.74,393.2,59.1,0,31429.0,4,VOLTAGE_ANOMALY
SL-1432,0.4659,225.08,989.0,40.1,1,47938.9,0,SENSOR_FAILURE
SL-1433,0.3506,228.81,614.0,36.7,0,4695.5,2,WORKING
SL-1434,0.5075,227.36,606.2,26.0,0,26333.9,1,SENSOR_FAILURE
SL-1435,0.7318,103.78,267.3,33.1,1,34026.0,0,VOLTAGE_ANOMALY
SL-1436,0.328,299.6,278.8,51.1,2,32909.6,2,VOLTAGE_ANOMALY
SL-1437,0.0296,226.77,0.0,38.8,2,50270.5,1,LAMP_FAILURE
SL-1438,0.1234,225.51,22.6,24.5,1,14095.0,4,LAMP_FAILURE
SL-1439,0.026,230.04,2.5,38.5,1,34289.5,3,LAMP_FAILURE
SL-1440,0.1083,232.0,32.7,29.8,2,10690.1,3,LAMP_FAILURE
SL-1441,0.3838,228.52,944.6,28.0,0,19502.6,2,WORKING
SL-1442,0.0541,2.52,0.0,29.0,2,36561.0,4,POWER_FAILURE
SL-1443,0.0,11.88,11.2,30.5,1,24301.7,3,POWER_FAILURE
SL-1444,0.3984,231.85,990.7,33.9,0,45705.9,0,WORKING
SL-1445,0.0009,5.48,1.5,22.3,2,6039.0,3,POWER_FAILURE
SL-1446,0.0314,0.0,0.8,31.3,2,2152.8,4,POWER_FAILURE
SL-1447,0.4268,227.98,20.4,41.8,1,15539.3,1,SENSOR_FAILURE
SL-1448,0.0378,5.05,9.9,27.1,2,40355.8,0,POWER_FAILURE
SL-1449,0.2258,281.16,525.4,43.2,1,27403.6,2,VOLTAGE_ANOMALY
SL-1450,0.0257,227.16,31.6,38.0,0,52398.4,3,LAMP_FAILURE
SL-1451,0.4123,221.42,264.3,83.4,2,18182.5,2,SENSOR_FAILURE
SL-1452,0.0051,232.3,4.8,22.1,1,21701.0,2,LAMP_FAILURE
SL-1453,0.0,0.0,5.8,34.0,2,42310.5,0,POWER_FAILURE
SL-1454,0.4516,224.96,798.4,31.8,0,30488.7,1,WORKING
SL-1455,0.0357,223.19,25.5,23.2,2,15764.9,3,LAMP_FAILURE
SL-1456,0.4167,226.78,1205.2,31.6,2,29311.5,2,SENSOR_FAILURE
SL-1457,0.4151,231.83,998.1,38.3,1,28372.1,0,WORKING
SL-1458,0.4839,229.29,607.6,38.8,0,31883.2,0,WORKING
SL-1459,0.4061,231.46,849.5,38.6,0,7718.1,0,WORKING
SL-1460,0.0441,226.29,10.1,29.2,1,22046.1,3,LAMP_FAILURE
SL-1461,0.0,0.0,0.0,29.3,2,40907.9,4,POWER_FAILURE
SL-1462,0.4969,229.97,700.7,33.7,0,30601.4,1,WORKING
SL-1463,0.0088,226.2,22.3,37.7,1,8506.7,5,LAMP_FAILURE
SL-1464,0.0162,231.89,1.0,22.9,1,27684.3,2,LAMP_FAILURE
SL-1465,0.4082,223.35,21.7,33.7,0,27388.6,3,SENSOR_FAILURE
SL-1466,0.0058,229.24,0.0,20.5,1,14941.3,5,LAMP_FAILURE
SL-1467,0.5962,133.23,275.3,41.1,0,25504.0,4,VOLTAGE_ANOMALY
SL-1468,0.4863,232.8,613.7,35.5,0,9435.9,2,WORKING
SL-1469,0.0307,0.0,4.2,32.6,1,23895.7,3,POWER_FAILURE
SL-1470,0.018,11.17,4.0,19.9,1,7514.6,1,POWER_FAILURE
SL-1471,0.0133,6.81,0.9,21.4,2,30488.2,0,POWER_FAILURE
SL-1472,0.054,228.29,0.0,17.6,1,19298.4,1,LAMP_FAILURE
SL-1473,0.0178,235.29,0.0,27.1,1,49777.9,4,LAMP_FAILURE
SL-1474,0.4082,233.5,925.7,26.4,1,10562.3,1,WORKING
SL-1475,0.0413,0.0,2.7,27.9,2,31892.5,2,POWER_FAILURE
SL-1476,0.4864,222.5,0.0,28.0,1,21368.7,3,SENSOR_FAILURE
SL-1477,0.0,5.27,6.0,24.5,2,46393.8,0,POWER_FAILURE
SL-1478,0.3645,227.28,713.1,41.3,0,48337.5,0,WORKING
SL-1479,0.584,135.44,323.3,46.0,2,46188.3,4,VOLTAGE_ANOMALY
SL-1480,0.4919,231.14,856.7,35.7,0,34322.3,2,WORKING
SL-1481,0.7495,116.3,203.2,20.4,0,32715.0,4,VOLTAGE_ANOMALY
SL-1482,0.003,8.59,5.8,22.4,1,12112.5,1,POWER_FAILURE
SL-1483,0.0158,12.59,5.5,24.5,2,10319.2,3,POWER_FAILURE
SL-1484,0.4533,230.05,1175.1,40.0,2,34350.7,3,SENSOR_FAILURE
SL-1485,0.3803,228.07,909.2,40.6,0,21177.4,2,WORKING
SL-1486,0.3142,287.32,888.7,50.5,1,16067.4,0,VOLTAGE_ANOMALY
SL-1487,0.1699,229.49,45.9,24.7,1,58766.7,3,LAMP_FAILURE
SL-1488,0.1702,288.83,205.9,60.6,1,40855.6,4,VOLTAGE_ANOMALY
SL-1489,0.4735,231.99,4.7,30.8,0,13863.8,2,SENSOR_FAILURE
SL-1490,0.3647,280.27,354.8,58.4,0,40404.9,0,VOLTAGE_ANOMALY
SL-1491,0.3622,233.91,605.9,39.4,0,9137.4,0,WORKING
SL-1492,0.0,6.33,0.4,30.8,1,6054.5,4,POWER_FAILURE
SL-1493,0.4608,144.67,133.3,30.2,2,45811.9,4,VOLTAGE_ANOMALY
SL-1494,0.3204,230.66,638.0,23.8,0,3142.3,2,SENSOR_FAILURE
SL-1495,0.2141,296.82,509.7,39.1,0,49929.6,4,VOLTAGE_ANOMALY
SL-1496,0.313,226.03,1215.1,34.9,0,43004.6,2,SENSOR_FAILURE
SL-1497,0.7259,110.67,183.5,25.6,0,44294.1,3,VOLTAGE_ANOMALY
SL-1498,0.3678,227.41,665.8,35.7,0,15908.3,0,WORKING
SL-1499,0.3621,232.81,853.9,28.8,0,23919.9,1,WORKING
SL-1500,0.2409,283.48,821.2,52.2,0,20552.0,2,VOLTAGE_ANOMALY
SL-1501,0.4201,226.72,847.6,32.0,0,49814.9,2,WORKING
SL-1502,0.145,233.34,65.3,25.8,2,40631.4,2,LAMP_FAILURE
SL-1503,0.4561,230.62,13.5,31.2,0,15490.0,1,SENSOR_FAILURE
SL-1504,0.0,2.95,0.0,31.1,2,40921.1,4,POWER_FAILURE
SL-1505,0.0176,26.24,11.2,28.1,2,35364.3,1,POWER_FAILURE
SL-1506,0.3784,236.36,1.1,89.2,1,33667.0,1,SENSOR_FAILURE
SL-1507,0.3952,235.37,3.2,23.4,0,14183.9,2,SENSOR_FAILURE
SL-1508,0.2576,261.78,259.5,64.3,0,17751.6,4,VOLTAGE_ANOMALY
SL-1509,0.3534,231.33,678.6,32.8,0,4369.7,2,WORKING
SL-1510,0.4003,240.79,1865.9,39.7,2,47719.5,2,SENSOR_FAILURE
SL-1511,0.4464,226.6,908.1,31.0,0,14105.5,1,WORKING
SL-1512,0.0215,0.0,14.4,25.7,2,44410.1,4,POWER_FAILURE
SL-1513,0.0315,9.15,10.9,29.5,2,41542.8,3,POWER_FAILURE
SL-1514,0.0295,220.65,4.7,36.1,1,7102.1,2,LAMP_FAILURE
SL-1515,0.2673,272.11,352.1,64.0,0,45684.6,3,VOLTAGE_ANOMALY
SL-1516,0.3797,228.95,640.9,31.6,0,32300.6,1,WORKING
SL-1517,0.5415,237.83,1.3,33.8,0,1960.5,3,SENSOR_FAILURE
SL-1518,0.1121,236.04,55.1,34.5,1,59673.1,2,LAMP_FAILURE
SL-1519,0.0407,225.37,10.4,33.7,2,48800.1,2,LAMP_FAILURE
SL-1520,0.2806,294.35,407.6,82.3,0,31068.4,2,VOLTAGE_ANOMALY
SL-1521,0.3197,214.23,1126.3,41.5,2,4785.6,3,SENSOR_FAILURE
SL-1522,0.6444,132.72,118.7,24.1,1,10615.4,0,VOLTAGE_ANOMALY
SL-1523,0.3649,226.21,734.6,31.5,0,37804.8,0,WORKING
SL-1524,0.4038,232.55,1325.9,27.8,0,23825.7,3,SENSOR_FAILURE
SL-1525,0.0,0.0,3.4,24.8,1,15036.1,4,POWER_FAILURE
SL-1526,0.5451,152.58,294.2,29.9,1,30348.1,4,VOLTAGE_ANOMALY
SL-1527,0.2042,277.98,380.4,65.0,1,31044.0,0,VOLTAGE_ANOMALY
SL-1528,0.394,222.23,8.3,28.5,1,35849.3,0,SENSOR_FAILURE
SL-1529,0.5995,140.55,80.1,22.2,1,38245.2,2,VOLTAGE_ANOMALY
SL-1530,0.0058,228.71,0.0,18.8,1,38530.6,3,LAMP_FAILURE
SL-1531,0.484,231.53,669.4,31.0,0,1239.4,0,WORKING
SL-1532,0.4368,233.29,745.2,38.8,0,25147.4,2,WORKING
SL-1533,0.3184,274.9,404.9,48.3,1,20612.8,3,VOLTAGE_ANOMALY
SL-1534,0.383,229.15,967.4,30.8,0,44048.7,2,WORKING
SL-1535,0.3274,234.49,232.0,38.1,2,43567.4,3,SENSOR_FAILURE
SL-1536,0.476,239.76,6.1,18.6,0,23874.9,1,SENSOR_FAILURE
SL-1537,0.0485,227.8,1.4,18.1,2,8082.1,2,LAMP_FAILURE
SL-1538,0.0003,0.0,0.3,19.4,2,47445.1,1,POWER_FAILURE
SL-1539,0.0394,223.52,45.6,21.3,0,38731.7,5,LAMP_FAILURE
SL-1540,0.0592,229.71,26.0,33.8,1,38202.0,5,LAMP_FAILURE
SL-1541,0.2807,220.03,1859.3,27.6,0,11974.6,2,SENSOR_FAILURE
SL-1542,0.0,0.0,3.8,25.0,1,41243.7,3,POWER_FAILURE
SL-1543,0.0172,230.4,6.5,29.7,0,32184.8,5,LAMP_FAILURE
SL-1544,0.1801,288.01,279.6,47.2,0,40095.1,3,VOLTAGE_ANOMALY
SL-1545,0.2355,271.25,629.5,61.2,2,2343.6,3,VOLTAGE_ANOMALY
SL-1546,0.4466,218.31,25.5,63.9,2,39788.5,0,SENSOR_FAILURE
SL-1547,0.4633,179.24,193.5,28.2,1,16841.5,4,VOLTAGE_ANOMALY
SL-1548,0.0376,0.0,4.5,22.0,2,23463.5,1,POWER_FAILURE
SL-1549,0.6447,125.52,136.4,19.5,0,3122.9,4,VOLTAGE_ANOMALY
SL-1550,0.0064,14.12,6.0,18.0,2,27644.2,2,POWER_FAILURE
SL-1551,0.3972,230.59,786.8,28.9,0,7964.3,2,WORKING
SL-1552,0.368,233.47,0.0,29.3,1,9490.3,0,SENSOR_FAILURE
SL-1553,0.3965,228.75,783.3,38.7,2,36200.3,2,SENSOR_FAILURE
SL-1554,0.0297,224.67,0.0,29.2,1,34745.9,1,LAMP_FAILURE
SL-1555,0.7244,116.96,59.0,24.0,0,38656.6,3,VOLTAGE_ANOMALY
SL-1556,0.0,9.49,10.3,24.1,2,35779.0,1,POWER_FAILURE
SL-1557,0.4249,221.23,0.0,36.8,0,28908.2,1,SENSOR_FAILURE
SL-1558,0.4616,225.86,846.6,30.8,0,44692.8,1,WORKING
SL-1559,0.0191,233.43,0.0,22.1,2,57989.2,2,LAMP_FAILURE
SL-1560,0.0129,0.0,4.3,13.8,2,45029.1,0,POWER_FAILURE
SL-1561,0.0263,13.24,3.7,33.9,1,30064.8,2,POWER_FAILURE
SL-1562,0.0,6.59,9.4,25.0,2,37705.3,0,POWER_FAILURE
SL-1563,0.034,226.36,25.0,30.9,2,18602.2,3,LAMP_FAILURE
SL-1564,0.0127,227.57,16.6,26.0,0,11754.6,3,LAMP_FAILURE
SL-1565,0.0147,231.56,18.0,34.6,2,35147.2,1,LAMP_FAILURE
SL-1566,0.359,230.71,686.8,36.4,0,10376.5,0,WORKING
SL-1567,0.499,228.37,658.3,30.0,0,14349.4,0,WORKING
SL-1568,0.4414,228.52,18.1,42.5,1,2148.4,3,SENSOR_FAILURE
SL-1569,0.0079,217.2,9.9,29.2,1,15553.9,4,LAMP_FAILURE
SL-1570,0.0385,225.42,0.0,23.0,1,5467.9,5,LAMP_FAILURE
SL-1571,0.4108,228.2,31.5,26.0,1,11146.0,0,SENSOR_FAILURE
SL-1572,0.0479,231.78,0.9,29.1,2,11691.7,4,LAMP_FAILURE
SL-1573,0.0286,0.0,0.0,25.5,1,29891.9,1,POWER_FAILURE
SL-1574,0.0069,0.0,8.2,19.2,2,36855.5,2,POWER_FAILURE
SL-1575,0.5397,227.0,24.7,41.3,0,43270.5,1,SENSOR_FAILURE
SL-1576,0.2769,295.9,550.0,72.4,1,49883.7,4,VOLTAGE_ANOMALY
SL-1577,0.0242,229.35,20.1,33.5,2,12193.1,1,LAMP_FAILURE
SL-1578,0.3537,230.3,893.7,26.9,0,10125.3,0,WORKING
SL-1579,0.0,3.75,0.0,21.7,2,27911.8,2,POWER_FAILURE
SL-1580,0.0272,3.75,0.3,29.8,1,23599.6,4,POWER_FAILURE
SL-1581,0.4355,179.15,305.6,26.8,1,15199.2,1,VOLTAGE_ANOMALY
SL-1582,0.4769,231.99,793.8,42.3,1,31665.4,1,WORKING
SL-1583,0.3993,230.88,950.2,35.4,0,5905.1,2,WORKING
SL-1584,0.2756,305.94,836.6,67.2,1,46888.4,2,VOLTAGE_ANOMALY
SL-1585,0.6446,125.72,232.0,37.6,0,16607.2,1,VOLTAGE_ANOMALY
SL-1586,0.3028,225.22,1451.3,48.5,1,30705.7,1,SENSOR_FAILURE
SL-1587,0.0181,11.89,5.6,32.6,1,25512.6,0,POWER_FAILURE
SL-1588,0.313,226.57,1232.3,40.7,1,14729.6,0,SENSOR_FAILURE
SL-1589,0.2026,282.9,518.7,43.9,1,10717.3,1,VOLTAGE_ANOMALY
SL-1590,0.3663,266.65,365.5,66.1,0,37511.7,0,VOLTAGE_ANOMALY
SL-1591,0.4906,223.5,1587.4,62.7,1,23238.6,1,SENSOR_FAILURE
SL-1592,0.4129,227.39,693.6,31.9,0,43672.3,0,WORKING
SL-1593,0.0318,222.68,18.5,36.1,2,11827.7,1,LAMP_FAILURE
SL-1594,0.4248,175.22,178.5,25.3,0,41527.2,3,VOLTAGE_ANOMALY
SL-1595,0.4611,172.66,338.0,35.8,0,23108.3,4,VOLTAGE_ANOMALY
SL-1596,0.4001,231.68,659.5,50.5,0,36277.2,1,WORKING
SL-1597,0.2727,277.5,852.3,67.1,0,48965.8,3,VOLTAGE_ANOMALY
SL-1598,0.3604,232.91,867.6,27.8,0,20091.5,2,WORKING
SL-1599,0.4132,235.81,1866.0,32.8,2,8127.5,1,SENSOR_FAILURE
SL-1600,0.1789,271.53,438.2,43.2,1,31809.5,4,VOLTAGE_ANOMALY
SL-1601,0.3843,232.07,763.2,47.2,0,33870.1,1,WORKING
SL-1602,0.5124,227.14,6.8,21.3,1,49384.0,3,SENSOR_FAILURE
SL-1603,0.406,226.82,1947.1,44.7,0,14810.0,0,SENSOR_FAILURE
SL-1604,0.4992,231.86,621.4,35.1,0,13132.3,0,WORKING
SL-1605,0.7249,126.52,272.1,32.4,1,32250.2,2,VOLTAGE_ANOMALY
SL-1606,0.2583,294.38,314.3,37.6,0,11606.4,4,VOLTAGE_ANOMALY
SL-1607,0.0006,234.99,41.6,18.2,1,14152.0,2,LAMP_FAILURE
SL-1608,0.4094,234.31,1214.6,35.7,0,30803.0,2,SENSOR_FAILURE
SL-1609,0.4701,228.14,754.6,32.0,0,48797.1,0,WORKING
SL-1610,0.42,232.05,0.0,21.9,0,11190.1,0,SENSOR_FAILURE
SL-1611,0.0328,227.78,6.1,25.5,0,19467.3,3,LAMP_FAILURE
SL-1612,0.5321,226.0,1344.4,33.2,0,35307.0,0,SENSOR_FAILURE
SL-1613,0.5251,232.38,1669.4,61.9,0,3175.1,2,SENSOR_FAILURE
SL-1614,0.5872,144.71,355.8,20.9,0,22656.1,2,VOLTAGE_ANOMALY
SL-1615,0.4449,231.23,272.7,59.3,1,18355.6,3,SENSOR_FAILURE
SL-1616,0.7996,100.32,287.5,22.3,1,5033.4,4,VOLTAGE_ANOMALY
SL-1617,0.4588,229.19,1126.6,3.5,0,22546.9,2,SENSOR_FAILURE
SL-1618,0.4845,228.97,928.1,28.1,0,1240.4,1,WORKING
SL-1619,0.6373,122.88,220.4,30.6,1,48319.6,1,VOLTAGE_ANOMALY
SL-1620,0.4406,228.32,0.0,29.4,1,1250.0,1,SENSOR_FAILURE
SL-1621,0.4511,229.64,864.5,30.9,0,14761.1,1,SENSOR_FAILURE
SL-1622,0.4637,154.38,85.3,20.6,2,18857.0,0,VOLTAGE_ANOMALY
SL-1623,0.4931,236.41,25.7,32.5,1,48903.9,0,SENSOR_FAILURE
SL-1624,0.1461,220.77,45.3,16.1,1,53103.9,4,LAMP_FAILURE
SL-1625,0.4842,234.53,818.1,39.0,0,10448.0,0,WORKING
SL-1626,0.3748,230.09,890.5,39.5,0,23347.1,0,WORKING
SL-1627,0.4661,228.41,807.0,42.1,0,35466.2,0,WORKING
SL-1628,0.4427,227.25,679.9,35.1,0,1399.7,2,WORKING
SL-1629,0.007,0.0,0.0,25.3,1,47367.8,0,POWER_FAILURE
SL-1630,0.4433,220.94,26.6,29.8,0,41649.9,2,SENSOR_FAILURE
SL-1631,0.0426,217.04,0.0,25.9,2,22178.8,1,LAMP_FAILURE
SL-1632,0.301,267.57,869.1,36.2,2,19267.7,3,VOLTAGE_ANOMALY
SL-1633,0.4129,228.86,887.2,42.2,0,47024.1,2,WORKING
SL-1634,0.4165,229.91,781.4,33.0,0,12326.7,2,WORKING
SL-1635,0.0154,1.27,0.0,20.5,1,13642.3,3,POWER_FAILURE
SL-1636,0.0073,13.09,11.5,23.2,1,35963.1,3,POWER_FAILURE
SL-1637,0.4165,170.72,40.0,26.4,1,36766.6,4,VOLTAGE_ANOMALY
SL-1638,0.6414,118.81,185.5,37.2,0,47136.1,3,VOLTAGE_ANOMALY
SL-1639,0.3692,230.29,787.0,30.3,0,9164.5,2,WORKING
SL-1640,0.3729,282.8,514.9,68.9,0,15627.9,1,VOLTAGE_ANOMALY
SL-1641,0.0557,228.94,1.2,20.5,1,9166.6,5,LAMP_FAILURE
SL-1642,0.1309,220.77,55.9,30.3,0,36772.7,2,LAMP_FAILURE
SL-1643,0.3689,231.92,752.5,44.0,1,4222.4,0,WORKING
SL-1644,0.0136,8.52,0.1,26.8,1,45025.5,0,POWER_FAILURE
SL-1645,0.5164,231.78,1495.4,37.6,0,43608.2,3,SENSOR_FAILURE
SL-1646,0.0,7.56,7.2,21.6,0,11253.9,1,POWER_FAILURE
SL-1647,0.3299,291.68,436.9,40.8,1,44241.8,1,VOLTAGE_ANOMALY
SL-1648,0.0,0.0,0.0,21.1,2,12662.6,2,POWER_FAILURE
SL-1649,0.4904,228.52,643.7,35.8,0,3763.1,2,WORKING
SL-1650,0.4475,234.43,894.6,40.4,0,44541.7,1,WORKING
SL-1651,0.4895,224.66,518.3,51.2,1,3883.5,3,SENSOR_FAILURE
SL-1652,0.5166,235.53,25.8,33.8,0,1670.8,0,SENSOR_FAILURE
SL-1653,0.386,224.25,769.4,36.4,0,1090.8,0,WORKING
SL-1654,0.3446,225.9,20.1,40.9,2,7238.4,0,SENSOR_FAILURE
SL-1655,0.4107,232.91,848.8,40.9,0,12545.3,1,WORKING
SL-1656,0.3524,235.24,1238.9,29.7,1,2056.5,0,SENSOR_FAILURE
SL-1657,0.354,233.27,706.8,31.6,0,13276.4,0,WORKING
SL-1658,0.4978,232.53,658.3,36.4,0,40465.8,2,WORKING
SL-1659,0.4958,233.8,932.6,35.3,0,1815.2,2,WORKING
SL-1660,0.4228,231.96,0.0,50.1,0,13563.7,0,SENSOR_FAILURE
SL-1661,0.2183,308.91,405.1,56.0,0,14804.7,4,VOLTAGE_ANOMALY
SL-1662,0.0075,218.4,16.5,23.4,1,47078.6,2,LAMP_FAILURE
SL-1663,0.0,0.0,9.5,25.2,1,41910.0,0,POWER_FAILURE
SL-1664,0.051,0.0,9.8,23.9,1,45535.3,0,POWER_FAILURE
SL-1665,0.5685,225.81,216.1,53.4,1,21317.9,1,SENSOR_FAILURE
SL-1666,0.1213,224.87,51.2,24.0,1,22583.9,5,LAMP_FAILURE
SL-1667,0.4745,231.24,846.4,38.6,0,28862.4,2,WORKING
SL-1668,0.0,3.95,0.0,23.4,2,34809.5,0,POWER_FAILURE
SL-1669,0.003,221.9,27.4,29.0,1,58897.4,4,LAMP_FAILURE
SL-1670,0.4527,227.02,811.1,29.5,0,9461.3,2,WORKING
SL-1671,0.4659,236.76,1473.2,28.4,1,616.4,0,SENSOR_FAILURE
SL-1672,0.2963,304.81,590.5,61.4,1,1181.6,3,VOLTAGE_ANOMALY
SL-1673,0.7228,105.89,89.4,37.0,0,23815.8,1,VOLTAGE_ANOMALY
SL-1674,0.4937,177.49,138.3,21.8,0,13584.0,0,VOLTAGE_ANOMALY
SL-1675,0.2527,264.59,793.4,54.4,0,16104.1,4,VOLTAGE_ANOMALY
SL-1676,0.0,5.83,0.2,16.8,0,28359.1,3,POWER_FAILURE
SL-1677,0.4399,221.25,707.8,43.0,0,41088.5,1,WORKING
SL-1678,0.4068,231.88,854.0,46.2,2,13676.1,0,SENSOR_FAILURE
SL-1679,0.0148,0.32,7.6,27.4,2,21558.5,4,POWER_FAILURE
SL-1680,0.3861,228.87,637.6,37.3,0,42268.3,2,WORKING
SL-1681,0.0404,235.21,18.1,21.7,1,21254.8,4,LAMP_FAILURE
SL-1682,0.3399,284.33,565.0,60.1,1,20703.0,1,VOLTAGE_ANOMALY
SL-1683,0.0153,9.43,3.9,27.3,1,28970.9,2,POWER_FAILURE
SL-1684,0.4547,230.38,776.7,37.0,0,34070.5,0,WORKING
SL-1685,0.387,233.06,460.8,36.8,2,16819.7,3,SENSOR_FAILURE
SL-1686,0.0088,0.0,2.3,24.5,2,18700.1,4,POWER_FAILURE
SL-1687,0.012,0.0,8.0,23.4,2,26470.0,0,POWER_FAILURE
SL-1688,0.1997,305.75,977.6,53.2,1,48910.6,4,VOLTAGE_ANOMALY
SL-1689,0.0,3.51,0.0,23.2,2,582.4,1,POWER_FAILURE
SL-1690,0.0204,219.58,13.8,27.0,1,35647.1,4,LAMP_FAILURE
SL-1691,0.3725,224.05,822.2,17.5,0,27944.6,0,SENSOR_FAILURE
SL-1692,0.4998,229.65,740.8,33.8,0,24304.9,1,WORKING
SL-1693,0.3581,232.89,22.8,33.9,2,19857.5,0,SENSOR_FAILURE
SL-1694,0.3927,177.9,255.6,33.5,0,35285.6,3,VOLTAGE_ANOMALY
SL-1695,0.012,225.6,10.6,24.5,1,58330.6,1,LAMP_FAILURE
SL-1696,0.4505,167.62,197.7,29.2,1,42384.9,0,VOLTAGE_ANOMALY
SL-1697,0.3552,296.68,882.5,63.1,0,23756.1,2,VOLTAGE_ANOMALY
SL-1698,0.0552,232.08,22.7,28.8,1,24201.6,4,LAMP_FAILURE
SL-1699,0.3788,230.0,960.7,37.1,0,35000.0,0,WORKING
SL-1700,0.0185,4.69,7.4,28.0,1,32156.8,4,POWER_FAILURE
SL-1701,0.3445,225.56,12.7,51.0,2,48704.1,0,SENSOR_FAILURE
SL-1702,0.4945,233.77,768.6,31.1,0,8459.1,1,WORKING
SL-1703,0.0323,232.06,16.1,26.6,1,36387.8,3,LAMP_FAILURE
SL-1704,0.4114,230.86,708.5,35.4,0,37346.7,2,WORKING
SL-1705,0.3599,224.7,702.8,33.4,1,18976.7,1,WORKING
SL-1706,0.0014,228.13,10.6,24.4,1,53134.0,4,LAMP_FAILURE
SL-1707,0.0507,224.7,0.0,24.8,1,40930.9,3,LAMP_FAILURE
SL-1708,0.3879,222.28,1354.0,55.3,0,48297.3,1,SENSOR_FAILURE
SL-1709,0.3037,219.26,11.4,38.8,0,26264.8,2,SENSOR_FAILURE
SL-1710,0.4149,239.66,0.0,36.4,1,39628.3,1,SENSOR_FAILURE
SL-1711,0.0129,5.2,4.5,22.1,2,29384.4,3,POWER_FAILURE
SL-1712,0.2691,308.61,558.1,66.5,0,27441.4,3,VOLTAGE_ANOMALY
SL-1713,0.5109,238.05,27.2,22.3,0,29352.7,0,SENSOR_FAILURE
SL-1714,0.0974,235.58,25.8,36.1,1,13252.2,5,LAMP_FAILURE
SL-1715,0.0491,0.0,2.4,20.0,2,31915.2,4,POWER_FAILURE
SL-1716,0.3641,227.06,613.0,29.7,0,23888.8,2,WORKING
SL-1717,0.4154,223.27,823.6,45.4,0,35419.4,0,WORKING
SL-1718,0.4751,157.38,208.3,34.7,1,47871.7,3,VOLTAGE_ANOMALY
SL-1719,0.0193,15.44,3.7,24.8,1,37038.9,1,POWER_FAILURE
SL-1720,0.4613,226.39,1878.8,20.6,0,42217.6,2,SENSOR_FAILURE
SL-1721,0.0279,0.0,0.8,28.1,2,12725.8,2,POWER_FAILURE
SL-1722,0.0173,231.31,20.4,25.6,2,58638.1,2,LAMP_FAILURE
SL-1723,0.2299,297.68,657.2,40.8,0,24879.4,2,VOLTAGE_ANOMALY
SL-1724,0.3682,225.18,1530.2,45.1,1,4292.9,2,SENSOR_FAILURE
SL-1725,0.002,0.0,4.7,24.0,2,2382.6,0,POWER_FAILURE
SL-1726,0.0214,224.58,0.0,26.2,1,33246.2,3,LAMP_FAILURE
SL-1727,0.5219,241.38,627.2,27.8,0,19672.6,0,SENSOR_FAILURE
SL-1728,0.16,224.66,64.4,17.6,2,11098.8,3,LAMP_FAILURE
SL-1729,0.0175,8.2,2.6,24.3,2,49925.3,2,POWER_FAILURE
SL-1730,0.6091,144.48,299.9,21.8,0,5821.6,4,VOLTAGE_ANOMALY
SL-1731,0.0391,229.69,0.0,22.7,1,55306.7,1,LAMP_FAILURE
SL-1732,0.4939,227.95,975.8,40.0,0,30606.3,2,WORKING
SL-1733,0.4869,232.03,767.4,37.8,0,46512.6,2,WORKING
SL-1734,0.5006,156.25,105.2,21.5,0,48200.4,0,VOLTAGE_ANOMALY
SL-1735,0.0,14.4,3.2,24.3,2,5676.0,2,POWER_FAILURE
SL-1736,0.059,222.7,16.9,33.3,2,9911.4,1,LAMP_FAILURE
SL-1737,0.5966,128.78,301.6,34.0,1,44773.8,1,VOLTAGE_ANOMALY
SL-1738,0.3742,234.98,6.1,59.7,2,37631.3,3,SENSOR_FAILURE
SL-1739,0.5164,222.78,0.0,66.4,1,8794.3,0,SENSOR_FAILURE
SL-1740,0.4191,228.33,823.2,42.7,0,26591.1,2,WORKING
SL-1741,0.0313,7.68,0.0,19.2,2,22306.8,4,POWER_FAILURE
SL-1742,0.771,102.82,66.3,45.3,1,14403.3,3,VOLTAGE_ANOMALY
SL-1743,0.0,9.32,0.4,23.1,1,15606.5,3,POWER_FAILURE
SL-1744,0.0034,223.15,16.7,26.9,2,6736.9,2,LAMP_FAILURE
SL-1745,0.3797,223.13,1.8,38.6,2,23935.8,1,SENSOR_FAILURE
SL-1746,0.0383,235.21,0.0,24.5,0,33740.7,5,LAMP_FAILURE
SL-1747,0.0575,222.86,10.3,31.7,2,42282.2,2,LAMP_FAILURE
SL-1748,0.0481,230.59,14.0,29.9,1,42284.1,5,LAMP_FAILURE
SL-1749,0.0068,12.41,0.0,24.7,2,7345.4,3,POWER_FAILURE
SL-1750,0.0224,222.71,16.8,31.5,2,43956.5,4,LAMP_FAILURE
SL-1751,0.4588,229.44,0.0,65.0,0,18048.2,2,SENSOR_FAILURE
SL-1752,0.0495,223.38,7.0,30.0,2,27695.8,3,LAMP_FAILURE
SL-1753,0.0,0.26,8.7,23.6,2,41582.5,4,POWER_FAILURE
SL-1754,0.3706,219.29,1430.6,15.3,2,44102.3,1,SENSOR_FAILURE
SL-1755,0.0,0.0,0.0,20.1,2,43450.9,2,POWER_FAILURE
SL-1756,0.3816,220.31,1205.6,27.9,1,45391.5,3,SENSOR_FAILURE
SL-1757,0.0143,0.0,8.3,29.3,1,27717.4,3,POWER_FAILURE
SL-1758,0.3855,229.08,627.0,41.5,0,36045.9,1,WORKING
SL-1759,0.4399,232.15,1348.4,52.6,0,46139.1,3,SENSOR_FAILURE
SL-1760,0.4899,227.25,615.7,33.3,1,15538.1,1,WORKING
SL-1761,0.0452,230.72,0.0,25.7,1,33678.5,2,LAMP_FAILURE
SL-1762,0.4233,227.97,616.2,26.8,1,25134.5,2,WORKING
SL-1763,0.373,227.64,698.0,34.2,1,11892.6,2,WORKING
SL-1764,0.3908,227.36,669.9,31.0,0,48662.3,0,WORKING
SL-1765,0.0,0.0,6.1,26.3,2,7423.0,3,POWER_FAILURE
SL-1766,0.4205,229.12,966.8,34.8,0,27360.5,2,WORKING
SL-1767,0.0021,222.64,16.3,24.8,1,18690.7,4,LAMP_FAILURE
SL-1768,0.4708,222.02,1857.9,70.3,1,27800.8,0,SENSOR_FAILURE
SL-1769,0.2601,293.55,574.9,58.9,2,11559.6,1,VOLTAGE_ANOMALY
SL-1770,0.4002,224.69,1195.4,42.0,2,21583.2,1,SENSOR_FAILURE
SL-1771,0.444,225.64,722.8,32.5,0,29444.0,1,WORKING
SL-1772,0.423,238.35,20.7,43.9,1,38341.3,2,SENSOR_FAILURE
SL-1773,0.0525,226.7,17.3,33.2,2,41648.4,3,LAMP_FAILURE
SL-1774,0.4271,230.04,871.5,37.9,0,24590.5,1,WORKING
SL-1775,0.0137,7.63,0.0,16.6,1,43094.2,2,POWER_FAILURE
SL-1776,0.0009,13.94,9.0,20.9,2,10339.0,3,POWER_FAILURE
SL-1777,0.0268,6.54,7.3,17.7,2,42231.1,0,POWER_FAILURE
SL-1778,0.0018,0.69,10.8,26.0,1,40402.8,2,POWER_FAILURE
SL-1779,0.2717,301.96,645.1,33.3,0,38838.2,4,VOLTAGE_ANOMALY
SL-1780,0.4637,230.83,888.4,34.1,0,38666.1,2,WORKING
SL-1781,0.4416,230.44,0.0,50.2,2,26427.2,1,SENSOR_FAILURE
SL-1782,0.0467,237.02,30.5,33.9,1,12429.6,5,LAMP_FAILURE
SL-1783,0.2431,286.75,883.3,48.0,2,39561.7,1,VOLTAGE_ANOMALY
SL-1784,0.3828,229.6,698.8,36.7,0,10060.6,1,WORKING
SL-1785,0.5282,230.56,687.5,27.6,1,36444.3,1,SENSOR_FAILURE
SL-1786,0.2848,280.25,724.9,53.2,1,17856.1,4,VOLTAGE_ANOMALY
SL-1787,0.394,220.83,1495.5,30.8,2,7246.0,2,SENSOR_FAILURE
SL-1788,0.4904,232.46,714.6,39.3,0,42718.1,2,WORKING
SL-1789,0.1771,234.62,25.6,19.5,1,45017.3,1,LAMP_FAILURE
SL-1790,0.1524,226.03,73.7,21.8,0,33072.9,4,LAMP_FAILURE
SL-1791,0.3231,265.44,497.4,49.0,2,33601.9,1,VOLTAGE_ANOMALY
SL-1792,0.3842,230.98,592.0,51.0,0,21718.0,1,WORKING
SL-1793,0.3578,233.57,763.6,39.0,0,20345.9,0,WORKING
SL-1794,0.0545,231.17,13.7,27.9,1,28633.2,2,LAMP_FAILURE
SL-1795,0.0,0.0,9.6,14.0,1,611.5,0,POWER_FAILURE
SL-1796,0.3765,230.32,623.0,40.0,0,15237.2,1,WORKING
SL-1797,0.0134,5.69,14.8,25.7,1,43787.2,4,POWER_FAILURE
SL-1798,0.462,226.52,935.6,31.7,0,17112.1,2,WORKING
SL-1799,0.0169,0.0,5.0,37.6,1,38990.8,1,POWER_FAILURE
SL-1800,0.4326,226.94,793.6,33.7,0,7922.9,2,WORKING
SL-1801,0.6329,127.67,25.5,31.2,0,45092.6,3,VOLTAGE_ANOMALY
SL-1802,0.2162,297.27,364.3,56.1,0,35840.7,2,VOLTAGE_ANOMALY
SL-1803,0.4673,232.9,842.8,39.6,0,39344.7,1,WORKING
SL-1804,0.5424,149.86,156.9,39.4,0,19285.3,4,VOLTAGE_ANOMALY
SL-1805,0.0251,9.19,0.0,17.5,2,29687.9,2,POWER_FAILURE
SL-1806,0.483,228.05,968.8,46.0,0,27866.1,0,WORKING
SL-1807,0.0244,0.0,9.3,22.4,1,14632.3,2,POWER_FAILURE
SL-1808,0.0195,222.08,4.6,28.2,2,10895.1,2,LAMP_FAILURE
SL-1809,0.0189,229.21,0.0,25.6,2,22240.9,3,LAMP_FAILURE
SL-1810,0.4172,228.06,927.4,28.2,0,695.1,2,WORKING
SL-1811,0.0096,25.63,3.8,29.0,2,22949.6,2,POWER_FAILURE
SL-1812,0.03,9.33,4.7,24.6,1,32672.4,4,POWER_FAILURE
SL-1813,0.0,0.0,3.0,32.2,2,45031.0,0,POWER_FAILURE
SL-1814,0.5881,166.96,139.9,36.4,1,45472.5,3,VOLTAGE_ANOMALY
SL-1815,0.2821,303.15,252.6,58.3,1,24168.6,4,VOLTAGE_ANOMALY
SL-1816,0.4996,229.87,608.2,33.6,0,31455.2,1,WORKING
SL-1817,0.6281,119.91,189.5,34.1,2,586.4,3,VOLTAGE_ANOMALY
SL-1818,0.2757,297.26,833.4,55.8,1,14304.7,4,VOLTAGE_ANOMALY
SL-1819,0.2643,295.29,423.6,59.2,0,31046.7,4,VOLTAGE_ANOMALY
SL-1820,0.0521,226.71,7.0,20.1,1,31619.3,5,LAMP_FAILURE
SL-1821,0.0305,10.43,6.7,28.6,2,6064.9,0,POWER_FAILURE
SL-1822,0.341,270.78,487.2,55.3,0,8102.9,2,VOLTAGE_ANOMALY
SL-1823,0.3881,233.02,14.6,28.1,0,40418.6,0,SENSOR_FAILURE
SL-1824,0.3288,279.25,606.4,51.9,2,7362.5,3,VOLTAGE_ANOMALY
SL-1825,0.3941,233.57,1301.9,38.1,2,33691.8,2,SENSOR_FAILURE
SL-1826,0.4813,231.63,803.9,42.4,1,47884.1,2,WORKING
SL-1827,0.4907,175.67,132.4,24.7,0,6274.2,2,VOLTAGE_ANOMALY
SL-1828,0.2118,293.28,597.9,55.3,1,23542.6,1,VOLTAGE_ANOMALY
SL-1829,0.4382,225.58,1709.9,41.8,0,27782.0,0,SENSOR_FAILURE
SL-1830,0.2157,277.52,679.7,51.9,0,34091.3,4,VOLTAGE_ANOMALY
SL-1831,0.4621,228.65,778.4,33.3,0,10891.3,1,WORKING
SL-1832,0.3697,233.88,813.4,38.9,0,22730.1,0,WORKING
SL-1833,0.0189,6.58,8.3,25.4,2,8771.1,1,POWER_FAILURE
SL-1834,0.4271,233.73,1179.0,22.2,0,46523.3,1,SENSOR_FAILURE
SL-1835,0.3554,230.96,631.0,33.0,0,13074.4,2,WORKING
SL-1836,0.47,230.26,647.1,25.8,0,28469.1,1,WORKING
SL-1837,0.3858,227.63,1776.9,66.4,2,18766.4,3,SENSOR_FAILURE
SL-1838,0.5791,127.83,28.0,23.2,0,12799.4,0,VOLTAGE_ANOMALY
SL-1839,0.0007,13.47,1.2,24.8,1,22400.2,2,POWER_FAILURE
SL-1840,0.0218,217.35,18.2,32.6,2,50486.1,4,LAMP_FAILURE
SL-1841,0.4102,230.45,827.7,31.1,0,41830.2,1,WORKING
SL-1842,0.3972,227.62,908.7,33.6,1,43235.1,2,WORKING
SL-1843,0.0589,224.79,5.1,30.5,1,58986.5,1,LAMP_FAILURE
SL-1844,0.5997,129.59,99.3,33.5,1,11630.9,0,VOLTAGE_ANOMALY
SL-1845,0.5312,128.91,249.4,37.1,1,14607.9,1,VOLTAGE_ANOMALY
SL-1846,0.0584,7.93,6.7,16.6,2,19056.7,3,POWER_FAILURE
SL-1847,0.5712,234.98,1902.1,26.4,2,17889.3,1,SENSOR_FAILURE
SL-1848,0.2994,266.18,806.0,53.4,0,11447.6,1,VOLTAGE_ANOMALY
SL-1849,0.1361,222.3,50.7,33.3,1,16729.3,5,LAMP_FAILURE
SL-1850,0.0,4.85,4.3,22.3,1,42955.9,3,POWER_FAILURE
SL-1851,0.0,11.0,4.5,24.8,2,11397.4,4,POWER_FAILURE
SL-1852,0.028,0.0,4.6,29.4,2,49889.4,4,POWER_FAILURE
SL-1853,0.0306,238.52,17.0,25.4,1,55944.4,2,LAMP_FAILURE
SL-1854,0.4912,236.61,1203.0,41.3,2,42658.1,0,SENSOR_FAILURE
SL-1855,0.4193,223.54,0.0,28.1,0,9829.6,3,SENSOR_FAILURE
SL-1856,0.0321,219.98,38.4,31.7,1,40213.1,5,LAMP_FAILURE
SL-1857,0.388,229.07,920.3,36.9,0,39493.4,0,WORKING
SL-1858,0.5563,143.06,121.3,37.3,2,40903.3,2,VOLTAGE_ANOMALY
SL-1859,0.5742,125.38,197.1,19.3,1,5392.1,0,VOLTAGE_ANOMALY
SL-1860,0.4791,232.3,798.2,36.1,1,2927.9,2,WORKING
SL-1861,0.0001,22.46,2.1,27.1,1,12980.5,4,POWER_FAILURE
SL-1862,0.4748,177.69,166.2,22.5,1,3688.8,2,VOLTAGE_ANOMALY
SL-1863,0.1882,288.84,686.4,43.8,0,8250.0,3,VOLTAGE_ANOMALY
SL-1864,0.0222,0.0,6.8,17.1,1,45561.1,1,POWER_FAILURE
SL-1865,0.6432,127.83,211.5,27.1,0,37009.4,1,VOLTAGE_ANOMALY
SL-1866,0.2008,307.15,556.2,52.1,0,8493.2,2,VOLTAGE_ANOMALY
SL-1867,0.3267,231.46,1687.6,44.8,0,10556.5,0,SENSOR_FAILURE
SL-1868,0.486,170.94,310.0,44.9,1,8151.2,4,VOLTAGE_ANOMALY
SL-1869,0.0108,17.08,3.1,30.2,1,36701.1,3,POWER_FAILURE
SL-1870,0.4005,236.06,3.3,44.6,0,39700.3,3,SENSOR_FAILURE
SL-1871,0.4,226.43,643.4,25.8,0,40530.1,1,WORKING
SL-1872,0.4863,235.23,780.4,29.0,0,18917.9,2,WORKING
SL-1873,0.6218,130.35,242.0,34.9,0,42925.6,0,VOLTAGE_ANOMALY
SL-1874,0.0257,229.6,9.4,24.5,1,12409.1,3,LAMP_FAILURE
SL-1875,0.1366,225.14,60.6,31.0,0,17202.9,2,LAMP_FAILURE
SL-1876,0.0303,9.11,1.1,25.9,1,8497.6,0,POWER_FAILURE
SL-1877,0.4956,223.26,1064.1,24.8,2,45769.8,2,SENSOR_FAILURE
SL-1878,0.0306,220.47,32.6,27.1,2,36884.1,1,LAMP_FAILURE
SL-1879,0.4601,166.65,264.8,30.9,2,2873.5,0,VOLTAGE_ANOMALY
SL-1880,0.0262,228.12,28.6,17.5,2,51822.9,5,LAMP_FAILURE
SL-1881,0.1605,227.14,31.3,31.1,2,12403.1,5,LAMP_FAILURE
SL-1882,0.5368,217.01,1579.2,56.3,0,34042.2,2,SENSOR_FAILURE
SL-1883,0.5645,222.71,535.5,74.6,0,20481.9,2,SENSOR_FAILURE
SL-1884,0.307,260.86,620.2,41.9,0,38345.6,3,VOLTAGE_ANOMALY
SL-1885,0.012,223.29,6.2,23.3,2,46992.6,3,LAMP_FAILURE
SL-1886,0.4392,224.32,855.0,29.9,0,17606.3,1,WORKING
SL-1887,0.3006,260.34,735.1,62.7,2,2551.8,1,VOLTAGE_ANOMALY
SL-1888,0.4355,216.96,0.7,16.9,0,9970.9,2,SENSOR_FAILURE
SL-1889,0.4891,233.41,6.4,25.2,2,7075.8,3,SENSOR_FAILURE
SL-1890,0.6241,137.52,230.1,38.1,0,44071.9,1,VOLTAGE_ANOMALY
SL-1891,0.4329,227.59,621.9,40.6,0,37964.3,1,WORKING
SL-1892,0.4458,232.76,12.3,60.0,1,23092.1,2,SENSOR_FAILURE
SL-1893,0.0001,223.31,0.0,32.0,2,22144.9,5,LAMP_FAILURE
SL-1894,0.0965,224.99,42.5,31.5,0,46676.4,3,LAMP_FAILURE
SL-1895,0.4431,229.14,787.6,40.6,0,20135.3,1,WORKING
SL-1896,0.0468,224.69,30.7,28.3,2,27157.6,2,LAMP_FAILURE
SL-1897,0.4707,228.11,979.9,34.1,0,11282.7,2,WORKING
SL-1898,0.3793,231.64,695.8,38.7,0,46598.3,0,WORKING
SL-1899,0.3882,230.37,694.9,33.5,0,38760.1,2,WORKING
SL-1900,0.4017,232.93,936.9,40.8,0,21972.2,1,WORKING
SL-1901,0.5096,234.61,1042.8,33.2,1,29630.4,0,SENSOR_FAILURE
SL-1902,0.0849,223.81,28.8,29.6,1,57121.1,5,LAMP_FAILURE
SL-1903,0.4358,235.6,1859.9,18.0,2,20031.5,2,SENSOR_FAILURE
SL-1904,0.4277,238.2,1696.5,69.9,0,9033.9,0,SENSOR_FAILURE
SL-1905,0.4394,221.45,1437.3,41.7,1,33601.4,2,SENSOR_FAILURE
SL-1906,0.4229,221.75,1860.0,26.6,0,9106.8,2,SENSOR_FAILURE
SL-1907,0.0278,7.06,12.7,32.7,2,41905.5,4,POWER_FAILURE
SL-1908,0.3072,278.7,638.9,43.9,0,8653.6,0,VOLTAGE_ANOMALY
SL-1909,0.0086,220.84,7.4,34.3,1,9134.4,4,LAMP_FAILURE
SL-1910,0.0225,222.38,19.0,33.9,1,23135.8,3,LAMP_FAILURE
SL-1911,0.0492,0.0,0.0,17.1,2,48120.8,0,POWER_FAILURE
SL-1912,0.5796,138.84,257.3,33.7,0,29745.5,1,VOLTAGE_ANOMALY
SL-1913,0.3031,242.59,641.7,29.4,0,43694.8,2,SENSOR_FAILURE
SL-1914,0.0264,0.33,0.0,25.3,2,42306.5,3,POWER_FAILURE
SL-1915,0.0,2.96,2.7,26.6,2,14703.6,4,POWER_FAILURE
SL-1916,0.487,227.99,736.5,35.3,0,22776.7,1,WORKING
SL-1917,0.3197,261.24,345.3,62.4,1,7746.6,1,VOLTAGE_ANOMALY
SL-1918,0.4293,225.95,1487.2,22.7,0,49047.1,0,SENSOR_FAILURE
SL-1919,0.0057,4.89,0.9,24.0,2,40799.9,3,POWER_FAILURE
SL-1920,0.4289,219.43,1975.4,6.5,2,2551.6,3,SENSOR_FAILURE
SL-1921,0.1602,233.84,59.5,31.2,2,46702.6,2,LAMP_FAILURE
SL-1922,0.0,15.37,0.0,26.2,0,33069.9,1,POWER_FAILURE
SL-1923,0.4458,226.45,4.9,70.0,0,1276.9,3,SENSOR_FAILURE
SL-1924,0.4585,228.3,859.6,29.5,0,11355.7,0,WORKING
SL-1925,0.3858,231.18,645.6,47.7,0,17177.5,1,WORKING
SL-1926,0.0211,20.29,5.3,15.5,1,48360.8,1,POWER_FAILURE
SL-1927,0.3716,229.36,918.0,28.1,0,23514.9,1,WORKING
SL-1928,0.0231,225.62,12.4,21.6,1,24995.6,2,LAMP_FAILURE
SL-1929,0.4499,228.43,652.8,34.6,0,18736.1,0,WORKING
SL-1930,0.2932,283.28,583.6,55.2,0,28252.1,4,VOLTAGE_ANOMALY
SL-1931,0.4576,225.4,668.5,41.6,0,18486.5,0,WORKING
SL-1932,0.0311,229.76,28.5,26.2,1,54664.8,4,LAMP_FAILURE
SL-1933,0.4618,231.8,773.9,21.1,1,30257.8,1,WORKING
SL-1934,0.4029,226.01,11.6,26.0,1,14498.0,3,SENSOR_FAILURE
SL-1935,0.3792,261.74,233.7,60.2,1,32076.8,2,VOLTAGE_ANOMALY
SL-1936,0.356,232.19,736.0,38.4,0,26741.9,0,WORKING
SL-1937,0.3389,232.58,1495.6,19.0,1,6636.8,0,SENSOR_FAILURE
SL-1938,0.3984,231.99,810.9,25.9,0,44791.3,0,WORKING
SL-1939,0.0985,235.47,20.9,33.3,1,44647.7,1,LAMP_FAILURE
SL-1940,0.0271,231.01,12.9,23.5,2,59474.8,3,LAMP_FAILURE
SL-1941,0.4562,240.58,491.2,34.1,2,7336.8,2,SENSOR_FAILURE
SL-1942,0.0137,234.08,25.7,14.3,1,12549.5,1,LAMP_FAILURE
SL-1943,0.0413,0.0,7.4,30.5,2,14374.1,2,POWER_FAILURE
SL-1944,0.2531,308.95,925.3,75.1,0,7427.8,4,VOLTAGE_ANOMALY
SL-1945,0.3277,229.16,0.5,43.3,0,27578.3,1,SENSOR_FAILURE
SL-1946,0.0452,227.46,0.0,31.6,2,46673.9,3,LAMP_FAILURE
SL-1947,0.387,224.54,624.9,41.1,0,45205.7,1,WORKING
SL-1948,0.4691,229.43,918.1,33.1,0,18349.1,2,WORKING
SL-1949,0.0138,221.6,16.8,26.7,2,40334.6,3,LAMP_FAILURE
SL-1950,0.05,229.66,0.0,26.2,2,16001.4,3,LAMP_FAILURE
SL-1951,0.1536,234.9,49.5,26.0,1,10952.5,3,LAMP_FAILURE
SL-1952,0.4469,234.93,963.8,34.3,0,1020.1,1,WORKING
SL-1953,0.4541,226.95,851.2,36.2,0,26249.7,1,WORKING
SL-1954,0.2861,233.26,40.8,15.4,2,31959.2,2,SENSOR_FAILURE
SL-1955,0.018,0.0,6.1,34.1,1,26375.7,4,POWER_FAILURE
SL-1956,0.1941,261.49,284.7,46.9,1,32932.0,0,VOLTAGE_ANOMALY
SL-1957,0.4184,234.68,836.1,42.6,0,12679.8,1,WORKING
SL-1958,0.3511,227.25,855.6,35.7,0,3913.2,1,WORKING
SL-1959,0.4494,226.05,833.1,38.1,0,34318.7,2,WORKING
SL-1960,0.3789,235.53,954.7,29.6,0,36176.1,0,WORKING
SL-1961,0.448,225.51,842.6,40.4,0,34174.0,1,WORKING
SL-1962,0.2364,309.7,928.5,61.5,1,34189.5,1,VOLTAGE_ANOMALY
SL-1963,0.0562,221.11,0.0,36.0,1,13357.0,5,LAMP_FAILURE
SL-1964,0.4507,232.37,743.3,39.8,0,26434.8,2,WORKING
SL-1965,0.0039,232.42,34.0,25.8,1,12891.3,5,LAMP_FAILURE
SL-1966,0.0578,224.72,17.2,33.0,2,13105.4,1,LAMP_FAILURE
SL-1967,0.3861,237.41,26.0,45.1,2,34283.0,0,SENSOR_FAILURE
SL-1968,0.0,8.62,7.3,19.1,1,46742.4,4,POWER_FAILURE
SL-1969,0.0,0.0,1.1,23.4,2,8133.5,4,POWER_FAILURE
SL-1970,0.5222,157.12,232.2,35.5,1,35194.2,2,VOLTAGE_ANOMALY
SL-1971,0.1542,225.95,76.0,29.6,2,7411.7,2,LAMP_FAILURE
SL-1972,0.4028,233.69,850.0,35.5,0,21704.8,2,WORKING
SL-1973,0.2872,215.59,1223.9,29.8,0,7484.8,3,SENSOR_FAILURE
SL-1974,0.0481,224.86,17.8,27.4,1,22603.5,4,LAMP_FAILURE
SL-1975,0.0303,14.02,5.1,22.0,1,39060.1,2,POWER_FAILURE
SL-1976,0.0,0.0,1.5,25.6,1,39489.5,4,POWER_FAILURE
SL-1977,0.3812,231.07,11.9,50.8,2,28144.1,3,SENSOR_FAILURE
SL-1978,0.0421,220.73,39.0,23.3,1,48694.1,2,LAMP_FAILURE
SL-1979,0.4022,231.4,819.1,28.8,0,10066.3,2,WORKING
SL-1980,0.0294,224.54,16.5,27.8,1,34775.2,2,LAMP_FAILURE
SL-1981,0.2417,274.08,842.0,66.6,0,20966.5,3,VOLTAGE_ANOMALY
SL-1982,0.5109,141.18,130.4,18.2,0,36771.9,0,VOLTAGE_ANOMALY
SL-1983,0.4181,229.24,12.7,55.3,1,5150.2,3,SENSOR_FAILURE
SL-1984,0.5819,231.5,1745.4,19.6,1,31797.4,0,SENSOR_FAILURE
SL-1985,0.01,9.36,6.5,18.4,2,32331.1,3,POWER_FAILURE
SL-1986,0.4555,218.64,15.8,20.1,1,4688.0,3,SENSOR_FAILURE
SL-1987,0.4094,221.45,935.5,30.2,1,43528.2,0,SENSOR_FAILURE
SL-1988,0.0262,4.5,0.0,19.9,2,16152.8,3,POWER_FAILURE
SL-1989,0.4015,224.64,1661.6,48.2,0,48309.3,3,SENSOR_FAILURE
SL-1990,0.0104,229.98,0.0,18.8,1,31000.5,3,LAMP_FAILURE
SL-1991,0.0014,227.28,26.4,32.4,1,50654.3,5,LAMP_FAILURE
SL-1992,0.4342,234.65,885.2,37.3,0,9477.4,2,WORKING
SL-1993,0.1139,230.31,68.2,26.8,2,34370.6,5,LAMP_FAILURE
SL-1994,0.0116,234.69,9.5,32.1,1,42141.1,2,LAMP_FAILURE
SL-1995,0.4094,229.53,1938.8,31.4,1,20694.6,0,SENSOR_FAILURE
SL-1996,0.0299,6.55,0.8,21.8,2,36145.3,4,POWER_FAILURE
SL-1997,0.4353,233.36,740.5,42.1,0,22707.1,1,WORKING
SL-1998,0.009,225.93,27.8,29.9,1,24167.9,5,LAMP_FAILURE
SL-1999,0.2607,265.49,465.2,51.4,0,49416.2,2,VOLTAGE_ANOMALY
SL-2000,0.0105,3.19,6.9,27.0,1,5275.6,2,POWER_FAILURE
SL-2001,0.0105,0.0,8.5,25.5,1,22082.9,1,POWER_FAILURE
SL-2002,0.3507,227.46,17.9,44.0,0,46469.4,2,SENSOR_FAILURE
SL-2003,0.0,7.2,6.3,29.0,1,42551.0,3,POWER_FAILURE
SL-2004,0.4993,231.48,801.6,39.0,0,26622.5,2,WORKING
SL-2005,0.393,225.26,5.9,32.6,1,10010.6,1,SENSOR_FAILURE
SL-2006,0.7439,109.23,254.2,24.9,1,33776.8,4,VOLTAGE_ANOMALY
SL-2007,0.126,235.47,26.5,18.4,2,22675.7,4,LAMP_FAILURE
SL-2008,0.4673,234.79,1534.1,36.4,1,6407.8,0,SENSOR_FAILURE
SL-2009,0.4306,234.64,0.1,40.6,1,19462.3,1,SENSOR_FAILURE
SL-2010,0.4505,233.31,1013.6,18.0,0,10626.3,1,WORKING
SL-2011,0.2164,264.69,873.0,45.4,1,19426.7,4,VOLTAGE_ANOMALY
SL-2012,0.0087,228.13,33.5,18.8,2,26015.7,2,LAMP_FAILURE
SL-2013,0.457,166.01,99.0,29.1,0,25373.6,1,VOLTAGE_ANOMALY
SL-2014,0.0461,227.84,17.9,38.1,1,58369.1,1,LAMP_FAILURE
SL-2015,0.4116,220.55,1880.2,38.9,1,8715.9,1,SENSOR_FAILURE
SL-2016,0.0217,231.76,26.8,37.7,1,8455.2,5,LAMP_FAILURE
SL-2017,0.4609,230.97,641.9,34.1,0,32132.4,0,WORKING
SL-2018,0.0464,227.94,5.4,37.1,2,5776.0,2,LAMP_FAILURE
SL-2019,0.0582,223.11,8.7,40.2,2,34019.0,4,LAMP_FAILURE
SL-2020,0.033,4.1,5.1,26.3,1,38335.2,0,POWER_FAILURE
SL-2021,0.3969,228.63,834.9,28.7,0,36758.8,2,WORKING
SL-2022,0.4502,241.67,73.8,31.9,0,19087.1,3,SENSOR_FAILURE
SL-2023,0.0066,0.0,4.8,21.9,2,43646.6,3,POWER_FAILURE
SL-2024,0.049,222.0,15.3,35.0,2,49709.5,1,LAMP_FAILURE
SL-2025,0.372,220.48,0.0,39.2,0,10927.3,3,SENSOR_FAILURE
SL-2026,0.0344,0.0,6.1,24.1,1,42304.5,4,POWER_FAILURE
SL-2027,0.0354,231.6,15.2,27.2,2,9141.5,3,LAMP_FAILURE
SL-2028,0.6814,127.37,25.9,19.9,1,49308.7,0,VOLTAGE_ANOMALY
SL-2029,0.4277,170.58,25.5,34.4,0,18049.4,0,VOLTAGE_ANOMALY
SL-2030,0.4479,235.75,1042.8,30.1,0,49079.1,2,WORKING
SL-2031,0.0224,226.38,17.3,35.4,2,53648.0,5,LAMP_FAILURE
SL-2032,0.3693,230.44,3.1,46.7,0,6085.2,0,SENSOR_FAILURE
SL-2033,0.3432,229.76,1264.4,65.5,0,9683.2,2,SENSOR_FAILURE
SL-2034,0.475,226.67,700.2,39.0,0,5441.5,2,WORKING
SL-2035,0.4297,231.47,1005.4,24.9,0,27615.2,2,WORKING
SL-2036,0.0452,232.69,9.3,34.2,2,30755.7,3,LAMP_FAILURE
SL-2037,0.2604,293.29,366.2,75.7,1,10556.4,4,VOLTAGE_ANOMALY
SL-2038,0.0242,224.49,11.7,28.6,1,43088.2,2,LAMP_FAILURE
SL-2039,0.1155,229.26,49.1,30.0,0,52913.7,4,LAMP_FAILURE
SL-2040,0.0,15.4,0.0,27.4,1,32904.6,3,POWER_FAILURE
SL-2041,0.4973,161.93,275.2,28.3,0,6320.1,0,VOLTAGE_ANOMALY
SL-2042,0.0556,223.04,0.0,35.2,1,20212.1,2,LAMP_FAILURE
SL-2043,0.5642,232.31,1736.6,13.3,1,14028.6,2,SENSOR_FAILURE
SL-2044,0.0273,4.71,0.0,15.6,2,13242.8,1,POWER_FAILURE
SL-2045,0.0099,0.0,3.7,27.4,1,28785.6,4,POWER_FAILURE
SL-2046,0.4683,145.04,323.8,34.0,2,24415.8,0,VOLTAGE_ANOMALY
SL-2047,0.6014,131.38,227.9,34.3,1,2726.8,1,VOLTAGE_ANOMALY
SL-2048,0.541,164.22,147.4,31.4,1,32185.9,0,VOLTAGE_ANOMALY
SL-2049,0.4164,228.58,0.0,60.1,2,24697.6,0,SENSOR_FAILURE
SL-2050,0.3657,232.9,697.6,33.8,0,22201.7,1,WORKING
SL-2051,0.2647,293.19,424.5,34.2,2,12549.2,0,VOLTAGE_ANOMALY
SL-2052,0.584,120.71,205.9,28.4,1,14084.5,3,VOLTAGE_ANOMALY
SL-2053,0.0099,0.0,0.0,20.1,2,24240.6,0,POWER_FAILURE
SL-2054,0.2643,275.85,623.9,48.4,0,8816.9,1,VOLTAGE_ANOMALY
SL-2055,0.3906,228.11,817.2,37.5,0,35427.3,1,WORKING
SL-2056,0.0061,2.52,5.0,26.3,2,44553.1,0,POWER_FAILURE
SL-2057,0.0431,225.12,20.2,38.0,1,7309.9,3,LAMP_FAILURE
SL-2058,0.4525,239.14,14.3,48.0,1,49414.4,1,SENSOR_FAILURE
SL-2059,0.2918,229.85,7.1,83.8,2,39527.0,1,SENSOR_FAILURE
SL-2060,0.4315,228.45,470.1,33.6,0,15861.8,1,SENSOR_FAILURE
SL-2061,0.0093,0.0,2.6,18.4,1,35157.2,2,POWER_FAILURE
SL-2062,0.5717,155.88,115.1,24.5,1,15396.8,4,VOLTAGE_ANOMALY
SL-2063,0.4502,224.82,770.0,31.7,1,49117.0,2,WORKING
SL-2064,0.4815,227.55,960.0,35.9,0,34577.0,2,WORKING
SL-2065,0.4032,232.63,7.0,68.5,1,20613.1,1,SENSOR_FAILURE
SL-2066,0.02,9.58,1.9,27.3,1,14154.1,4,POWER_FAILURE
SL-2067,0.5728,136.86,146.2,35.5,0,44167.9,1,VOLTAGE_ANOMALY
SL-2068,0.0556,0.0,7.8,26.1,2,20818.0,1,POWER_FAILURE
SL-2069,0.4928,229.34,929.6,29.8,0,5205.1,0,WORKING
SL-2070,0.408,229.43,721.2,34.8,0,35760.2,2,WORKING
SL-2071,0.3627,227.3,674.7,38.8,0,15311.9,1,WORKING
SL-2072,0.4118,229.46,754.0,33.5,0,44481.1,0,WORKING
SL-2073,0.3781,229.74,603.7,38.9,0,5602.9,1,WORKING
SL-2074,0.7289,106.76,270.6,26.1,0,1646.5,0,VOLTAGE_ANOMALY
SL-2075,0.0359,225.5,19.6,21.3,2,49663.6,5,LAMP_FAILURE
SL-2076,0.4981,222.27,285.8,32.5,0,15543.0,0,SENSOR_FAILURE
SL-2077,0.1199,227.57,79.1,28.0,1,40192.2,5,LAMP_FAILURE
SL-2078,0.4445,231.0,744.7,39.7,0,31381.3,1,WORKING
SL-2079,0.4144,233.99,858.5,29.3,0,34977.6,1,WORKING
SL-2080,0.3595,229.85,908.1,36.0,1,9842.5,0,WORKING
SL-2081,0.0132,3.51,8.9,21.5,2,38703.9,3,POWER_FAILURE
SL-2082,0.0096,5.64,0.0,20.6,2,21479.7,3,POWER_FAILURE
SL-2083,0.4992,229.65,970.4,37.6,0,25153.2,0,WORKING
SL-2084,0.3325,282.67,756.5,52.0,0,14738.4,4,VOLTAGE_ANOMALY
SL-2085,0.4628,227.55,726.8,30.0,0,28827.5,2,WORKING
SL-2086,0.0,0.0,0.0,19.6,2,25469.7,3,POWER_FAILURE
SL-2087,0.4385,230.22,1308.9,23.1,1,18810.6,3,SENSOR_FAILURE
SL-2088,0.0187,224.86,15.2,31.0,1,39738.4,2,LAMP_FAILURE
SL-2089,0.0096,9.21,0.0,19.4,2,24366.7,0,POWER_FAILURE
SL-2090,0.0528,230.7,7.4,34.1,1,22467.8,2,LAMP_FAILURE
SL-2091,0.4777,230.91,932.0,33.1,0,8973.6,2,WORKING
SL-2092,0.0599,230.61,7.6,33.3,1,20339.3,5,LAMP_FAILURE
SL-2093,0.0,1.18,0.0,28.9,2,31518.3,0,POWER_FAILURE
SL-2094,0.4004,232.26,884.6,25.6,1,18790.7,0,WORKING
SL-2095,0.3981,222.51,1335.5,29.8,1,26355.6,3,SENSOR_FAILURE
SL-2096,0.4517,223.93,908.0,34.8,0,34353.0,0,WORKING
SL-2097,0.0083,226.99,13.1,24.9,2,17118.2,4,LAMP_FAILURE
SL-2098,0.0206,230.38,6.1,30.3,2,11973.5,2,LAMP_FAILURE
SL-2099,0.0236,224.2,5.7,33.9,2,57412.1,4,LAMP_FAILURE
SL-2100,0.4746,228.73,16.8,42.1,1,40320.8,1,SENSOR_FAILURE
SL-2101,0.4525,229.52,729.1,36.2,2,48718.2,3,SENSOR_FAILURE
SL-2102,0.4381,233.49,818.9,37.9,0,28031.2,2,WORKING
SL-2103,0.3672,225.96,737.8,42.4,0,15108.7,1,WORKING
SL-2104,0.3978,233.65,914.8,42.5,1,20497.8,1,WORKING
SL-2105,0.0231,234.41,32.3,30.7,2,55255.7,4,LAMP_FAILURE
SL-2106,0.4276,223.73,16.9,32.2,1,19199.1,1,SENSOR_FAILURE
SL-2107,0.4204,233.89,519.9,28.7,2,44564.6,3,SENSOR_FAILURE
SL-2108,0.0412,14.87,0.0,27.0,2,2611.7,3,POWER_FAILURE
SL-2109,0.5242,167.24,271.3,29.0,0,10994.9,1,VOLTAGE_ANOMALY
SL-2110,0.3585,223.55,1825.1,35.4,1,45375.8,3,SENSOR_FAILURE
SL-2111,0.6467,124.49,121.7,29.0,0,34194.2,3,VOLTAGE_ANOMALY
SL-2112,0.7094,108.26,61.4,31.8,0,19537.1,1,VOLTAGE_ANOMALY
SL-2113,0.0,0.0,0.0,18.2,1,1636.2,2,POWER_FAILURE
SL-2114,0.2952,266.77,793.1,43.6,0,13159.1,1,VOLTAGE_ANOMALY
SL-2115,0.4112,231.22,1381.7,30.3,2,10477.3,2,SENSOR_FAILURE
SL-2116,0.377,232.48,11.5,39.0,1,45825.9,2,SENSOR_FAILURE
SL-2117,0.2284,306.44,367.0,52.1,0,12481.6,1,VOLTAGE_ANOMALY
SL-2118,0.4658,233.21,790.8,33.7,0,6763.6,1,WORKING
SL-2119,0.0191,218.11,16.4,31.3,0,55073.5,5,LAMP_FAILURE
SL-2120,0.0377,226.2,19.8,28.1,2,9448.1,4,LAMP_FAILURE
SL-2121,0.4484,232.54,846.9,38.9,0,28230.5,1,WORKING
SL-2122,0.4861,231.25,926.1,27.5,0,35688.2,2,WORKING
SL-2123,0.4874,230.86,946.8,43.6,0,25201.5,2,WORKING
SL-2124,0.277,278.6,897.5,42.8,0,43919.4,3,VOLTAGE_ANOMALY
SL-2125,0.0503,228.2,2.4,13.4,2,45665.5,4,LAMP_FAILURE
SL-2126,0.2735,276.44,585.5,63.3,1,19415.3,3,VOLTAGE_ANOMALY
SL-2127,0.0099,229.68,23.2,17.4,1,38656.3,3,LAMP_FAILURE
SL-2128,0.2274,282.52,316.0,47.2,0,36806.0,1,VOLTAGE_ANOMALY
SL-2129,0.4703,234.77,939.8,23.2,0,37833.9,2,WORKING
SL-2130,0.379,228.44,931.0,40.8,0,33005.7,2,WORKING
SL-2131,0.017,5.41,0.6,29.1,2,26077.2,4,POWER_FAILURE
SL-2132,0.4827,231.66,629.1,37.8,0,36393.2,1,WORKING
SL-2133,0.1792,233.81,40.0,21.5,2,48519.3,2,LAMP_FAILURE
SL-2134,0.054,230.77,15.0,29.4,1,19222.6,2,LAMP_FAILURE
SL-2135,0.0106,231.17,30.5,33.0,2,46698.5,2,LAMP_FAILURE
SL-2136,0.4022,229.66,826.4,34.8,0,33886.3,1,WORKING
SL-2137,0.0,19.83,0.0,15.4,2,2533.7,0,POWER_FAILURE
SL-2138,0.4746,233.48,1574.1,30.9,0,7030.4,1,SENSOR_FAILURE
SL-2139,0.0268,235.67,13.2,24.6,2,34105.8,4,LAMP_FAILURE
SL-2140,0.0334,11.11,5.2,26.1,2,31396.2,1,POWER_FAILURE
SL-2141,0.454,223.25,9.0,73.3,1,10257.4,0,SENSOR_FAILURE
SL-2142,0.0393,0.49,3.4,20.7,2,8780.6,4,POWER_FAILURE
SL-2143,0.7318,112.65,312.5,32.9,0,37304.4,2,VOLTAGE_ANOMALY
SL-2144,0.3875,237.04,421.2,14.7,2,4521.4,0,SENSOR_FAILURE
SL-2145,0.438,220.81,913.5,40.6,0,17720.1,0,WORKING
SL-2146,0.2357,274.06,740.8,55.6,1,6558.6,4,VOLTAGE_ANOMALY
SL-2147,0.4921,230.46,899.7,38.0,0,3791.2,0,WORKING
SL-2148,0.3666,228.34,646.3,31.5,0,3379.3,2,WORKING
SL-2149,0.0,0.36,3.8,26.9,2,31192.9,4,POWER_FAILURE
SL-2150,0.3736,230.81,879.8,33.7,0,11294.1,2,WORKING
SL-2151,0.2661,262.85,678.9,43.5,0,17796.0,2,VOLTAGE_ANOMALY
SL-2152,0.0094,7.97,2.7,27.1,2,19495.1,1,POWER_FAILURE
SL-2153,0.4115,235.14,1656.9,36.8,1,32276.5,0,SENSOR_FAILURE
SL-2154,0.4585,215.5,618.5,56.6,2,37842.5,1,SENSOR_FAILURE
SL-2155,0.374,227.13,719.4,45.0,0,763.5,0,WORKING
SL-2156,0.0373,225.8,0.0,29.5,0,24795.9,5,LAMP_FAILURE
SL-2157,0.3841,229.36,741.0,28.3,0,20637.6,1,WORKING
SL-2158,0.7601,118.05,179.3,18.8,2,1021.4,4,VOLTAGE_ANOMALY
SL-2159,0.3387,292.71,433.1,69.6,1,14376.4,3,VOLTAGE_ANOMALY
SL-2160,0.4584,233.93,40.0,25.1,0,38732.5,2,SENSOR_FAILURE
SL-2161,0.4478,227.51,775.4,34.1,0,34669.9,2,WORKING
SL-2162,0.0464,17.95,5.4,30.2,1,27666.4,1,POWER_FAILURE
SL-2163,0.0349,0.0,0.0,30.3,2,1975.3,0,POWER_FAILURE
SL-2164,0.4516,164.06,241.7,33.5,0,36244.4,3,VOLTAGE_ANOMALY
SL-2165,0.0202,4.89,2.5,18.8,0,17091.8,2,POWER_FAILURE
SL-2166,0.3667,232.54,18.4,35.0,1,3960.9,1,SENSOR_FAILURE
SL-2167,0.0,0.0,0.0,30.9,2,13256.4,0,POWER_FAILURE
SL-2168,0.4428,233.14,676.2,38.1,0,16132.7,1,WORKING
SL-2169,0.4342,229.07,747.5,32.8,0,40427.7,2,WORKING
SL-2170,0.0471,222.53,0.0,30.4,2,16608.5,5,LAMP_FAILURE
SL-2171,0.0597,227.23,24.8,31.0,2,32213.8,2,LAMP_FAILURE
SL-2172,0.047,234.53,8.7,11.9,1,45554.5,2,LAMP_FAILURE
SL-2173,0.4184,233.74,0.0,30.4,1,46545.2,3,SENSOR_FAILURE
SL-2174,0.2715,288.49,423.0,61.3,0,18579.1,3,VOLTAGE_ANOMALY
SL-2175,0.4092,230.42,770.6,32.4,0,24461.7,2,WORKING
SL-2176,0.3889,229.68,9.6,34.6,0,44538.5,0,SENSOR_FAILURE
SL-2177,0.4105,161.05,209.1,23.4,1,19542.7,1,VOLTAGE_ANOMALY
SL-2178,0.0327,4.55,11.3,25.2,2,990.6,3,POWER_FAILURE
SL-2179,0.1232,231.02,27.8,23.1,1,23749.5,2,LAMP_FAILURE
SL-2180,0.5824,231.56,3.6,55.4,2,1371.5,0,SENSOR_FAILURE
SL-2181,0.0336,229.43,30.3,26.6,1,52349.3,2,LAMP_FAILURE
SL-2182,0.115,221.64,79.6,23.8,1,6687.6,3,LAMP_FAILURE
SL-2183,0.0066,3.48,4.7,25.7,2,37409.7,2,POWER_FAILURE
SL-2184,0.0446,0.0,14.6,22.1,1,33677.2,2,POWER_FAILURE
SL-2185,0.0248,13.97,0.0,21.2,2,14406.9,1,POWER_FAILURE
SL-2186,0.5078,227.54,23.5,61.6,0,49789.7,2,SENSOR_FAILURE
SL-2187,0.4927,229.16,687.4,37.5,0,16018.7,0,WORKING
SL-2188,0.3189,229.12,684.3,24.5,1,2215.4,1,SENSOR_FAILURE
SL-2189,0.4263,232.25,796.0,34.8,0,2517.2,0,WORKING
SL-2190,0.4095,227.97,1704.3,35.7,1,9284.5,0,SENSOR_FAILURE
SL-2191,0.4202,229.38,1426.4,28.9,2,35259.2,3,SENSOR_FAILURE
SL-2192,0.0294,3.29,2.0,29.5,2,10376.0,4,POWER_FAILURE
SL-2193,0.4441,225.45,994.5,42.2,0,12870.5,2,SENSOR_FAILURE
SL-2194,0.4057,230.87,809.5,27.7,0,26922.2,0,WORKING
SL-2195,0.0135,13.27,8.1,20.6,2,34122.7,0,POWER_FAILURE
SL-2196,0.4845,222.88,707.0,42.8,0,11614.3,1,WORKING
SL-2197,0.0444,230.76,0.0,27.5,1,42635.4,2,LAMP_FAILURE
SL-2198,0.0,0.0,6.0,29.7,1,2733.3,3,POWER_FAILURE
SL-2199,0.0,0.0,4.9,20.3,1,35121.2,2,POWER_FAILURE
SL-2200,0.407,227.57,17.7,63.2,2,14597.5,3,SENSOR_FAILURE
SL-2201,0.0169,222.3,24.1,23.3,1,44403.8,5,LAMP_FAILURE
SL-2202,0.2143,278.86,685.4,45.1,0,19653.9,4,VOLTAGE_ANOMALY
SL-2203,0.4748,227.67,672.3,31.3,0,47945.7,0,WORKING
SL-2204,0.4452,230.71,863.6,75.2,0,40637.0,2,SENSOR_FAILURE
SL-2205,0.0087,219.28,4.9,29.8,2,56202.2,5,LAMP_FAILURE
SL-2206,0.1483,309.12,768.0,44.6,0,2465.0,0,VOLTAGE_ANOMALY
SL-2207,0.0115,0.53,0.0,26.3,2,29727.2,1,POWER_FAILURE
SL-2208,0.2747,236.81,36.4,20.3,0,11789.0,2,SENSOR_FAILURE
SL-2209,0.0072,232.08,0.0,30.3,2,7417.9,3,LAMP_FAILURE
SL-2210,0.3932,231.2,728.1,32.6,1,40989.3,0,WORKING
SL-2211,0.3767,228.52,135.9,63.6,0,48139.0,2,SENSOR_FAILURE
SL-2212,0.2569,264.0,562.1,62.7,0,43129.6,3,VOLTAGE_ANOMALY
SL-2213,0.4647,232.43,780.1,28.8,0,23999.7,2,WORKING
SL-2214,0.0167,1.8,0.0,19.9,1,11582.6,0,POWER_FAILURE
SL-2215,0.0117,15.0,0.0,30.5,2,1868.6,1,POWER_FAILURE
SL-2216,0.0017,0.0,5.1,24.4,2,9247.4,2,POWER_FAILURE
SL-2217,0.4333,228.86,985.6,29.0,0,31120.8,1,WORKING
SL-2218,0.0034,12.09,0.0,26.4,2,1177.2,4,POWER_FAILURE
SL-2219,0.3754,230.16,300.9,44.1,0,25201.9,3,SENSOR_FAILURE
SL-2220,0.4226,226.6,1816.8,35.3,2,21213.8,3,SENSOR_FAILURE
SL-2221,0.5766,151.55,199.8,29.0,2,40840.5,4,VOLTAGE_ANOMALY
SL-2222,0.3812,224.73,673.9,32.6,0,8080.3,2,WORKING
SL-2223,0.0468,225.78,15.5,35.1,1,57308.9,2,LAMP_FAILURE
SL-2224,0.0,6.08,5.0,23.9,2,36316.6,4,POWER_FAILURE
SL-2225,0.0,0.0,4.7,22.6,0,16321.7,4,POWER_FAILURE
SL-2226,0.0094,0.02,6.5,20.1,2,36007.5,4,POWER_FAILURE
SL-2227,0.4343,229.33,931.5,33.5,2,10658.6,3,SENSOR_FAILURE
SL-2228,0.0371,230.78,0.0,20.5,1,5511.7,2,LAMP_FAILURE
SL-2229,0.2415,302.9,485.8,39.8,0,805.8,0,VOLTAGE_ANOMALY
SL-2230,0.024,227.03,17.1,30.3,1,37497.2,3,LAMP_FAILURE
SL-2231,0.0,3.04,0.0,24.9,2,17748.4,2,POWER_FAILURE
SL-2232,0.4424,222.42,1.6,37.3,2,26411.6,2,SENSOR_FAILURE
SL-2233,0.2317,290.24,610.8,45.7,0,31107.2,3,VOLTAGE_ANOMALY
SL-2234,0.042,224.7,0.0,29.6,1,10018.6,1,LAMP_FAILURE
SL-2235,0.4181,232.39,650.9,27.0,0,33954.0,0,WORKING
SL-2236,0.0246,0.0,1.4,28.1,2,33554.9,2,POWER_FAILURE
SL-2237,0.1955,291.7,514.6,67.4,0,33093.9,4,VOLTAGE_ANOMALY
SL-2238,0.0586,225.08,17.4,19.0,1,48965.1,4,LAMP_FAILURE
SL-2239,0.2476,273.16,848.3,47.0,2,28720.0,0,VOLTAGE_ANOMALY
SL-2240,0.052,224.58,26.6,32.3,1,36528.5,4,LAMP_FAILURE
SL-2241,0.7781,112.49,252.2,46.1,1,22767.7,1,VOLTAGE_ANOMALY
SL-2242,0.0334,218.38,6.5,30.9,2,40497.8,2,LAMP_FAILURE
SL-2243,0.4638,236.34,16.9,49.5,0,48064.6,1,SENSOR_FAILURE
SL-2244,0.0232,228.72,31.6,17.1,1,56784.8,2,LAMP_FAILURE
SL-2245,0.0045,218.5,13.9,31.4,1,48647.4,3,LAMP_FAILURE
SL-2246,0.3888,233.16,498.5,24.5,0,9766.9,3,SENSOR_FAILURE
SL-2247,0.0396,220.0,13.9,19.3,1,17860.6,4,LAMP_FAILURE
SL-2248,0.3726,260.23,782.6,47.5,2,10197.8,3,VOLTAGE_ANOMALY
SL-2249,0.3378,238.14,1979.6,59.6,1,9743.0,1,SENSOR_FAILURE
SL-2250,0.0046,0.0,1.6,22.5,2,18835.4,3,POWER_FAILURE
SL-2251,0.3922,230.82,840.0,31.2,0,25521.4,1,WORKING
SL-2252,0.2834,267.42,625.4,75.1,1,12142.3,1,VOLTAGE_ANOMALY
SL-2253,0.4892,232.81,996.8,32.6,0,14481.7,0,WORKING
SL-2254,0.0231,11.34,1.9,27.1,2,6006.6,1,POWER_FAILURE
SL-2255,0.0,8.13,0.0,22.8,2,4227.0,0,POWER_FAILURE
SL-2256,0.2306,292.57,608.6,67.7,0,38028.7,3,VOLTAGE_ANOMALY
SL-2257,0.0249,0.0,7.0,23.1,0,30098.5,4,POWER_FAILURE
SL-2258,0.4073,225.59,0.0,37.5,0,12109.0,0,SENSOR_FAILURE
SL-2259,0.4659,225.98,759.2,71.2,1,17650.3,1,SENSOR_FAILURE
SL-2260,0.2611,286.12,292.7,41.2,0,24046.6,4,VOLTAGE_ANOMALY
SL-2261,0.0041,229.79,0.0,23.8,1,19563.9,4,LAMP_FAILURE
SL-2262,0.5052,224.78,687.5,40.1,0,6526.9,1,SENSOR_FAILURE
SL-2263,0.4744,226.39,706.0,30.3,0,36842.3,1,WORKING
SL-2264,0.4405,231.66,835.7,32.2,1,20402.8,2,WORKING
SL-2265,0.4812,230.62,979.6,20.8,0,39385.0,1,WORKING
SL-2266,0.0115,14.49,10.1,24.4,1,6076.4,3,POWER_FAILURE
SL-2267,0.4101,234.2,888.5,25.8,0,8725.4,0,WORKING
SL-2268,0.4988,229.79,662.8,38.0,0,3708.0,2,WORKING
SL-2269,0.0587,232.49,2.3,29.8,0,31558.1,2,LAMP_FAILURE
SL-2270,0.3897,229.51,765.6,31.4,0,13034.5,2,WORKING
SL-2271,0.3127,263.69,747.0,57.4,1,11775.6,2,VOLTAGE_ANOMALY
SL-2272,0.0581,229.07,29.6,33.8,1,5703.5,5,LAMP_FAILURE
SL-2273,0.3812,231.46,818.9,36.2,0,39244.2,2,WORKING
SL-2274,0.0334,228.5,5.9,37.3,1,56751.8,2,LAMP_FAILURE
SL-2275,0.4389,228.75,656.6,34.3,0,12602.8,2,WORKING
SL-2276,0.4305,237.89,1484.5,44.9,2,28183.8,2,SENSOR_FAILURE
SL-2277,0.0031,231.12,0.0,23.7,1,12650.0,1,LAMP_FAILURE
SL-2278,0.0567,231.58,20.1,23.9,2,33027.4,3,LAMP_FAILURE
SL-2279,0.4352,170.59,245.2,29.9,1,48514.0,2,VOLTAGE_ANOMALY
SL-2280,0.4196,233.8,899.3,29.6,0,2357.0,2,WORKING
SL-2281,0.4685,229.52,18.3,31.9,0,27828.1,0,SENSOR_FAILURE
SL-2282,0.0191,1.67,10.0,26.9,1,15445.4,4,POWER_FAILURE
SL-2283,0.0121,238.28,0.0,26.1,1,55871.7,3,LAMP_FAILURE
SL-2284,0.018,7.05,8.5,28.3,0,14051.6,2,POWER_FAILURE
SL-2285,0.0365,225.86,0.0,18.9,1,45442.2,2,LAMP_FAILURE
SL-2286,0.5551,129.48,305.5,30.5,1,18446.8,0,VOLTAGE_ANOMALY
SL-2287,0.0458,233.82,3.1,34.4,1,5285.0,5,LAMP_FAILURE
SL-2288,0.4351,235.11,1489.1,25.6,0,13606.6,3,SENSOR_FAILURE
SL-2289,0.0,230.98,4.5,32.5,1,5700.0,2,LAMP_FAILURE
SL-2290,0.2089,303.69,398.9,62.0,1,26742.2,1,VOLTAGE_ANOMALY
SL-2291,0.4525,228.27,902.1,37.0,0,20808.8,1,WORKING
SL-2292,0.3256,305.83,596.9,65.9,0,45493.4,1,VOLTAGE_ANOMALY
SL-2293,0.0362,229.5,10.7,15.3,1,53339.5,2,LAMP_FAILURE
SL-2294,0.3934,225.87,914.4,41.2,1,30120.0,0,WORKING
SL-2295,0.3562,230.03,804.6,25.3,0,42304.8,2,WORKING
SL-2296,0.0429,0.0,4.6,30.1,2,35603.4,3,POWER_FAILURE
SL-2297,0.451,231.96,6.1,46.7,1,30509.9,0,SENSOR_FAILURE
SL-2298,0.0028,232.83,11.2,34.4,1,49150.6,3,LAMP_FAILURE
SL-2299,0.0113,0.0,12.9,28.6,1,41434.1,3,POWER_FAILURE
SL-2300,0.0167,224.58,7.4,34.2,0,47275.4,3,LAMP_FAILURE
SL-2301,0.3553,229.83,24.4,44.9,1,17798.1,1,SENSOR_FAILURE
SL-2302,0.4054,233.24,901.3,38.3,0,27466.6,0,WORKING
SL-2303,0.2093,304.76,783.9,44.1,0,38179.7,0,VOLTAGE_ANOMALY
SL-2304,0.4973,231.1,632.2,32.8,0,45281.4,0,WORKING
SL-2305,0.4045,227.21,550.5,52.1,2,26084.5,0,SENSOR_FAILURE
SL-2306,0.4319,228.13,774.6,22.5,0,6589.2,2,WORKING
SL-2307,0.0,0.0,5.1,23.6,2,2641.2,4,POWER_FAILURE
SL-2308,0.0,0.0,3.4,23.3,2,46356.7,1,POWER_FAILURE
SL-2309,0.0152,0.0,3.8,23.4,1,45300.7,2,POWER_FAILURE
SL-2310,0.4029,223.55,1186.4,29.3,2,4559.2,1,SENSOR_FAILURE
SL-2311,0.0535,236.0,31.3,26.7,2,34122.7,5,LAMP_FAILURE
SL-2312,0.0387,3.1,5.3,23.5,2,46373.4,3,POWER_FAILURE
SL-2313,0.0485,7.0,1.9,23.3,2,8926.5,2,POWER_FAILURE
SL-2314,0.6965,111.66,255.7,26.3,1,8121.9,2,VOLTAGE_ANOMALY
SL-2315,0.4261,232.05,833.8,39.3,0,11403.9,2,WORKING
SL-2316,0.2377,289.76,858.2,52.7,2,28786.3,3,VOLTAGE_ANOMALY
SL-2317,0.4236,231.1,722.9,29.1,0,2288.9,2,WORKING
SL-2318,0.3925,242.69,1571.1,22.1,1,5757.9,2,SENSOR_FAILURE
SL-2319,0.0,7.38,0.2,25.0,1,41634.1,3,POWER_FAILURE
SL-2320,0.3506,228.89,778.4,20.1,0,6206.6,0,WORKING
SL-2321,0.4589,229.68,870.3,39.3,0,40332.5,0,WORKING
SL-2322,0.3174,232.85,1422.8,37.1,1,4998.3,1,SENSOR_FAILURE
SL-2323,0.0329,224.15,0.5,23.3,1,34940.7,1,LAMP_FAILURE
SL-2324,0.3649,229.12,724.3,33.7,0,1045.3,0,WORKING
SL-2325,0.4835,230.07,986.2,34.5,0,47170.6,0,WORKING
SL-2326,0.4222,230.0,1989.0,13.4,0,22260.8,0,SENSOR_FAILURE
SL-2327,0.6379,138.53,138.7,31.7,1,49220.3,3,VOLTAGE_ANOMALY
SL-2328,0.0348,230.44,6.7,30.8,1,37705.2,2,LAMP_FAILURE
SL-2329,0.261,297.79,781.6,45.7,1,3332.8,4,VOLTAGE_ANOMALY
SL-2330,0.4985,236.21,925.2,31.5,1,29671.3,2,SENSOR_FAILURE
SL-2331,0.0394,0.0,3.2,26.0,1,24839.3,2,POWER_FAILURE
SL-2332,0.0536,229.91,40.1,34.9,1,49950.2,5,LAMP_FAILURE
SL-2333,0.0,7.42,3.5,29.8,2,45413.6,1,POWER_FAILURE
SL-2334,0.477,229.98,719.7,44.4,0,28041.0,2,WORKING
SL-2335,0.2134,304.36,832.1,48.1,0,12725.0,1,VOLTAGE_ANOMALY
SL-2336,0.4564,228.15,658.7,27.4,0,10411.5,2,WORKING
SL-2337,0.4664,227.76,4.2,64.3,0,21215.1,1,SENSOR_FAILURE
SL-2338,0.0378,237.3,17.1,37.6,1,19595.1,4,LAMP_FAILURE
SL-2339,0.3508,233.78,778.3,34.5,0,28782.1,2,WORKING
SL-2340,0.3502,234.26,858.7,27.0,0,15235.9,2,WORKING
SL-2341,0.2702,304.61,657.0,52.2,1,12560.7,1,VOLTAGE_ANOMALY
SL-2342,0.4046,239.2,1078.0,43.5,1,4396.2,0,SENSOR_FAILURE
SL-2343,0.6962,122.95,191.1,32.7,0,17296.7,3,VOLTAGE_ANOMALY
SL-2344,0.0128,6.1,9.4,24.7,2,32341.5,0,POWER_FAILURE
SL-2345,0.3899,229.22,950.3,31.3,0,18588.8,0,WORKING
SL-2346,0.0126,0.0,1.7,35.1,2,30604.9,3,POWER_FAILURE
SL-2347,0.0232,222.96,0.0,20.8,2,15842.3,5,LAMP_FAILURE
SL-2348,0.4835,229.82,946.7,29.2,0,28876.5,0,WORKING
SL-2349,0.3941,221.74,1575.4,22.2,1,1631.4,1,SENSOR_FAILURE
SL-2350,0.0123,228.32,0.0,29.0,1,23772.9,5,LAMP_FAILURE
SL-2351,0.3936,230.6,903.5,36.5,0,45876.7,1,WORKING
SL-2352,0.3281,264.3,845.4,44.6,0,38615.9,2,VOLTAGE_ANOMALY
SL-2353,0.3534,229.1,900.8,37.8,0,38166.1,0,WORKING
SL-2354,0.4729,166.64,273.1,16.9,2,39602.8,0,VOLTAGE_ANOMALY
SL-2355,0.051,5.0,0.0,24.6,0,16252.0,3,POWER_FAILURE
SL-2356,0.4089,225.93,843.5,35.8,0,38584.7,1,WORKING
SL-2357,0.778,103.23,128.7,31.9,0,12150.3,0,VOLTAGE_ANOMALY
SL-2358,0.0269,223.57,9.6,29.2,1,31464.9,4,LAMP_FAILURE
SL-2359,0.4868,224.97,1118.0,35.3,2,6745.5,0,SENSOR_FAILURE
SL-2360,0.7088,108.13,301.3,24.9,1,32391.9,2,VOLTAGE_ANOMALY
SL-2361,0.026,0.0,0.3,23.2,1,40467.8,2,POWER_FAILURE
SL-2362,0.3219,175.06,123.8,37.3,0,49155.0,0,VOLTAGE_ANOMALY
SL-2363,0.0099,237.3,10.6,37.2,1,24969.2,4,LAMP_FAILURE
SL-2364,0.328,237.61,1107.4,22.3,0,41076.2,0,SENSOR_FAILURE
SL-2365,0.4051,177.92,120.5,27.7,0,20521.7,0,VOLTAGE_ANOMALY
SL-2366,0.0341,224.69,7.8,18.8,1,41385.6,3,LAMP_FAILURE
SL-2367,0.3759,235.68,779.9,34.7,0,8081.4,0,WORKING
SL-2368,0.0182,229.03,3.2,29.3,1,38085.7,3,LAMP_FAILURE
SL-2369,0.0218,0.0,3.7,22.9,1,20558.3,0,POWER_FAILURE
SL-2370,0.4919,228.88,672.0,25.3,0,36480.8,2,WORKING
SL-2371,0.0859,218.16,36.9,28.6,0,55926.1,5,LAMP_FAILURE
SL-2372,0.0,10.07,4.6,24.4,2,44027.7,3,POWER_FAILURE
SL-2373,0.4562,230.03,794.0,33.4,0,22671.2,0,WORKING
SL-2374,0.5102,229.73,0.0,29.4,0,19157.5,1,SENSOR_FAILURE
SL-2375,0.4904,234.44,737.4,40.7,0,1266.9,1,WORKING
SL-2376,0.421,226.75,877.8,36.6,0,14798.2,2,WORKING
SL-2377,0.3652,228.58,910.7,27.7,0,38249.6,1,WORKING
SL-2378,0.0328,1.98,15.9,28.6,2,48690.0,3,POWER_FAILURE
SL-2379,0.0452,217.9,5.2,26.3,0,58889.8,5,LAMP_FAILURE
SL-2380,0.0235,227.42,17.1,29.4,1,6472.3,3,LAMP_FAILURE
SL-2381,0.378,221.49,6.5,46.4,2,30199.6,3,SENSOR_FAILURE
SL-2382,0.3985,228.48,0.0,47.8,0,24367.8,0,SENSOR_FAILURE
SL-2383,0.0531,234.02,11.7,20.8,1,33809.7,3,LAMP_FAILURE
SL-2384,0.0105,16.44,2.0,21.4,1,19362.2,0,POWER_FAILURE
SL-2385,0.0,0.0,0.0,21.7,2,25021.7,0,POWER_FAILURE
SL-2386,0.0205,236.22,13.4,39.1,1,28672.4,3,LAMP_FAILURE
SL-2387,0.3728,230.53,701.7,37.8,0,27422.6,0,WORKING
SL-2388,0.0,0.0,0.0,23.7,2,1279.7,3,POWER_FAILURE
SL-2389,0.5464,129.08,146.3,30.2,2,1649.4,0,VOLTAGE_ANOMALY
SL-2390,0.3849,231.89,915.2,34.4,0,27363.1,2,WORKING
SL-2391,0.4442,157.28,293.3,30.7,0,18351.6,4,VOLTAGE_ANOMALY
SL-2392,0.3576,229.08,678.3,43.9,0,28491.7,1,WORKING
SL-2393,0.4337,224.77,715.8,43.0,0,23310.1,0,SENSOR_FAILURE
SL-2394,0.4096,234.15,722.6,38.4,0,27190.9,2,WORKING
SL-2395,0.4964,227.82,840.5,28.3,0,30742.5,1,WORKING
SL-2396,0.2079,298.42,793.3,61.6,0,44728.6,4,VOLTAGE_ANOMALY
SL-2397,0.2824,290.55,829.2,55.0,0,6598.3,2,VOLTAGE_ANOMALY
SL-2398,0.3782,228.93,585.2,33.7,0,10067.3,0,WORKING
SL-2399,0.4427,236.51,160.1,34.8,1,42706.5,3,SENSOR_FAILURE
SL-2400,0.3927,219.07,15.5,35.9,2,19143.5,0,SENSOR_FAILURE
SL-2401,0.4528,166.6,94.0,35.5,0,32699.1,4,VOLTAGE_ANOMALY
SL-2402,0.0468,10.67,0.0,34.7,1,49368.6,2,POWER_FAILURE
SL-2403,0.4144,177.43,316.5,35.8,0,40182.3,2,VOLTAGE_ANOMALY
SL-2404,0.0,0.72,8.9,21.1,0,2490.0,1,POWER_FAILURE
SL-2405,0.4727,231.18,634.1,36.2,1,33003.6,0,WORKING
SL-2406,0.6101,132.87,339.4,23.0,0,7100.6,1,VOLTAGE_ANOMALY
SL-2407,0.0523,227.08,26.7,33.2,2,17115.1,5,LAMP_FAILURE
SL-2408,0.2816,266.17,872.4,51.2,1,39510.5,4,VOLTAGE_ANOMALY
SL-2409,0.4248,228.66,780.0,33.6,0,37351.9,2,WORKING
SL-2410,0.2339,287.06,633.6,47.2,0,4709.4,0,VOLTAGE_ANOMALY
SL-2411,0.3673,229.13,742.7,29.7,0,20672.1,1,WORKING
SL-2412,0.4779,229.28,636.1,37.8,1,14114.4,1,WORKING
SL-2413,0.0586,234.75,6.5,19.9,1,12985.7,3,LAMP_FAILURE
SL-2414,0.0042,229.88,0.0,27.4,1,45386.6,3,LAMP_FAILURE
SL-2415,0.0587,235.85,7.3,29.5,1,39473.5,3,LAMP_FAILURE
SL-2416,0.372,234.36,1564.8,44.4,0,7081.3,0,SENSOR_FAILURE
SL-2417,0.0213,0.0,0.0,28.6,2,32898.5,0,POWER_FAILURE
SL-2418,0.3537,235.81,788.0,32.4,0,48326.0,2,WORKING
SL-2419,0.0,1.51,5.6,22.1,2,18957.0,0,POWER_FAILURE
SL-2420,0.414,235.05,17.1,48.1,0,29038.1,2,SENSOR_FAILURE
SL-2421,0.4424,225.71,1461.0,32.8,0,505.3,2,SENSOR_FAILURE
SL-2422,0.2912,270.31,660.0,51.5,0,38728.1,1,VOLTAGE_ANOMALY
SL-2423,0.0065,10.69,0.0,20.9,2,30097.3,4,POWER_FAILURE
SL-2424,0.497,171.16,346.5,33.9,2,13221.2,3,VOLTAGE_ANOMALY
SL-2425,0.337,234.29,0.0,43.0,1,13699.1,1,SENSOR_FAILURE
SL-2426,0.1442,230.43,78.1,20.1,2,8701.2,2,LAMP_FAILURE
SL-2427,0.3387,303.63,434.2,44.3,0,26776.4,2,VOLTAGE_ANOMALY
SL-2428,0.2567,223.05,957.1,40.9,2,19474.2,2,SENSOR_FAILURE
SL-2429,0.0104,17.46,1.2,19.6,1,6346.6,1,POWER_FAILURE
SL-2430,0.4245,227.34,753.6,47.2,1,4246.5,2,WORKING
SL-2431,0.0093,17.0,11.6,24.2,2,11005.3,0,POWER_FAILURE
SL-2432,0.4274,234.4,1437.7,48.1,2,12352.7,2,SENSOR_FAILURE
SL-2433,0.0588,228.99,19.7,36.4,1,9340.1,5,LAMP_FAILURE
SL-2434,0.1483,223.08,58.3,21.5,2,57503.5,4,LAMP_FAILURE
SL-2435,0.0196,0.0,7.0,19.4,2,25509.2,3,POWER_FAILURE
SL-2436,0.5958,126.48,173.4,28.7,0,12102.8,2,VOLTAGE_ANOMALY
SL-2437,0.005,224.16,13.3,22.2,1,40178.5,2,LAMP_FAILURE
SL-2438,0.001,6.51,0.0,20.4,1,8546.2,3,POWER_FAILURE
SL-2439,0.2074,286.4,703.9,53.7,0,18971.9,1,VOLTAGE_ANOMALY
SL-2440,0.2972,226.78,35.9,49.7,2,24233.9,1,SENSOR_FAILURE
SL-2441,0.0209,3.86,8.0,24.7,1,41949.3,1,POWER_FAILURE
SL-2442,0.1496,227.63,49.9,26.3,2,58607.2,1,LAMP_FAILURE
SL-2443,0.4308,242.07,0.0,27.4,1,30222.4,2,SENSOR_FAILURE
SL-2444,0.4664,227.98,873.0,32.7,0,8966.4,0,WORKING
SL-2445,0.0,0.0,10.3,19.6,2,31147.9,0,POWER_FAILURE
SL-2446,0.4127,230.97,1722.0,27.5,1,17608.6,0,SENSOR_FAILURE
SL-2447,0.2596,293.7,600.9,45.3,1,4846.1,0,VOLTAGE_ANOMALY
SL-2448,0.0004,4.55,8.9,16.2,1,36382.0,1,POWER_FAILURE
SL-2449,0.5066,225.74,99.0,62.5,2,35314.9,2,SENSOR_FAILURE
SL-2450,0.0446,5.02,1.3,19.5,2,12044.9,2,POWER_FAILURE
SL-2451,0.4673,233.42,859.2,37.1,0,4305.3,2,WORKING
SL-2452,0.0377,224.69,16.5,22.6,2,15564.4,2,LAMP_FAILURE
SL-2453,0.4128,229.73,599.4,52.5,1,4010.1,2,SENSOR_FAILURE
SL-2454,0.4583,225.9,705.7,21.5,0,35617.4,2,WORKING
SL-2455,0.3839,231.26,1474.0,55.0,2,47520.0,3,SENSOR_FAILURE
SL-2456,0.0188,0.0,7.9,28.0,2,40931.4,3,POWER_FAILURE
SL-2457,0.0346,27.25,5.0,18.1,2,24598.4,4,POWER_FAILURE
SL-2458,0.4251,237.46,36.1,49.3,1,17470.6,3,SENSOR_FAILURE
SL-2459,0.5866,131.58,353.9,27.4,1,4593.6,4,VOLTAGE_ANOMALY
SL-2460,0.0167,1.08,3.0,29.5,2,34872.7,4,POWER_FAILURE
SL-2461,0.0537,231.07,10.2,32.7,1,22567.0,3,LAMP_FAILURE
SL-2462,0.1062,230.28,25.4,31.2,1,42216.3,3,LAMP_FAILURE
SL-2463,0.363,271.66,817.8,59.1,1,10623.4,2,VOLTAGE_ANOMALY
SL-2464,0.0032,229.46,18.5,31.6,2,9542.2,4,LAMP_FAILURE
SL-2465,0.2728,265.04,439.2,71.7,2,42826.5,4,VOLTAGE_ANOMALY
SL-2466,0.2288,301.61,461.2,40.5,1,49067.2,4,VOLTAGE_ANOMALY
SL-2467,0.2796,281.19,561.9,32.5,2,40113.0,0,VOLTAGE_ANOMALY
SL-2468,0.0,7.86,9.9,24.3,1,4346.8,0,POWER_FAILURE
SL-2469,0.4876,227.33,750.6,41.6,0,48763.3,1,WORKING
SL-2470,0.3872,236.4,35.4,67.7,2,7177.4,0,SENSOR_FAILURE
SL-2471,0.0282,234.26,0.0,24.2,1,21390.1,3,LAMP_FAILURE
SL-2472,0.503,228.83,1193.7,28.5,0,29200.3,0,SENSOR_FAILURE
SL-2473,0.0353,225.13,11.9,28.0,1,44047.9,4,LAMP_FAILURE
SL-2474,0.4634,225.62,302.9,39.8,1,10243.9,1,SENSOR_FAILURE
SL-2475,0.4348,226.9,23.7,30.1,0,17102.8,2,SENSOR_FAILURE
SL-2476,0.8038,103.15,38.8,23.9,0,14702.2,3,VOLTAGE_ANOMALY
SL-2477,0.4828,214.21,398.0,79.4,1,22105.8,0,SENSOR_FAILURE
SL-2478,0.1573,230.31,26.6,25.1,2,47930.1,5,LAMP_FAILURE
SL-2479,0.3959,226.38,1001.7,63.9,1,33929.0,0,SENSOR_FAILURE
SL-2480,0.2379,303.23,877.8,64.9,0,16551.8,1,VOLTAGE_ANOMALY
SL-2481,0.4561,229.25,0.0,14.9,1,37835.5,0,SENSOR_FAILURE
SL-2482,0.4674,235.17,828.2,37.8,0,15603.6,1,WORKING
SL-2483,0.1085,229.4,59.1,27.0,1,11824.7,2,LAMP_FAILURE
SL-2484,0.0,1.74,0.0,31.4,2,36958.2,0,POWER_FAILURE
SL-2485,0.0071,229.35,27.6,25.7,1,10927.2,4,LAMP_FAILURE
SL-2486,0.6273,143.04,107.2,34.1,0,24342.9,4,VOLTAGE_ANOMALY
SL-2487,0.0441,0.0,9.9,16.6,2,27891.0,3,POWER_FAILURE
SL-2488,0.4934,227.11,0.0,37.5,0,43531.5,3,SENSOR_FAILURE
SL-2489,0.7071,113.77,105.2,32.4,2,653.9,4,VOLTAGE_ANOMALY
SL-2490,0.3835,225.67,277.1,39.6,1,5455.2,0,SENSOR_FAILURE
SL-2491,0.3728,230.0,932.1,36.5,0,28692.9,1,WORKING
SL-2492,0.0036,13.52,0.0,26.8,2,37272.8,0,POWER_FAILURE
SL-2493,0.4293,232.41,2.6,8.3,0,32723.1,0,SENSOR_FAILURE
SL-2494,0.3939,227.0,1021.3,85.4,0,45228.2,0,SENSOR_FAILURE
SL-2495,0.0041,3.75,0.0,25.2,1,34640.6,4,POWER_FAILURE
SL-2496,0.1525,235.35,27.8,28.0,0,32873.6,3,LAMP_FAILURE
SL-2497,0.0038,11.65,3.8,27.1,2,43117.6,4,POWER_FAILURE
SL-2498,0.4678,222.25,0.0,45.2,2,40508.6,1,SENSOR_FAILURE
SL-2499,0.0049,0.0,10.4,26.6,1,35598.2,4,POWER_FAILURE
SL-2500,0.5231,178.03,275.7,17.1,0,25010.1,0,VOLTAGE_ANOMALY
SL-2501,0.4777,228.73,755.8,36.8,1,42601.7,2,WORKING
SL-2502,0.5424,176.5,127.2,38.2,1,20204.0,3,VOLTAGE_ANOMALY
SL-2503,0.0,6.69,14.0,25.5,1,19822.6,1,POWER_FAILURE
SL-2504,0.012,0.0,0.0,21.3,1,25548.2,4,POWER_FAILURE
SL-2505,0.4201,228.37,925.2,30.5,0,38994.9,2,WORKING
SL-2506,0.3071,262.95,551.1,38.5,1,26487.1,3,VOLTAGE_ANOMALY
SL-2507,0.0037,6.31,4.2,21.3,1,8705.2,0,POWER_FAILURE
SL-2508,0.2621,288.21,665.5,50.3,1,26915.7,4,VOLTAGE_ANOMALY
SL-2509,0.4765,229.61,6.7,32.6,1,25303.5,1,SENSOR_FAILURE
SL-2510,0.4435,170.01,167.5,24.5,1,21029.7,2,VOLTAGE_ANOMALY
SL-2511,0.7727,108.58,108.4,32.4,0,42302.0,4,VOLTAGE_ANOMALY
SL-2512,0.4167,223.82,1775.7,36.2,0,48030.6,3,SENSOR_FAILURE
SL-2513,0.2978,232.87,381.2,43.7,1,46565.1,1,SENSOR_FAILURE
SL-2514,0.0098,4.06,8.2,17.6,1,18374.4,4,POWER_FAILURE
SL-2515,0.4213,235.81,400.6,25.0,1,7355.7,3,SENSOR_FAILURE
SL-2516,0.269,309.84,721.1,38.2,1,49228.8,1,VOLTAGE_ANOMALY
SL-2517,0.4285,225.21,0.0,71.2,2,47341.6,1,SENSOR_FAILURE
SL-2518,0.0387,233.95,5.8,31.0,1,9252.0,3,LAMP_FAILURE
SL-2519,0.3919,228.28,330.3,51.9,0,17897.5,0,SENSOR_FAILURE
SL-2520,0.2909,272.26,702.9,62.2,0,11464.9,1,VOLTAGE_ANOMALY
SL-2521,0.0,10.11,6.7,17.2,2,23646.8,2,POWER_FAILURE
SL-2522,0.359,223.04,0.0,32.9,1,20436.6,3,SENSOR_FAILURE
SL-2523,0.4198,238.09,32.0,30.9,0,43240.8,0,SENSOR_FAILURE
SL-2524,0.0295,223.69,11.9,28.6,2,53322.4,3,LAMP_FAILURE
SL-2525,0.0155,230.76,19.3,18.0,2,58547.0,4,LAMP_FAILURE
SL-2526,0.0378,9.13,3.3,23.2,1,46599.4,4,POWER_FAILURE
SL-2527,0.4682,231.58,783.9,30.8,0,38135.6,0,WORKING
SL-2528,0.4479,234.19,9.4,26.4,0,34302.9,0,SENSOR_FAILURE
SL-2529,0.0224,14.52,0.0,20.0,2,8595.9,2,POWER_FAILURE
SL-2530,0.4098,228.39,602.6,33.0,0,9163.3,2,WORKING
SL-2531,0.0176,1.24,4.2,24.3,2,7158.0,1,POWER_FAILURE
SL-2532,0.4823,155.78,144.4,33.4,0,31147.9,4,VOLTAGE_ANOMALY
SL-2533,0.4106,227.1,1628.4,27.3,2,34233.8,1,SENSOR_FAILURE
SL-2534,0.5284,232.99,9.7,83.4,0,28836.2,3,SENSOR_FAILURE
SL-2535,0.2406,287.51,912.2,54.3,1,37061.1,0,VOLTAGE_ANOMALY
SL-2536,0.4844,228.89,954.8,31.7,0,18559.4,2,WORKING
SL-2537,0.4929,229.83,807.1,31.4,0,34669.3,1,WORKING
SL-2538,0.4891,231.21,864.6,46.1,0,5405.4,2,WORKING
SL-2539,0.0,0.0,8.0,31.8,1,33010.1,3,POWER_FAILURE
SL-2540,0.4384,160.31,163.0,31.1,0,18257.8,1,VOLTAGE_ANOMALY
SL-2541,0.0266,8.55,8.7,25.6,2,13117.1,0,POWER_FAILURE
SL-2542,0.4229,216.0,0.0,39.3,1,46001.7,0,SENSOR_FAILURE
SL-2543,0.4351,232.25,698.9,38.9,0,6726.4,0,WORKING
SL-2544,0.1684,223.86,30.7,27.7,2,51731.3,4,LAMP_FAILURE
SL-2545,0.3974,228.34,932.0,33.4,0,37195.2,0,WORKING
SL-2546,0.3743,263.65,812.8,50.8,0,42608.1,1,VOLTAGE_ANOMALY
SL-2547,0.4405,226.36,1753.5,43.2,0,41140.8,2,SENSOR_FAILURE
SL-2548,0.0024,218.77,0.0,28.9,0,21950.7,4,LAMP_FAILURE
SL-2549,0.0159,229.67,9.5,35.6,1,37022.0,3,LAMP_FAILURE
SL-2550,0.4211,236.03,841.1,34.5,0,31716.0,1,WORKING
SL-2551,0.3745,225.54,890.7,31.8,0,26166.8,2,WORKING
SL-2552,0.3656,237.34,1371.7,51.8,1,22885.0,3,SENSOR_FAILURE
SL-2553,0.2816,229.81,1115.2,33.0,0,24062.7,3,SENSOR_FAILURE
SL-2554,0.4259,228.25,859.6,35.0,0,16052.6,1,WORKING
SL-2555,0.042,231.43,13.8,30.8,1,56180.7,4,LAMP_FAILURE
SL-2556,0.3917,228.82,718.4,36.1,0,19090.4,2,WORKING
SL-2557,0.3354,233.46,21.1,51.0,1,30625.1,1,SENSOR_FAILURE
SL-2558,0.1339,225.01,57.8,26.7,1,51141.7,3,LAMP_FAILURE
SL-2559,0.0217,0.0,0.0,29.6,2,1287.4,0,POWER_FAILURE
SL-2560,0.0132,238.28,15.4,25.4,1,53841.0,2,LAMP_FAILURE
SL-2561,0.314,228.08,1639.1,78.7,1,10805.2,0,SENSOR_FAILURE
SL-2562,0.0245,228.63,0.0,23.7,1,38866.7,5,LAMP_FAILURE
SL-2563,0.4128,232.4,698.3,28.1,0,48760.9,0,WORKING
SL-2564,0.0036,0.0,3.5,15.4,1,14577.1,4,POWER_FAILURE
SL-2565,0.0069,10.54,0.0,17.7,2,48807.0,1,POWER_FAILURE
SL-2566,0.0014,0.0,3.5,19.7,2,44722.2,1,POWER_FAILURE
SL-2567,0.3661,236.09,827.3,43.6,0,16417.1,0,WORKING
SL-2568,0.0143,7.87,3.4,19.6,2,2692.7,4,POWER_FAILURE
SL-2569,0.0317,224.5,9.6,19.3,1,39640.4,3,LAMP_FAILURE
SL-2570,0.3555,208.28,10.6,9.6,0,16572.3,1,SENSOR_FAILURE
SL-2571,0.0,12.72,3.9,32.8,2,39906.8,3,POWER_FAILURE
SL-2572,0.0182,1.85,3.7,24.0,2,5647.6,4,POWER_FAILURE
SL-2573,0.4887,231.88,726.3,44.5,0,49199.2,0,WORKING
SL-2574,0.3203,295.06,705.8,54.7,0,47958.5,1,VOLTAGE_ANOMALY
SL-2575,0.3694,232.48,950.8,41.3,0,39425.0,1,WORKING
SL-2576,0.481,228.32,1656.8,70.4,2,25306.3,1,SENSOR_FAILURE
SL-2577,0.0263,222.47,2.3,19.5,0,15696.5,1,LAMP_FAILURE
SL-2578,0.358,225.92,841.2,39.0,0,29126.3,0,WORKING
SL-2579,0.0096,233.55,13.7,31.2,1,34825.3,3,LAMP_FAILURE
SL-2580,0.0112,1.9,5.8,22.7,2,8761.6,1,POWER_FAILURE
SL-2581,0.0382,222.12,20.0,28.0,1,15709.3,5,LAMP_FAILURE
SL-2582,0.3681,231.48,4.5,47.4,0,24254.6,0,SENSOR_FAILURE
SL-2583,0.423,230.3,22.4,48.7,0,19270.8,0,SENSOR_FAILURE
SL-2584,0.4647,227.05,980.2,37.8,0,42102.6,0,WORKING
SL-2585,0.3762,232.15,0.0,33.1,1,47644.2,1,SENSOR_FAILURE
SL-2586,0.2928,281.66,674.0,71.8,0,36236.6,2,VOLTAGE_ANOMALY
SL-2587,0.3745,233.73,1503.6,38.0,1,14514.2,3,SENSOR_FAILURE
SL-2588,0.4932,146.99,100.3,39.8,0,15391.4,4,VOLTAGE_ANOMALY
SL-2589,0.0496,232.14,0.0,21.2,1,45030.4,5,LAMP_FAILURE
SL-2590,0.0,9.1,2.9,33.5,2,10077.4,1,POWER_FAILURE
SL-2591,0.4926,222.83,1484.2,75.0,2,17332.4,0,SENSOR_FAILURE
SL-2592,0.3679,226.46,11.7,56.3,0,15137.3,1,SENSOR_FAILURE
SL-2593,0.0167,221.49,4.4,29.0,1,47839.3,5,LAMP_FAILURE
SL-2594,0.0594,230.47,24.2,33.1,0,54529.2,2,LAMP_FAILURE
SL-2595,0.0403,231.41,11.5,27.8,1,41377.4,1,LAMP_FAILURE
SL-2596,0.0034,0.0,0.0,28.1,0,12014.6,0,POWER_FAILURE
SL-2597,0.4977,227.29,978.6,34.3,0,29177.7,1,WORKING
SL-2598,0.3361,228.68,1931.0,68.0,1,33588.7,2,SENSOR_FAILURE
SL-2599,0.0498,2.53,0.0,17.5,2,45764.6,3,POWER_FAILURE
SL-2600,0.0012,1.53,13.8,26.5,2,42119.2,3,POWER_FAILURE
SL-2601,0.0265,17.07,2.4,21.7,2,37078.2,4,POWER_FAILURE
SL-2602,0.0,16.51,6.6,30.9,1,20089.4,4,POWER_FAILURE
SL-2603,0.4214,236.19,716.9,32.2,0,15814.8,0,WORKING
SL-2604,0.3113,287.01,869.1,51.1,0,10195.5,0,VOLTAGE_ANOMALY
SL-2605,0.4546,222.68,1331.9,17.0,0,39929.6,3,SENSOR_FAILURE
SL-2606,0.0322,238.67,0.0,29.7,1,14050.8,3,LAMP_FAILURE
SL-2607,0.0397,13.6,0.0,23.8,2,49863.6,4,POWER_FAILURE
SL-2608,0.4526,228.19,1391.6,33.0,2,33526.2,3,SENSOR_FAILURE
SL-2609,0.0298,224.32,6.5,24.0,2,25048.3,1,LAMP_FAILURE
SL-2610,0.0341,0.0,0.4,34.7,1,41428.4,4,POWER_FAILURE
SL-2611,0.0092,230.34,11.2,19.5,2,48560.3,4,LAMP_FAILURE
SL-2612,0.4973,230.6,942.2,33.8,0,12842.2,1,WORKING
SL-2613,0.4971,154.11,29.8,36.1,0,17052.1,0,VOLTAGE_ANOMALY
SL-2614,0.4345,234.95,1701.6,32.2,1,36755.6,0,SENSOR_FAILURE
SL-2615,0.4548,176.59,236.1,33.9,1,25066.9,4,VOLTAGE_ANOMALY
SL-2616,0.3867,228.03,797.8,32.4,0,32152.5,0,WORKING
SL-2617,0.2677,291.56,898.9,54.8,2,6617.1,0,VOLTAGE_ANOMALY
SL-2618,0.4718,230.26,661.3,33.4,0,22308.6,0,WORKING
SL-2619,0.0575,227.29,14.9,24.5,1,26431.6,2,LAMP_FAILURE
SL-2620,0.2499,301.62,512.0,47.0,0,29929.7,0,VOLTAGE_ANOMALY
SL-2621,0.1501,229.57,25.8,27.1,1,42538.4,2,LAMP_FAILURE
SL-2622,0.3668,233.59,990.8,44.7,0,2674.4,2,WORKING
SL-2623,0.0255,12.61,2.6,31.8,1,5631.1,1,POWER_FAILURE
SL-2624,0.0,15.1,0.0,25.6,1,28723.8,1,POWER_FAILURE
SL-2625,0.0205,3.88,2.2,26.3,2,40721.1,2,POWER_FAILURE
SL-2626,0.051,234.2,11.9,24.1,0,38443.1,1,LAMP_FAILURE
SL-2627,0.3815,283.86,348.5,53.5,0,47137.0,1,VOLTAGE_ANOMALY
SL-2628,0.03,232.64,27.0,20.7,1,28105.1,3,LAMP_FAILURE
SL-2629,0.3715,230.97,684.9,39.6,0,46438.9,0,WORKING
SL-2630,0.0189,0.0,0.0,23.0,2,15520.0,0,POWER_FAILURE
SL-2631,0.0537,217.09,35.2,35.9,1,32219.8,2,LAMP_FAILURE
SL-2632,0.0902,228.75,42.3,30.9,1,49010.7,5,LAMP_FAILURE
SL-2633,0.4474,230.04,757.5,36.6,0,7307.0,0,WORKING
SL-2634,0.0236,223.74,4.7,25.0,1,28820.1,5,LAMP_FAILURE
SL-2635,0.3758,233.8,831.0,44.5,0,22084.6,0,WORKING
SL-2636,0.4907,225.81,672.7,39.0,0,44431.9,2,WORKING
SL-2637,0.359,230.96,984.7,33.7,0,30907.7,2,WORKING
SL-2638,0.3759,228.31,379.8,59.3,0,49295.3,0,SENSOR_FAILURE
SL-2639,0.2236,300.76,507.1,75.9,2,33116.6,3,VOLTAGE_ANOMALY
SL-2640,0.0023,222.7,21.7,34.6,2,45681.4,1,LAMP_FAILURE
SL-2641,0.4809,235.66,803.9,32.3,0,40557.5,1,WORKING
SL-2642,0.4219,158.03,93.0,32.0,2,27555.7,4,VOLTAGE_ANOMALY
SL-2643,0.0212,232.28,7.9,25.7,2,28231.6,4,LAMP_FAILURE
SL-2644,0.3712,231.65,753.5,43.5,0,40907.7,1,WORKING
SL-2645,0.4439,227.4,704.0,33.2,0,12366.2,0,WORKING
SL-2646,0.0533,223.35,0.0,21.6,0,34922.0,5,LAMP_FAILURE
SL-2647,0.5251,140.72,92.6,36.7,0,15306.0,3,VOLTAGE_ANOMALY
SL-2648,0.4852,229.87,705.7,33.7,0,36701.2,0,WORKING
SL-2649,0.4149,232.99,606.3,36.6,0,31838.2,2,WORKING
SL-2650,0.4885,232.24,0.0,47.5,1,44649.9,3,SENSOR_FAILURE
SL-2651,0.2234,287.57,406.6,73.0,0,5089.7,4,VOLTAGE_ANOMALY
SL-2652,0.4784,226.92,706.2,33.8,1,30273.9,1,WORKING
SL-2653,0.0457,224.66,34.1,29.4,1,55821.6,4,LAMP_FAILURE
SL-2654,0.3937,232.22,875.3,30.0,1,1642.0,0,WORKING
SL-2655,0.436,228.64,837.7,28.3,1,25541.9,3,SENSOR_FAILURE
SL-2656,0.0108,10.43,0.7,26.4,2,797.1,2,POWER_FAILURE
SL-2657,0.004,17.39,1.8,18.6,2,32610.2,4,POWER_FAILURE
SL-2658,0.0026,0.0,11.2,23.3,1,13594.3,1,POWER_FAILURE
SL-2659,0.3298,235.11,1152.7,29.5,2,33415.4,3,SENSOR_FAILURE
SL-2660,0.3645,232.02,642.3,39.9,0,32292.8,0,WORKING
SL-2661,0.4024,229.09,854.3,41.9,0,16400.7,2,WORKING
SL-2662,0.4365,238.13,3.4,47.8,0,45639.7,3,SENSOR_FAILURE
SL-2663,0.4757,236.23,659.9,34.8,0,12157.7,2,WORKING
SL-2664,0.2742,281.92,159.6,45.4,1,48145.0,0,VOLTAGE_ANOMALY
SL-2665,0.5101,226.82,1632.2,34.4,2,4654.2,0,SENSOR_FAILURE
SL-2666,0.0,6.32,0.4,22.7,2,35557.8,0,POWER_FAILURE
SL-2667,0.0388,231.38,1.7,26.9,1,19432.8,5,LAMP_FAILURE
SL-2668,0.3643,238.57,866.2,31.4,0,38866.0,2,WORKING
SL-2669,0.3618,266.93,687.0,60.1,0,3992.7,0,VOLTAGE_ANOMALY
SL-2670,0.364,261.44,782.6,68.1,1,29662.7,0,VOLTAGE_ANOMALY
SL-2671,0.0063,0.0,4.7,19.7,1,35229.0,4,POWER_FAILURE
SL-2672,0.018,224.1,0.0,24.4,1,18055.9,2,LAMP_FAILURE
SL-2673,0.2639,223.13,1696.2,54.5,0,32506.2,1,SENSOR_FAILURE
SL-2674,0.0453,229.88,19.7,29.3,2,18598.3,1,LAMP_FAILURE
SL-2675,0.3655,231.71,644.3,37.3,0,22170.3,2,WORKING
SL-2676,0.3514,230.65,676.6,41.2,0,21568.8,1,WORKING
SL-2677,0.0,3.15,0.0,26.3,2,44625.0,2,POWER_FAILURE
SL-2678,0.3807,226.47,141.3,32.7,1,2149.8,1,SENSOR_FAILURE
SL-2679,0.0209,12.1,0.8,27.1,2,49796.8,0,POWER_FAILURE
SL-2680,0.4459,226.0,822.0,23.9,0,15033.6,1,WORKING
SL-2681,0.4799,227.7,599.5,35.8,0,7761.0,0,WORKING
SL-2682,0.5003,146.13,119.6,26.3,0,29153.3,0,VOLTAGE_ANOMALY
SL-2683,0.043,6.01,0.0,33.4,2,44004.6,1,POWER_FAILURE
SL-2684,0.4033,232.61,4.7,35.5,0,27433.8,3,SENSOR_FAILURE
SL-2685,0.0124,7.8,10.7,32.4,2,35244.9,4,POWER_FAILURE
SL-2686,0.3034,294.68,229.3,61.2,1,35765.0,0,VOLTAGE_ANOMALY
SL-2687,0.0095,236.24,5.9,18.9,2,15728.6,4,LAMP_FAILURE
SL-2688,0.0379,8.0,0.0,19.5,2,11225.3,2,POWER_FAILURE
SL-2689,0.4763,155.78,241.0,32.8,0,15274.1,4,VOLTAGE_ANOMALY
SL-2690,0.4437,241.17,1628.8,26.6,0,45498.5,2,SENSOR_FAILURE
SL-2691,0.0458,220.41,14.7,24.2,1,7817.7,4,LAMP_FAILURE
SL-2692,0.0105,0.0,0.0,19.0,0,5444.1,0,POWER_FAILURE
SL-2693,0.4208,236.1,115.6,20.5,2,49011.0,1,SENSOR_FAILURE
SL-2694,0.4113,230.9,627.9,34.5,0,35464.3,2,WORKING
SL-2695,0.0128,10.27,1.2,23.4,2,6096.4,0,POWER_FAILURE
SL-2696,0.0291,1.74,0.0,27.4,2,22158.5,4,POWER_FAILURE
SL-2697,0.4673,240.77,0.0,43.0,1,19673.6,3,SENSOR_FAILURE
SL-2698,0.0082,225.14,0.0,24.8,1,51157.5,4,LAMP_FAILURE
SL-2699,0.0053,4.2,2.7,36.7,2,18717.5,4,POWER_FAILURE
SL-2700,0.3566,229.62,817.5,34.9,0,44928.6,0,WORKING
SL-2701,0.4773,227.99,759.9,34.9,0,4116.8,2,WORKING
SL-2702,0.0201,0.96,8.5,31.1,1,31066.0,1,POWER_FAILURE
SL-2703,0.0029,14.19,0.0,24.1,1,24669.5,0,POWER_FAILURE
SL-2704,0.0,0.0,15.8,18.1,1,26382.3,0,POWER_FAILURE
SL-2705,0.4086,237.38,785.4,26.0,0,17135.2,1,SENSOR_FAILURE
SL-2706,0.0134,231.13,23.7,30.9,1,42870.9,5,LAMP_FAILURE
SL-2707,0.3582,261.44,357.8,55.7,2,38428.8,0,VOLTAGE_ANOMALY
SL-2708,0.0519,230.1,0.0,31.6,0,54597.2,3,LAMP_FAILURE
SL-2709,0.4285,230.39,908.4,40.0,0,30632.3,1,WORKING
SL-2710,0.4115,228.74,760.7,30.7,0,41685.4,0,WORKING
SL-2711,0.3619,224.42,1362.1,46.0,2,21030.4,3,SENSOR_FAILURE
SL-2712,0.3938,215.16,14.2,39.4,0,46269.7,1,SENSOR_FAILURE
SL-2713,0.0,7.68,3.1,31.6,2,8921.0,0,POWER_FAILURE
SL-2714,0.4219,230.53,824.6,36.4,0,37596.8,2,WORKING
SL-2715,0.0031,6.63,0.0,28.5,2,8551.5,3,POWER_FAILURE
SL-2716,0.1602,233.52,57.9,22.3,1,7180.5,5,LAMP_FAILURE
SL-2717,0.0039,9.18,0.6,29.6,1,48555.0,0,POWER_FAILURE
SL-2718,0.4653,224.12,27.6,36.5,2,43711.8,3,SENSOR_FAILURE
SL-2719,0.4658,229.22,840.2,40.5,0,31019.4,1,WORKING
SL-2720,0.4298,232.86,952.0,33.4,0,46283.3,2,WORKING
SL-2721,0.0,16.39,0.0,22.8,2,38176.2,4,POWER_FAILURE
SL-2722,0.4355,229.48,848.1,47.9,1,2051.5,1,SENSOR_FAILURE
SL-2723,0.5437,170.98,94.2,37.7,0,40235.9,1,VOLTAGE_ANOMALY
SL-2724,0.3724,227.18,749.1,28.3,0,33145.9,1,WORKING
SL-2725,0.0147,0.0,4.8,23.1,2,20328.1,3,POWER_FAILURE
SL-2726,0.0077,11.2,0.0,28.0,1,30875.8,4,POWER_FAILURE
SL-2727,0.0057,227.82,0.0,30.0,2,49607.7,2,LAMP_FAILURE
SL-2728,0.0138,226.22,1.4,31.4,2,7973.4,3,LAMP_FAILURE
SL-2729,0.354,284.35,448.5,48.3,0,4644.0,3,VOLTAGE_ANOMALY
SL-2730,0.0065,222.49,0.0,33.3,1,6604.7,3,LAMP_FAILURE
SL-2731,0.0802,233.99,50.1,31.7,1,6499.3,1,LAMP_FAILURE
SL-2732,0.3932,226.84,656.0,31.5,1,22144.4,2,WORKING
SL-2733,0.1853,264.49,320.5,43.7,2,45774.9,4,VOLTAGE_ANOMALY
SL-2734,0.4692,231.31,698.2,32.8,0,666.2,0,WORKING
SL-2735,0.567,158.96,218.8,35.5,1,36079.8,4,VOLTAGE_ANOMALY
SL-2736,0.0941,236.62,40.7,29.8,1,13844.5,1,LAMP_FAILURE
SL-2737,0.497,231.9,676.6,32.9,0,27638.8,1,WORKING
SL-2738,0.0479,231.35,20.0,21.2,1,24590.5,5,LAMP_FAILURE
SL-2739,0.4938,230.31,892.3,32.3,0,31987.6,2,WORKING
SL-2740,0.3641,230.14,723.3,31.0,0,29692.9,1,WORKING
SL-2741,0.3706,216.28,1866.3,37.5,1,11915.0,3,SENSOR_FAILURE
SL-2742,0.0399,229.77,16.8,28.5,1,47743.6,5,LAMP_FAILURE
SL-2743,0.4673,222.21,1251.3,65.8,2,34049.3,0,SENSOR_FAILURE
SL-2744,0.0303,231.58,2.5,17.4,2,45998.7,1,LAMP_FAILURE
SL-2745,0.3702,226.52,959.1,35.9,0,31799.4,1,WORKING
SL-2746,0.3081,281.24,369.5,67.2,1,7986.1,0,VOLTAGE_ANOMALY
SL-2747,0.0245,10.74,0.0,17.6,2,38742.0,3,POWER_FAILURE
SL-2748,0.4019,228.94,652.3,31.2,0,4896.2,2,WORKING
SL-2749,0.1114,230.5,26.1,29.8,1,48965.5,3,LAMP_FAILURE
SL-2750,0.0353,3.35,0.0,30.7,2,36368.1,3,POWER_FAILURE
SL-2751,0.0473,15.79,0.0,30.7,1,21939.2,4,POWER_FAILURE
SL-2752,0.542,149.06,321.6,29.0,1,32861.9,4,VOLTAGE_ANOMALY
SL-2753,0.4324,241.06,0.0,30.9,2,48693.9,2,SENSOR_FAILURE
SL-2754,0.4004,221.99,1754.2,38.5,1,2042.5,2,SENSOR_FAILURE
SL-2755,0.443,237.48,747.0,26.2,0,2314.4,2,WORKING
SL-2756,0.4429,227.71,617.9,37.2,0,49790.6,1,WORKING
SL-2757,0.3271,260.38,373.2,54.8,2,42705.4,4,VOLTAGE_ANOMALY
SL-2758,0.1041,232.55,46.5,25.9,2,50510.4,5,LAMP_FAILURE
SL-2759,0.0574,231.8,15.2,32.2,1,38865.4,5,LAMP_FAILURE
SL-2760,0.1377,230.56,48.2,30.1,0,31206.9,3,LAMP_FAILURE
SL-2761,0.5322,231.32,20.0,32.1,1,43216.5,3,SENSOR_FAILURE
SL-2762,0.4,225.03,3.4,49.6,2,41573.1,3,SENSOR_FAILURE
SL-2763,0.0297,7.03,0.3,32.7,1,11510.8,1,POWER_FAILURE
SL-2764,0.3821,228.43,739.4,35.0,1,20832.3,0,WORKING
SL-2765,0.3753,227.06,813.7,34.5,0,41253.3,0,WORKING
SL-2766,0.0157,227.42,25.7,23.7,1,20106.6,5,LAMP_FAILURE
SL-2767,0.0508,234.87,9.3,22.8,2,12856.8,3,LAMP_FAILURE
SL-2768,0.0579,222.64,14.0,26.2,1,55017.1,1,LAMP_FAILURE
SL-2769,0.247,296.34,696.6,62.9,2,1086.3,2,VOLTAGE_ANOMALY
SL-2770,0.0097,2.38,0.0,25.6,2,37817.5,4,POWER_FAILURE
SL-2771,0.0041,13.6,0.0,18.9,1,41134.3,0,POWER_FAILURE
SL-2772,0.4128,230.27,781.6,39.2,0,49938.3,1,WORKING
SL-2773,0.0499,227.04,18.0,18.6,1,59607.3,3,LAMP_FAILURE
SL-2774,0.0161,4.83,9.7,28.0,0,21384.7,2,POWER_FAILURE
SL-2775,0.0043,226.52,20.9,24.6,1,57595.6,4,LAMP_FAILURE
SL-2776,0.2351,297.55,644.5,62.8,2,17290.4,4,VOLTAGE_ANOMALY
SL-2777,0.5136,222.47,15.5,50.0,0,13756.7,0,SENSOR_FAILURE
SL-2778,0.4617,230.94,732.0,40.1,0,37487.8,1,WORKING
SL-2779,0.0053,217.74,27.0,27.0,2,37605.3,2,LAMP_FAILURE
SL-2780,0.4679,227.07,0.0,30.1,2,37526.1,1,SENSOR_FAILURE
SL-2781,0.0121,12.68,0.0,24.5,2,31033.8,1,POWER_FAILURE
SL-2782,0.1214,231.0,27.4,33.6,1,43126.2,4,LAMP_FAILURE
SL-2783,0.0067,1.15,0.0,24.8,1,26618.1,1,POWER_FAILURE
SL-2784,0.4362,225.09,17.0,26.8,1,13502.1,1,SENSOR_FAILURE
SL-2785,0.5314,140.5,132.7,27.2,1,7093.5,4,VOLTAGE_ANOMALY
SL-2786,0.4014,230.34,993.2,35.1,1,2161.5,1,WORKING
SL-2787,0.4513,230.59,819.7,29.5,0,4600.9,1,WORKING
SL-2788,0.3917,231.44,1313.5,30.6,1,34504.0,2,SENSOR_FAILURE
SL-2789,0.0243,224.08,9.5,29.1,2,9763.4,3,LAMP_FAILURE
SL-2790,0.4765,229.22,792.7,43.2,0,32299.6,1,WORKING
SL-2791,0.1513,226.94,29.3,27.3,1,7071.2,3,LAMP_FAILURE
SL-2792,0.4597,233.8,730.4,38.2,0,16385.9,2,WORKING
SL-2793,0.015,10.98,5.2,24.2,2,8542.9,4,POWER_FAILURE
SL-2794,0.4222,227.95,729.1,30.8,0,9983.5,2,WORKING
SL-2795,0.5512,141.91,100.0,31.0,0,5607.0,0,VOLTAGE_ANOMALY
SL-2796,0.4854,232.58,768.0,41.0,0,43746.1,1,WORKING
SL-2797,0.4424,168.93,190.1,28.5,1,29741.0,4,VOLTAGE_ANOMALY
SL-2798,0.6408,131.49,205.8,30.6,0,24747.2,1,VOLTAGE_ANOMALY
SL-2799,0.5876,123.23,269.9,37.7,1,16311.3,2,VOLTAGE_ANOMALY
SL-2800,0.3589,308.62,393.1,58.7,2,13889.9,4,VOLTAGE_ANOMALY
SL-2801,0.7805,109.81,155.3,22.7,1,11493.8,2,VOLTAGE_ANOMALY
SL-2802,0.5909,168.68,113.6,35.4,0,22183.9,4,VOLTAGE_ANOMALY
SL-2803,0.4026,224.13,18.0,40.1,1,5358.1,0,SENSOR_FAILURE
SL-2804,0.0576,222.55,8.7,28.2,1,44878.2,3,LAMP_FAILURE
SL-2805,0.521,135.35,218.3,32.5,0,28490.7,4,VOLTAGE_ANOMALY
SL-2806,0.4293,224.1,0.0,24.2,0,21219.5,3,SENSOR_FAILURE
SL-2807,0.4182,233.7,655.4,33.0,0,26951.4,0,WORKING
SL-2808,0.2494,276.81,865.3,58.3,0,36815.3,2,VOLTAGE_ANOMALY
SL-2809,0.3016,307.23,327.1,65.8,0,39408.6,2,VOLTAGE_ANOMALY
SL-2810,0.0158,7.12,10.5,33.4,2,42975.9,0,POWER_FAILURE
SL-2811,0.0107,11.62,0.0,26.1,1,17993.6,3,POWER_FAILURE
SL-2812,0.0142,224.27,15.9,33.3,1,19726.5,5,LAMP_FAILURE
SL-2813,0.0265,15.42,3.7,22.4,2,36952.6,0,POWER_FAILURE
SL-2814,0.0199,232.92,20.5,41.1,1,9007.1,3,LAMP_FAILURE
SL-2815,0.0339,226.45,7.1,25.1,1,14815.9,5,LAMP_FAILURE
SL-2816,0.4412,228.53,1194.1,33.4,1,47204.7,1,SENSOR_FAILURE
SL-2817,0.4379,228.91,652.6,35.4,0,47968.6,1,WORKING
SL-2818,0.4173,220.33,1623.6,50.8,1,4883.1,2,SENSOR_FAILURE
SL-2819,0.3936,222.28,1390.3,30.2,0,24994.7,3,SENSOR_FAILURE
SL-2820,0.0,4.16,0.0,31.6,1,33877.4,4,POWER_FAILURE
SL-2821,0.0295,14.3,4.2,27.9,2,747.5,4,POWER_FAILURE
SL-2822,0.0038,0.0,4.2,20.4,1,30018.8,4,POWER_FAILURE
SL-2823,0.0449,231.48,29.9,27.4,0,9533.9,2,LAMP_FAILURE
SL-2824,0.4916,225.39,953.5,19.7,0,42219.7,2,WORKING
SL-2825,0.595,136.89,308.7,28.9,1,44894.9,2,VOLTAGE_ANOMALY
SL-2826,0.6296,135.37,211.6,41.3,0,37790.6,2,VOLTAGE_ANOMALY
SL-2827,0.0516,224.95,9.5,25.4,2,6218.0,5,LAMP_FAILURE
SL-2828,0.0064,221.65,16.2,30.3,0,56628.2,1,LAMP_FAILURE
SL-2829,0.3873,225.11,0.0,50.0,0,10077.9,2,SENSOR_FAILURE
SL-2830,0.019,225.88,5.8,24.9,1,34040.0,4,LAMP_FAILURE
SL-2831,0.0084,228.45,17.0,35.1,1,23729.0,4,LAMP_FAILURE
SL-2832,0.1223,228.96,61.8,29.1,1,27639.9,4,LAMP_FAILURE
SL-2833,0.0166,6.97,1.3,23.7,1,27851.7,0,POWER_FAILURE
SL-2834,0.3254,225.07,1150.4,62.3,0,32810.3,2,SENSOR_FAILURE
SL-2835,0.5091,224.19,223.4,45.4,1,4417.5,3,SENSOR_FAILURE
SL-2836,0.4845,231.73,0.0,31.7,2,42676.8,3,SENSOR_FAILURE
SL-2837,0.2501,285.84,359.7,50.6,0,28161.9,1,VOLTAGE_ANOMALY
SL-2838,0.4838,228.26,876.6,34.7,0,17679.9,1,WORKING
SL-2839,0.4641,235.24,16.2,43.9,0,38448.4,2,SENSOR_FAILURE
SL-2840,0.3952,236.86,1708.3,27.7,1,35054.0,1,SENSOR_FAILURE
SL-2841,0.0034,238.54,25.4,22.9,1,31301.8,5,LAMP_FAILURE
SL-2842,0.354,230.67,811.6,29.9,0,33190.6,2,WORKING
SL-2843,0.0449,232.47,4.3,16.7,1,19588.7,4,LAMP_FAILURE
SL-2844,0.3091,220.77,699.6,21.2,2,35504.4,3,SENSOR_FAILURE
SL-2845,0.3002,277.41,799.2,58.7,0,8596.1,3,VOLTAGE_ANOMALY
SL-2846,0.3252,231.8,7.5,53.6,0,16254.0,2,SENSOR_FAILURE
SL-2847,0.569,141.44,73.8,24.7,2,24096.8,3,VOLTAGE_ANOMALY
SL-2848,0.3779,262.84,610.2,69.2,0,22433.2,1,VOLTAGE_ANOMALY
SL-2849,0.03,13.87,0.0,24.7,2,45139.0,3,POWER_FAILURE
SL-2850,0.0298,230.18,6.9,22.6,0,52604.6,2,LAMP_FAILURE
SL-2851,0.388,229.06,881.5,38.1,0,36643.1,1,WORKING
SL-2852,0.477,229.46,619.3,34.9,0,35640.1,1,WORKING
SL-2853,0.0435,217.72,12.3,32.0,0,22867.5,5,LAMP_FAILURE
SL-2854,0.0191,227.74,15.5,24.9,2,30289.2,1,LAMP_FAILURE
SL-2855,0.3627,232.44,642.0,28.4,0,15605.1,1,WORKING
SL-2856,0.0235,224.89,18.1,31.8,1,48344.1,5,LAMP_FAILURE
SL-2857,0.0039,13.85,7.3,29.6,2,36988.9,2,POWER_FAILURE
SL-2858,0.388,227.09,927.2,32.8,0,1820.3,1,WORKING
SL-2859,0.4854,231.98,839.4,31.4,1,37429.4,2,WORKING
SL-2860,0.3913,232.31,725.7,30.7,0,28865.8,2,WORKING
SL-2861,0.0096,219.48,0.8,23.0,1,15121.9,1,LAMP_FAILURE
SL-2862,0.0411,230.53,13.4,35.8,1,40581.4,2,LAMP_FAILURE
SL-2863,0.253,308.77,529.0,55.9,0,31098.6,3,VOLTAGE_ANOMALY
SL-2864,0.099,227.26,69.8,39.4,1,54673.1,3,LAMP_FAILURE
SL-2865,0.0368,233.18,5.7,33.8,0,28509.0,1,LAMP_FAILURE
SL-2866,0.4175,227.9,771.6,34.3,0,929.8,2,WORKING
SL-2867,0.3846,239.91,0.0,32.6,1,30654.0,3,SENSOR_FAILURE
SL-2868,0.7592,117.29,302.2,24.3,0,35833.0,2,VOLTAGE_ANOMALY
SL-2869,0.4466,230.11,673.3,27.7,0,17551.6,0,WORKING
SL-2870,0.4686,231.48,641.0,41.1,0,9463.0,0,WORKING
SL-2871,0.3825,231.36,1152.3,42.2,2,41387.7,2,SENSOR_FAILURE
SL-2872,0.2746,278.06,339.2,68.2,1,43467.0,4,VOLTAGE_ANOMALY
SL-2873,0.4078,228.99,1479.6,28.7,2,28457.3,0,SENSOR_FAILURE
SL-2874,0.057,228.67,19.2,28.3,1,23464.8,5,LAMP_FAILURE
SL-2875,0.0129,0.0,11.0,31.4,1,12968.9,3,POWER_FAILURE
SL-2876,0.4778,230.42,769.6,34.3,1,959.6,1,WORKING
SL-2877,0.4783,229.63,807.4,34.7,1,14304.6,2,WORKING
SL-2878,0.7423,124.65,238.1,31.9,1,35746.2,3,VOLTAGE_ANOMALY
SL-2879,0.5842,121.18,29.3,29.1,0,27718.6,0,VOLTAGE_ANOMALY
SL-2880,0.0,8.19,3.2,18.2,1,28824.1,2,POWER_FAILURE
SL-2881,0.0,10.44,1.0,24.7,2,44851.9,2,POWER_FAILURE
SL-2882,0.4757,229.81,631.9,13.1,0,23755.4,0,WORKING
SL-2883,0.3856,226.7,772.3,42.2,0,30089.9,0,WORKING
SL-2884,0.0597,232.27,22.4,32.1,2,8177.2,3,LAMP_FAILURE
SL-2885,0.3375,231.91,1363.9,67.5,0,34857.9,0,SENSOR_FAILURE
SL-2886,0.3734,231.81,16.4,61.3,0,27925.4,0,SENSOR_FAILURE
SL-2887,0.0344,8.44,3.6,25.3,2,49930.1,4,POWER_FAILURE
SL-2888,0.0,0.0,9.7,31.9,1,44607.4,3,POWER_FAILURE
SL-2889,0.0411,223.97,9.8,21.6,1,57291.0,4,LAMP_FAILURE
SL-2890,0.2845,275.44,699.9,45.4,0,16975.5,0,VOLTAGE_ANOMALY
SL-2891,0.0075,24.42,8.3,24.0,1,21759.5,3,POWER_FAILURE
SL-2892,0.012,226.26,1.4,35.7,1,42988.5,1,LAMP_FAILURE
SL-2893,0.5485,230.46,1507.9,24.4,1,4290.7,2,SENSOR_FAILURE
SL-2894,0.0388,13.7,11.4,18.1,2,43317.1,1,POWER_FAILURE
SL-2895,0.424,224.58,1386.8,29.9,2,8484.3,1,SENSOR_FAILURE
SL-2896,0.0232,7.29,6.9,20.1,2,8159.0,4,POWER_FAILURE
SL-2897,0.0019,229.39,10.9,27.8,1,46794.3,5,LAMP_FAILURE
SL-2898,0.4014,228.07,554.9,42.5,0,6579.7,2,SENSOR_FAILURE
SL-2899,0.4008,236.83,973.8,33.3,0,1750.0,2,WORKING
SL-2900,0.4439,231.02,860.2,32.2,0,35969.8,2,WORKING
SL-2901,0.3776,229.16,19.5,40.9,0,40361.7,1,SENSOR_FAILURE
SL-2902,0.0053,9.11,10.2,28.8,1,35417.0,4,POWER_FAILURE
SL-2903,0.0239,5.77,6.4,20.5,2,31156.6,3,POWER_FAILURE
SL-2904,0.0722,0.0,14.7,18.1,2,17815.5,1,POWER_FAILURE
SL-2905,0.4453,226.05,588.1,34.5,0,48465.1,0,WORKING
SL-2906,0.0341,222.73,31.9,27.1,2,31061.4,5,LAMP_FAILURE
SL-2907,0.3793,232.11,719.0,33.2,0,3061.5,1,WORKING
SL-2908,0.0367,3.99,9.6,24.4,1,27287.4,4,POWER_FAILURE
SL-2909,0.406,225.79,882.4,32.3,0,38783.2,0,WORKING
SL-2910,0.4297,227.46,700.3,35.6,0,30559.5,0,WORKING
SL-2911,0.4478,225.71,1138.0,36.4,1,27016.4,3,SENSOR_FAILURE
SL-2912,0.4538,159.98,311.2,26.6,1,35617.4,2,VOLTAGE_ANOMALY
SL-2913,0.0265,2.06,0.0,16.5,2,6156.9,1,POWER_FAILURE
SL-2914,0.2611,238.16,671.9,18.0,1,31077.5,2,SENSOR_FAILURE
SL-2915,0.2153,304.87,893.0,62.1,2,10103.6,4,VOLTAGE_ANOMALY
SL-2916,0.424,225.23,1238.2,53.5,2,36874.7,2,SENSOR_FAILURE
SL-2917,0.3404,218.29,75.7,34.8,0,15472.2,2,SENSOR_FAILURE
SL-2918,0.0106,220.6,10.7,41.2,2,17215.7,5,LAMP_FAILURE
SL-2919,0.3677,232.47,694.6,35.0,0,34036.3,2,WORKING
SL-2920,0.4145,228.31,1693.1,34.7,2,11716.6,0,SENSOR_FAILURE
SL-2921,0.4817,226.59,801.3,40.8,0,18375.4,1,WORKING
SL-2922,0.0,12.92,0.0,22.4,2,30709.1,3,POWER_FAILURE
SL-2923,0.0005,233.97,22.4,34.4,2,48425.3,4,LAMP_FAILURE
SL-2924,0.6718,128.22,71.2,34.7,1,8501.9,3,VOLTAGE_ANOMALY
SL-2925,0.3521,266.81,384.0,53.5,0,20690.4,0,VOLTAGE_ANOMALY
SL-2926,0.0,18.09,0.0,30.1,2,40506.0,3,POWER_FAILURE
SL-2927,0.4158,225.81,1118.0,25.0,0,1698.8,1,SENSOR_FAILURE
SL-2928,0.0352,226.93,11.0,22.5,1,42672.8,1,LAMP_FAILURE
SL-2929,0.0325,225.47,24.2,31.6,2,10376.4,3,LAMP_FAILURE
SL-2930,0.0093,2.81,4.9,22.9,2,26306.9,1,POWER_FAILURE
SL-2931,0.0,0.0,0.0,27.1,2,28296.8,3,POWER_FAILURE
SL-2932,0.0271,0.0,13.4,29.2,1,37321.6,2,POWER_FAILURE
SL-2933,0.5264,164.26,87.1,30.1,0,36311.6,1,VOLTAGE_ANOMALY
SL-2934,0.3088,269.51,315.3,47.8,1,45417.7,3,VOLTAGE_ANOMALY
SL-2935,0.026,0.0,5.6,27.9,2,7328.5,2,POWER_FAILURE
SL-2936,0.4687,232.31,842.8,43.7,0,39121.9,0,WORKING
SL-2937,0.4285,230.55,1461.5,49.9,0,19814.5,1,SENSOR_FAILURE
SL-2938,0.0093,2.28,12.4,17.3,1,8941.9,0,POWER_FAILURE
SL-2939,0.2006,299.09,354.4,58.3,0,23075.1,0,VOLTAGE_ANOMALY
SL-2940,0.0293,5.07,1.1,28.3,2,4627.6,3,POWER_FAILURE
SL-2941,0.0549,231.67,6.5,25.5,2,5446.0,1,LAMP_FAILURE
SL-2942,0.0122,0.0,0.5,21.0,2,10944.4,2,POWER_FAILURE
SL-2943,0.4379,232.18,802.4,42.4,0,4977.7,1,WORKING
SL-2944,0.3704,231.07,0.0,41.5,1,16242.4,2,SENSOR_FAILURE
SL-2945,0.4289,230.95,791.0,33.4,0,33960.3,2,WORKING
SL-2946,0.159,223.31,22.0,28.1,1,53728.4,3,LAMP_FAILURE
SL-2947,0.0549,229.67,20.8,20.7,1,59568.6,1,LAMP_FAILURE
SL-2948,0.7456,109.19,157.0,27.1,0,4225.4,0,VOLTAGE_ANOMALY
SL-2949,0.4369,232.24,732.1,33.4,0,939.6,1,WORKING
SL-2950,0.5934,124.79,119.8,22.8,0,7982.7,2,VOLTAGE_ANOMALY
SL-2951,0.054,235.08,23.5,27.9,1,58510.9,5,LAMP_FAILURE
SL-2952,0.4137,225.56,1425.4,23.6,0,2231.4,1,SENSOR_FAILURE
SL-2953,0.0104,3.15,3.4,26.6,2,34747.7,2,POWER_FAILURE
SL-2954,0.028,223.66,7.4,27.2,1,43946.1,4,LAMP_FAILURE
SL-2955,0.0062,232.5,12.3,30.2,2,33177.0,5,LAMP_FAILURE
SL-2956,0.0394,0.0,0.0,14.3,1,48089.8,4,POWER_FAILURE
SL-2957,0.4756,226.7,716.5,40.7,0,39320.0,0,WORKING
SL-2958,0.0125,0.0,7.7,22.9,1,48494.5,2,POWER_FAILURE
SL-2959,0.0,6.78,0.0,31.4,2,17768.1,4,POWER_FAILURE
SL-2960,0.0103,0.0,1.0,27.6,1,24053.7,3,POWER_FAILURE
SL-2961,0.846,101.25,195.0,40.4,0,30574.4,3,VOLTAGE_ANOMALY
SL-2962,0.3811,237.37,1393.1,55.8,1,6624.0,2,SENSOR_FAILURE
SL-2963,0.0243,15.39,0.5,22.8,1,593.2,3,POWER_FAILURE
SL-2964,0.0426,230.58,14.3,29.0,1,6947.4,2,LAMP_FAILURE
SL-2965,0.0251,16.14,10.2,19.5,2,49749.6,1,POWER_FAILURE
SL-2966,0.0,7.32,7.3,23.5,2,29784.6,1,POWER_FAILURE
SL-2967,0.5794,126.37,174.5,28.5,2,19593.5,0,VOLTAGE_ANOMALY
SL-2968,0.4424,229.9,932.0,34.7,1,24935.0,1,WORKING
SL-2969,0.0,9.75,12.8,32.5,2,31802.4,2,POWER_FAILURE
SL-2970,0.0253,227.88,6.1,25.0,1,35318.6,3,LAMP_FAILURE
SL-2971,0.3144,232.44,1213.3,79.1,2,10066.3,3,SENSOR_FAILURE
SL-2972,0.0029,1.33,11.3,32.1,1,27305.8,1,POWER_FAILURE
SL-2973,0.0034,228.92,5.6,22.8,0,16990.6,4,LAMP_FAILURE
SL-2974,0.0541,228.82,0.0,28.8,2,21746.3,5,LAMP_FAILURE
SL-2975,0.3675,233.75,708.2,31.7,0,23755.3,1,SENSOR_FAILURE
SL-2976,0.4971,232.94,726.9,41.3,0,8278.2,2,WORKING
SL-2977,0.0116,236.75,29.1,27.8,0,40504.1,5,LAMP_FAILURE
SL-2978,0.2912,236.88,0.0,34.5,0,12050.4,0,SENSOR_FAILURE
SL-2979,0.4669,230.48,773.6,34.0,1,33125.0,0,WORKING
SL-2980,0.4908,227.61,864.7,40.4,0,9133.6,0,WORKING
SL-2981,0.3376,231.66,988.5,52.0,2,15678.5,3,SENSOR_FAILURE
SL-2982,0.7144,109.03,99.5,25.7,0,33264.0,3,VOLTAGE_ANOMALY
SL-2983,0.0,4.83,10.6,26.2,2,24785.6,4,POWER_FAILURE
SL-2984,0.4526,235.56,458.8,27.6,0,25477.3,0,SENSOR_FAILURE
SL-2985,0.632,131.22,151.8,20.0,2,26141.8,3,VOLTAGE_ANOMALY
SL-2986,0.0162,0.0,8.1,22.0,2,16911.8,3,POWER_FAILURE
SL-2987,0.01,0.0,0.2,20.4,1,49065.6,1,POWER_FAILURE
SL-2988,0.3659,227.74,730.1,34.8,0,30655.4,0,WORKING
SL-2989,0.394,229.1,614.1,39.4,0,16308.6,0,WORKING
SL-2990,0.4613,230.14,9.1,63.3,1,13361.3,0,SENSOR_FAILURE
SL-2991,0.4143,233.76,12.4,37.8,1,24906.6,2,SENSOR_FAILURE
SL-2992,0.3018,277.93,699.1,78.3,1,39203.3,1,VOLTAGE_ANOMALY
SL-2993,0.4039,235.96,0.0,26.2,2,21863.7,0,SENSOR_FAILURE
SL-2994,0.0184,220.96,0.0,27.8,1,21948.2,3,LAMP_FAILURE
SL-2995,0.2132,296.36,682.9,42.9,2,14673.1,2,VOLTAGE_ANOMALY
SL-2996,0.5485,140.62,175.2,38.2,2,47357.4,0,VOLTAGE_ANOMALY
SL-2997,0.259,286.47,455.6,55.8,0,42465.9,1,VOLTAGE_ANOMALY
SL-2998,0.0216,228.54,9.4,34.9,0,56273.4,4,LAMP_FAILURE
SL-2999,0.4033,231.75,1.6,27.9,1,9077.7,0,SENSOR_FAILURE
SL-3000,0.336,237.95,0.0,62.4,2,28503.8,3,SENSOR_FAILURE
SL-3001,0.4753,229.9,634.9,38.9,0,37924.4,0,WORKING
SL-3002,0.3671,222.85,589.7,28.0,0,48859.1,2,WORKING
SL-3003,0.0,1.48,0.6,33.1,2,13811.9,0,POWER_FAILURE
SL-3004,0.0,3.73,11.0,21.3,1,14105.3,3,POWER_FAILURE
SL-3005,0.3887,228.1,650.6,30.2,0,30575.7,0,WORKING
SL-3006,0.3741,224.39,1159.2,39.3,2,39557.0,1,SENSOR_FAILURE
SL-3007,0.0507,231.35,4.0,36.5,1,45903.7,3,LAMP_FAILURE
SL-3008,0.278,283.52,622.6,52.9,2,39723.1,1,VOLTAGE_ANOMALY
SL-3009,0.5942,160.6,23.8,32.1,0,28433.9,2,VOLTAGE_ANOMALY
SL-3010,0.4819,151.18,39.4,32.3,0,37232.6,2,VOLTAGE_ANOMALY
SL-3011,0.3716,226.72,608.3,40.9,0,11514.9,2,WORKING
SL-3012,0.0256,234.52,0.0,33.2,0,13490.3,5,LAMP_FAILURE
SL-3013,0.0,0.0,6.3,26.0,1,11113.1,0,POWER_FAILURE
SL-3014,0.0541,10.39,4.7,26.2,2,13312.3,1,POWER_FAILURE
SL-3015,0.4975,231.17,674.1,43.1,0,30555.3,1,WORKING
SL-3016,0.0433,227.95,0.0,27.0,1,53355.7,2,LAMP_FAILURE
SL-3017,0.5215,225.41,19.3,19.7,0,3015.8,2,SENSOR_FAILURE
SL-3018,0.5257,161.52,149.3,25.5,2,43674.8,2,VOLTAGE_ANOMALY
SL-3019,0.3823,231.27,870.5,34.8,1,11612.1,2,WORKING
SL-3020,0.4429,233.08,4.9,46.2,1,47260.5,2,SENSOR_FAILURE
SL-3021,0.4149,231.76,655.9,38.1,0,18613.5,0,WORKING
SL-3022,0.235,290.47,834.2,53.5,0,43711.2,1,VOLTAGE_ANOMALY
SL-3023,0.0093,0.0,1.4,27.0,1,48813.8,2,POWER_FAILURE
SL-3024,0.4983,164.58,100.1,36.0,1,33467.4,2,VOLTAGE_ANOMALY
SL-3025,0.3867,172.96,350.2,37.3,0,37432.1,1,VOLTAGE_ANOMALY
SL-3026,0.4455,172.01,190.3,30.6,1,34729.6,2,VOLTAGE_ANOMALY
SL-3027,0.0144,234.01,14.7,24.0,2,51462.4,2,LAMP_FAILURE
SL-3028,0.5,218.03,518.3,55.0,1,3715.0,3,SENSOR_FAILURE
SL-3029,0.4021,245.36,0.0,33.2,0,35631.0,3,SENSOR_FAILURE
SL-3030,0.4709,167.99,296.2,34.8,1,20570.0,3,VOLTAGE_ANOMALY
SL-3031,0.3263,214.31,37.0,44.1,0,32255.7,1,SENSOR_FAILURE
SL-3032,0.0408,230.86,7.5,24.9,1,17960.9,5,LAMP_FAILURE
SL-3033,0.0,9.68,0.0,36.4,2,2184.9,2,POWER_FAILURE
SL-3034,0.4858,231.67,749.3,41.7,0,35170.5,1,SENSOR_FAILURE
SL-3035,0.0129,8.47,8.2,30.4,2,42360.4,2,POWER_FAILURE
SL-3036,0.0215,9.68,0.7,30.6,2,9877.4,1,POWER_FAILURE
SL-3037,0.0277,2.63,0.9,34.8,2,44374.9,1,POWER_FAILURE
SL-3038,0.3948,228.94,860.5,40.4,0,26491.3,1,WORKING
SL-3039,0.3825,231.08,905.3,22.6,0,1875.3,2,WORKING
SL-3040,0.0103,8.81,2.6,27.3,2,4284.8,1,POWER_FAILURE
SL-3041,0.3762,228.3,1798.6,66.2,1,42004.3,2,SENSOR_FAILURE
SL-3042,0.3154,281.63,727.6,53.3,1,35792.1,1,VOLTAGE_ANOMALY
SL-3043,0.0553,229.37,2.2,24.7,0,23135.6,1,LAMP_FAILURE
SL-3044,0.0096,0.0,6.0,23.6,2,43806.8,0,POWER_FAILURE
SL-3045,0.3745,229.97,951.2,34.4,0,39615.4,1,WORKING
SL-3046,0.2012,300.34,303.9,35.0,2,539.8,3,VOLTAGE_ANOMALY
SL-3047,0.0353,228.68,12.1,29.2,2,5694.6,4,LAMP_FAILURE
SL-3048,0.5333,235.02,13.5,32.3,1,37614.3,3,SENSOR_FAILURE
SL-3049,0.0303,4.82,7.7,24.9,1,25251.7,1,POWER_FAILURE
SL-3050,0.1519,224.97,76.1,31.8,1,26730.4,5,LAMP_FAILURE
SL-3051,0.4958,236.29,11.2,60.6,0,19727.2,1,SENSOR_FAILURE
SL-3052,0.6329,128.57,111.0,33.8,1,11283.3,4,VOLTAGE_ANOMALY
SL-3053,0.4051,242.1,385.2,40.8,0,29346.9,3,SENSOR_FAILURE
SL-3054,0.2708,291.28,461.4,42.8,1,43084.1,0,VOLTAGE_ANOMALY
SL-3055,0.021,7.4,12.0,24.0,0,3132.8,3,POWER_FAILURE
SL-3056,0.4601,230.78,917.6,29.9,0,28735.1,1,WORKING
SL-3057,0.0162,229.07,1.0,24.7,2,24730.6,2,LAMP_FAILURE
SL-3058,0.3628,232.52,5.0,81.7,0,3340.9,3,SENSOR_FAILURE
SL-3059,0.0409,226.49,17.7,24.7,1,6875.5,1,LAMP_FAILURE
SL-3060,0.498,233.19,737.7,27.7,0,11775.4,1,WORKING
SL-3061,0.4028,218.47,0.0,25.5,1,7869.6,2,SENSOR_FAILURE
SL-3062,0.4627,230.5,1123.3,62.4,2,33311.7,0,SENSOR_FAILURE
SL-3063,0.3427,300.73,509.3,47.5,2,11639.1,3,VOLTAGE_ANOMALY
SL-3064,0.0052,224.11,20.6,32.9,2,35253.5,1,LAMP_FAILURE
SL-3065,0.0272,0.0,0.0,24.7,1,41945.9,2,POWER_FAILURE
SL-3066,0.4391,229.35,856.9,43.1,0,27710.6,2,WORKING
SL-3067,0.4818,229.78,815.6,33.0,0,41982.3,2,WORKING
SL-3068,0.0037,4.26,7.5,23.6,1,21497.5,4,POWER_FAILURE
SL-3069,0.0,7.68,0.0,24.8,2,36004.2,4,POWER_FAILURE
SL-3070,0.4434,221.42,687.6,40.0,0,6570.8,1,WORKING
SL-3071,0.399,222.55,0.0,55.9,0,2767.6,2,SENSOR_FAILURE
SL-3072,0.3276,219.13,1779.8,38.3,1,44087.6,0,SENSOR_FAILURE
SL-3073,0.0031,238.82,9.7,32.4,1,33399.8,4,LAMP_FAILURE
SL-3074,0.4592,222.34,1193.1,41.5,0,35672.6,3,SENSOR_FAILURE
SL-3075,0.4096,229.9,895.1,39.6,0,49220.6,0,WORKING
SL-3076,0.0209,7.95,3.8,28.8,1,12232.0,0,POWER_FAILURE
SL-3077,0.4177,228.61,864.9,33.3,0,33216.3,1,WORKING
SL-3078,0.3657,229.08,798.7,35.6,0,4579.5,2,WORKING
SL-3079,0.0017,226.09,4.1,30.1,1,45900.7,1,LAMP_FAILURE
SL-3080,0.3969,226.47,787.8,36.7,0,40571.7,0,WORKING
SL-3081,0.3821,232.26,970.1,41.2,1,15450.5,0,WORKING
SL-3082,0.5657,137.45,15.5,28.5,0,22250.3,3,VOLTAGE_ANOMALY
SL-3083,0.3038,274.05,625.1,52.6,0,34844.8,4,VOLTAGE_ANOMALY
SL-3084,0.0439,225.99,18.6,18.2,1,56555.4,4,LAMP_FAILURE
SL-3085,0.6932,109.48,180.0,20.7,2,30847.4,2,VOLTAGE_ANOMALY
SL-3086,0.0389,225.81,16.9,16.7,1,8339.8,4,LAMP_FAILURE
SL-3087,0.0147,9.66,2.0,28.2,1,8504.8,2,POWER_FAILURE
SL-3088,0.5649,143.71,157.0,26.0,2,3814.9,4,VOLTAGE_ANOMALY
SL-3089,0.0,14.96,11.2,24.6,2,19219.9,3,POWER_FAILURE
SL-3090,0.2929,303.34,391.2,56.1,1,32455.0,3,VOLTAGE_ANOMALY
SL-3091,0.4415,228.27,692.2,29.3,0,7583.2,2,WORKING
SL-3092,0.4479,227.13,924.3,37.9,0,18637.1,1,WORKING
SL-3093,0.0108,222.03,16.8,24.0,2,35621.2,5,LAMP_FAILURE
SL-3094,0.4259,225.02,939.7,39.7,0,3181.5,0,WORKING
SL-3095,0.3705,232.01,696.5,32.0,0,7438.6,0,WORKING
SL-3096,0.0053,3.51,1.6,27.0,2,13997.3,2,POWER_FAILURE
SL-3097,0.0577,226.38,0.0,22.1,0,43621.7,5,LAMP_FAILURE
SL-3098,0.0065,13.38,0.0,24.6,2,8442.5,0,POWER_FAILURE
SL-3099,0.24,303.65,398.7,63.2,1,30885.0,3,VOLTAGE_ANOMALY
SL-3100,0.0,0.0,3.8,31.4,2,8256.1,0,POWER_FAILURE
SL-3101,0.3803,224.43,649.8,28.6,1,11208.8,1,WORKING
SL-3102,0.3587,223.8,0.0,36.3,0,13127.4,1,SENSOR_FAILURE
SL-3103,0.1402,234.94,65.3,13.9,1,19506.6,1,LAMP_FAILURE
SL-3104,0.0134,224.62,6.0,24.2,1,7332.2,5,LAMP_FAILURE
SL-3105,0.0563,0.31,10.4,25.9,1,11716.4,1,POWER_FAILURE
SL-3106,0.3962,225.95,712.4,37.3,0,9796.7,1,WORKING
SL-3107,0.0018,6.3,14.8,22.4,2,11158.4,0,POWER_FAILURE
SL-3108,0.2385,295.06,452.2,58.2,0,39760.9,4,VOLTAGE_ANOMALY
SL-3109,0.0,0.0,7.5,30.3,1,26417.1,4,POWER_FAILURE
SL-3110,0.296,228.02,4.8,48.4,0,11304.1,2,SENSOR_FAILURE
SL-3111,0.0057,5.83,0.0,28.0,2,1268.6,0,POWER_FAILURE
SL-3112,0.0,0.0,0.0,23.5,2,38464.0,0,POWER_FAILURE
SL-3113,0.3369,272.28,929.7,38.2,1,46114.8,2,VOLTAGE_ANOMALY
SL-3114,0.0028,3.58,2.9,24.1,2,10022.5,0,POWER_FAILURE
SL-3115,0.4148,227.15,1472.5,52.9,1,35179.4,0,SENSOR_FAILURE
SL-3116,0.178,232.08,66.8,30.9,1,49966.2,3,LAMP_FAILURE
SL-3117,0.0561,226.69,4.8,37.5,1,35953.5,4,LAMP_FAILURE
SL-3118,0.0556,224.45,21.6,26.6,1,29550.3,3,LAMP_FAILURE
SL-3119,0.4967,228.98,20.9,49.1,0,3664.7,2,SENSOR_FAILURE
SL-3120,0.0484,0.0,5.8,19.1,2,14831.2,3,POWER_FAILURE
SL-3121,0.0277,231.66,13.3,31.3,2,32204.7,3,LAMP_FAILURE
SL-3122,0.4558,229.84,647.8,36.0,0,28646.2,1,WORKING
SL-3123,0.3823,229.16,16.2,95.9,1,42058.4,3,SENSOR_FAILURE
SL-3124,0.2973,281.13,237.2,63.9,1,47707.7,2,VOLTAGE_ANOMALY
SL-3125,0.4731,163.93,314.1,28.2,1,13997.7,2,VOLTAGE_ANOMALY
SL-3126,0.0355,232.33,9.2,28.6,2,32656.8,1,LAMP_FAILURE
SL-3127,0.411,228.31,710.5,25.8,0,41458.1,1,WORKING
SL-3128,0.0,1.81,0.0,25.0,2,17497.3,3,POWER_FAILURE
SL-3129,0.2831,303.7,336.2,48.2,0,7707.1,1,VOLTAGE_ANOMALY
SL-3130,0.0163,222.18,0.0,35.5,1,22840.0,3,LAMP_FAILURE
SL-3131,0.0511,228.03,13.1,26.8,0,6803.6,3,LAMP_FAILURE
SL-3132,0.3576,232.31,641.2,30.2,0,47511.4,1,WORKING
SL-3133,0.017,230.77,0.0,32.1,1,49776.3,1,LAMP_FAILURE
SL-3134,0.3815,236.16,0.0,27.3,1,18580.9,3,SENSOR_FAILURE
SL-3135,0.0282,223.97,9.2,34.4,1,32890.1,5,LAMP_FAILURE
SL-3136,0.4825,230.22,0.0,44.0,1,39984.4,0,SENSOR_FAILURE
SL-3137,0.4506,234.42,0.0,22.8,1,8842.3,3,SENSOR_FAILURE
SL-3138,0.3567,277.54,367.9,48.6,1,27019.0,1,VOLTAGE_ANOMALY
SL-3139,0.4114,221.0,1447.7,22.1,0,17987.0,1,SENSOR_FAILURE
SL-3140,0.0182,0.0,0.7,24.6,2,34810.6,2,POWER_FAILURE
SL-3141,0.4874,231.87,0.0,56.8,1,46182.8,0,SENSOR_FAILURE
SL-3142,0.0055,0.0,4.9,24.0,2,7769.6,3,POWER_FAILURE
SL-3143,0.5796,163.75,245.4,34.4,0,20631.4,2,VOLTAGE_ANOMALY
SL-3144,0.0241,224.04,22.2,27.5,1,51850.4,1,LAMP_FAILURE
SL-3145,0.4779,229.91,778.2,42.3,1,919.8,1,WORKING
SL-3146,0.1776,222.58,53.8,29.5,1,54865.3,3,LAMP_FAILURE
SL-3147,0.0236,9.8,0.0,16.7,2,38437.5,1,POWER_FAILURE
SL-3148,0.0033,18.61,3.0,23.5,2,25757.3,4,POWER_FAILURE
SL-3149,0.0,0.0,0.0,21.6,2,49727.9,1,POWER_FAILURE
SL-3150,0.3779,227.96,823.7,33.3,0,45195.7,2,WORKING
SL-3151,0.3586,227.92,793.8,38.3,0,5227.5,2,WORKING
SL-3152,0.3631,272.92,248.4,41.6,0,11121.0,3,VOLTAGE_ANOMALY
SL-3153,0.3479,235.08,274.9,37.1,1,2563.2,2,SENSOR_FAILURE
SL-3154,0.4963,232.96,337.2,24.7,0,2569.7,3,SENSOR_FAILURE
SL-3155,0.3104,262.22,860.8,65.2,2,34256.6,3,VOLTAGE_ANOMALY
SL-3156,0.4842,227.75,1003.9,41.8,0,43103.0,1,WORKING
SL-3157,0.0,0.0,2.3,26.7,1,983.8,3,POWER_FAILURE
SL-3158,0.0,6.52,3.3,24.6,2,6088.0,3,POWER_FAILURE
SL-3159,0.2335,300.97,801.0,57.0,1,12708.1,2,VOLTAGE_ANOMALY
SL-3160,0.2747,280.07,788.2,70.7,0,4276.2,4,VOLTAGE_ANOMALY
SL-3161,0.4081,172.08,66.0,42.5,0,9396.1,4,VOLTAGE_ANOMALY
SL-3162,0.4101,232.03,824.2,28.6,2,13660.1,3,SENSOR_FAILURE
SL-3163,0.4278,226.76,848.1,35.2,0,8558.0,1,WORKING
SL-3164,0.5275,162.61,106.0,33.1,0,41100.2,0,VOLTAGE_ANOMALY
SL-3165,0.0,0.0,2.0,19.4,1,34735.5,4,POWER_FAILURE
SL-3166,0.457,228.64,0.0,54.2,2,23973.0,3,SENSOR_FAILURE
SL-3167,0.3828,228.4,946.7,32.3,0,40805.0,0,WORKING
SL-3168,0.0441,233.56,5.2,27.7,2,11533.4,5,LAMP_FAILURE
SL-3169,0.0062,231.18,29.0,30.9,2,50797.6,5,LAMP_FAILURE
SL-3170,0.549,147.24,137.5,24.1,1,46813.2,4,VOLTAGE_ANOMALY
SL-3171,0.4387,216.54,29.3,29.7,1,42932.3,0,SENSOR_FAILURE
SL-3172,0.0428,3.58,6.8,22.4,1,9151.5,2,POWER_FAILURE
SL-3173,0.6558,122.94,124.4,39.7,0,8330.0,0,VOLTAGE_ANOMALY
SL-3174,0.4722,159.73,353.7,32.6,1,39807.3,2,VOLTAGE_ANOMALY
SL-3175,0.0069,222.64,4.0,26.1,1,49888.6,1,LAMP_FAILURE
SL-3176,0.0305,228.95,12.4,24.4,1,53343.3,4,LAMP_FAILURE
SL-3177,0.4516,220.09,1203.9,75.2,1,49736.9,2,SENSOR_FAILURE
SL-3178,0.0458,16.78,8.9,36.6,2,15126.8,2,POWER_FAILURE
SL-3179,0.4658,228.14,839.9,35.1,0,48804.6,0,WORKING
SL-3180,0.0,3.7,5.4,27.8,2,21452.5,0,POWER_FAILURE
SL-3181,0.3684,231.31,801.0,28.7,1,10763.6,0,WORKING
SL-3182,0.048,14.58,4.7,24.9,1,1815.4,0,POWER_FAILURE
SL-3183,0.4251,232.2,725.2,28.1,0,39720.1,0,WORKING
SL-3184,0.0402,18.84,0.9,29.4,2,17454.4,2,POWER_FAILURE
SL-3185,0.0315,9.8,5.9,21.6,2,22128.1,0,POWER_FAILURE
SL-3186,0.7015,108.52,136.1,35.8,0,8522.9,4,VOLTAGE_ANOMALY
SL-3187,0.4786,227.63,734.9,38.6,0,7733.7,0,WORKING
SL-3188,0.0052,0.0,0.0,18.2,1,19643.3,1,POWER_FAILURE
SL-3189,0.4332,232.22,893.2,34.7,1,2933.7,2,WORKING
SL-3190,0.3822,225.22,664.2,30.1,0,19074.1,0,WORKING
SL-3191,0.0,12.52,5.7,23.5,1,34628.7,1,POWER_FAILURE
SL-3192,0.0,10.35,9.9,26.2,1,36578.1,3,POWER_FAILURE
SL-3193,0.0574,234.3,24.4,22.1,1,35891.5,2,LAMP_FAILURE
SL-3194,0.6886,113.4,236.3,30.5,2,21163.8,3,VOLTAGE_ANOMALY
SL-3195,0.0039,14.04,0.0,28.5,1,26082.9,1,POWER_FAILURE
SL-3196,0.433,224.8,683.9,37.5,0,24360.0,2,WORKING
SL-3197,0.5166,234.12,4.4,45.3,1,31199.8,3,SENSOR_FAILURE
SL-3198,0.3839,230.12,698.0,39.1,0,28450.2,0,WORKING
SL-3199,0.0145,0.64,5.4,30.1,2,23697.0,2,POWER_FAILURE
SL-3200,0.0,12.53,5.7,25.1,1,29763.6,1,POWER_FAILURE
SL-3201,0.3527,226.93,904.2,29.6,1,32653.6,0,WORKING
SL-3202,0.4169,232.88,696.9,30.3,0,41415.7,0,WORKING
SL-3203,0.0568,218.33,13.3,22.3,1,21650.8,2,LAMP_FAILURE
SL-3204,0.0064,4.2,0.0,25.6,0,4986.2,2,POWER_FAILURE
SL-3205,0.0032,5.28,10.1,30.3,1,18669.2,1,POWER_FAILURE
SL-3206,0.4961,150.88,93.8,25.8,0,31356.8,4,VOLTAGE_ANOMALY
SL-3207,0.0293,7.71,2.6,26.3,1,10941.8,1,POWER_FAILURE
SL-3208,0.6116,135.63,280.2,32.5,2,47338.6,1,VOLTAGE_ANOMALY
SL-3209,0.015,0.0,5.8,22.2,1,44076.3,2,POWER_FAILURE
SL-3210,0.0152,0.0,10.2,24.5,1,37853.6,1,POWER_FAILURE
SL-3211,0.6439,128.55,195.4,36.0,1,3078.8,3,VOLTAGE_ANOMALY
SL-3212,0.4187,233.12,1005.6,34.3,0,1024.0,0,WORKING
SL-3213,0.0294,16.27,4.1,29.8,1,20366.6,4,POWER_FAILURE
SL-3214,0.7069,120.74,305.7,26.8,0,17906.9,2,VOLTAGE_ANOMALY
SL-3215,0.0377,223.04,3.9,33.4,1,50206.2,5,LAMP_FAILURE
SL-3216,0.44,242.57,1360.5,76.0,0,41516.2,3,SENSOR_FAILURE
SL-3217,0.3025,224.97,1215.2,55.4,0,43826.4,0,SENSOR_FAILURE
SL-3218,0.6072,122.47,307.9,32.4,0,20278.0,3,VOLTAGE_ANOMALY
SL-3219,0.4469,170.39,129.4,28.0,2,12751.5,3,VOLTAGE_ANOMALY
SL-3220,0.4325,230.56,900.4,40.6,1,13571.0,1,WORKING
SL-3221,0.0329,219.26,40.2,23.8,1,55703.3,3,LAMP_FAILURE
SL-3222,0.0092,4.15,5.0,33.1,2,32545.3,3,POWER_FAILURE
SL-3223,0.4475,231.27,983.6,28.7,0,12621.1,1,WORKING
SL-3224,0.0,0.0,8.1,21.6,2,23336.3,0,POWER_FAILURE
SL-3225,0.4316,164.01,231.6,29.5,1,4121.0,0,VOLTAGE_ANOMALY
SL-3226,0.6057,150.32,328.9,25.1,0,21270.3,4,VOLTAGE_ANOMALY
SL-3227,0.0116,235.48,31.8,42.8,2,57930.6,5,LAMP_FAILURE
SL-3228,0.2633,301.74,747.9,51.8,1,46311.1,2,VOLTAGE_ANOMALY
SL-3229,0.4934,164.31,251.9,24.8,0,40086.4,0,VOLTAGE_ANOMALY
SL-3230,0.0384,227.95,1.5,35.2,2,29534.3,2,LAMP_FAILURE
SL-3231,0.3971,229.28,11.7,31.4,0,6950.0,1,SENSOR_FAILURE
SL-3232,0.4829,232.16,845.6,28.0,0,3654.9,1,WORKING
SL-3233,0.5449,149.55,336.4,24.5,0,22132.5,3,VOLTAGE_ANOMALY
SL-3234,0.3763,232.09,0.0,25.1,2,8134.0,2,SENSOR_FAILURE
SL-3235,0.4181,167.01,47.0,27.0,0,31288.5,0,VOLTAGE_ANOMALY
SL-3236,0.3282,228.41,910.1,27.7,1,31031.1,0,SENSOR_FAILURE
SL-3237,0.3527,235.47,16.1,32.1,2,41401.0,3,SENSOR_FAILURE
SL-3238,0.0131,16.99,9.7,19.5,0,25312.6,3,POWER_FAILURE
SL-3239,0.4059,231.95,825.5,47.6,0,4747.0,2,WORKING
SL-3240,0.0564,222.76,1.3,26.9,1,50131.0,5,LAMP_FAILURE
SL-3241,0.4041,230.04,976.0,33.7,0,1139.8,2,WORKING
SL-3242,0.0,16.82,8.6,22.2,2,5873.1,4,POWER_FAILURE
SL-3243,0.0186,234.01,9.4,37.2,1,33692.5,4,LAMP_FAILURE
SL-3244,0.0225,7.21,0.0,30.6,2,39924.8,2,POWER_FAILURE
SL-3245,0.457,226.44,640.9,36.0,1,40885.1,1,WORKING
SL-3246,0.4269,230.83,877.7,37.6,0,34898.8,1,WORKING
SL-3247,0.4286,233.37,885.8,35.1,0,2291.4,1,WORKING
SL-3248,0.4896,227.28,968.3,38.5,0,10410.2,2,WORKING
SL-3249,0.0,0.0,0.0,27.5,2,42511.6,4,POWER_FAILURE
SL-3250,0.0264,0.0,0.0,28.9,2,45527.3,2,POWER_FAILURE
SL-3251,0.175,223.33,21.7,24.2,1,42704.4,2,LAMP_FAILURE
SL-3252,0.0,4.1,5.5,26.3,1,23157.8,3,POWER_FAILURE
SL-3253,0.443,225.9,0.0,45.0,0,24776.7,2,SENSOR_FAILURE
SL-3254,0.514,227.47,1361.4,39.2,2,1477.4,0,SENSOR_FAILURE
SL-3255,0.4424,238.44,682.2,43.7,0,3164.4,1,WORKING
SL-3256,0.4555,230.17,585.9,40.6,0,25794.8,0,WORKING
SL-3257,0.0246,11.63,2.0,21.7,2,37025.6,0,POWER_FAILURE
SL-3258,0.3535,230.28,734.8,33.4,0,17109.1,0,WORKING
SL-3259,0.1724,228.49,36.2,36.9,1,54860.1,4,LAMP_FAILURE
SL-3260,0.4694,231.46,621.3,31.0,0,26166.3,0,WORKING
SL-3261,0.0476,0.0,0.0,16.3,2,43306.6,4,POWER_FAILURE
SL-3262,0.4517,217.15,1316.1,31.4,1,28493.8,3,SENSOR_FAILURE
SL-3263,0.0393,235.15,15.5,30.2,1,19540.2,4,LAMP_FAILURE
SL-3264,0.4877,232.83,685.5,34.5,0,40492.0,2,WORKING
SL-3265,0.2574,298.55,289.9,56.8,1,10740.8,3,VOLTAGE_ANOMALY
SL-3266,0.0033,1.63,9.9,22.6,2,14854.1,3,POWER_FAILURE
SL-3267,0.0141,0.78,20.4,26.5,1,43802.9,3,POWER_FAILURE
SL-3268,0.1797,228.49,37.4,27.3,1,5527.3,2,LAMP_FAILURE
SL-3269,0.5087,151.81,162.0,32.3,0,40850.1,1,VOLTAGE_ANOMALY
SL-3270,0.4804,163.22,194.0,35.7,0,18330.0,3,VOLTAGE_ANOMALY
SL-3271,0.4472,221.76,203.0,26.0,2,36875.6,2,SENSOR_FAILURE
SL-3272,0.0561,227.83,26.2,40.3,1,45274.3,4,LAMP_FAILURE
SL-3273,0.0278,0.0,0.0,17.4,1,30495.0,3,POWER_FAILURE
SL-3274,0.4584,228.77,897.0,27.4,0,45983.7,0,WORKING
SL-3275,0.0562,222.03,0.0,23.2,1,33874.7,1,LAMP_FAILURE
SL-3276,0.0569,228.74,3.7,22.4,1,42631.1,4,LAMP_FAILURE
SL-3277,0.4592,239.97,10.8,33.1,0,23564.9,3,SENSOR_FAILURE
SL-3278,0.3531,233.78,26.9,24.1,1,10514.8,1,SENSOR_FAILURE
SL-3279,0.2265,301.43,765.8,77.1,0,12118.9,3,VOLTAGE_ANOMALY
SL-3280,0.0165,225.06,0.0,38.9,2,13915.6,1,LAMP_FAILURE
SL-3281,0.4278,233.44,0.0,74.0,2,8073.5,1,SENSOR_FAILURE
SL-3282,0.0083,223.48,5.0,27.4,1,41378.7,3,LAMP_FAILURE
SL-3283,0.4105,233.14,863.7,38.8,0,10631.5,1,WORKING
SL-3284,0.4059,235.82,3.7,23.3,2,48740.2,2,SENSOR_FAILURE
SL-3285,0.0433,225.75,13.8,25.4,1,20437.6,4,LAMP_FAILURE
SL-3286,0.0,1.42,0.0,23.5,2,3211.1,4,POWER_FAILURE
SL-3287,0.0236,6.02,0.0,22.8,0,15034.8,4,POWER_FAILURE
SL-3288,0.0895,231.97,76.5,30.4,2,53016.5,5,LAMP_FAILURE
SL-3289,0.0092,4.22,0.0,24.5,1,31908.8,0,POWER_FAILURE
SL-3290,0.7325,128.79,281.0,35.1,1,37326.7,0,VOLTAGE_ANOMALY
SL-3291,0.3855,232.63,0.0,47.0,0,9106.5,1,SENSOR_FAILURE
SL-3292,0.435,235.49,989.3,44.6,0,5617.8,0,WORKING
SL-3293,0.0271,238.43,19.6,26.1,1,54044.9,2,LAMP_FAILURE
SL-3294,0.4235,233.15,907.5,32.9,1,12889.2,0,WORKING
SL-3295,0.3196,273.44,189.8,39.8,0,33147.9,0,VOLTAGE_ANOMALY
SL-3296,0.4644,230.83,667.4,47.1,0,9359.4,2,WORKING
SL-3297,0.8534,100.64,302.5,31.7,2,7352.9,4,VOLTAGE_ANOMALY
SL-3298,0.0071,226.37,0.6,18.9,1,7222.1,5,LAMP_FAILURE
SL-3299,0.4945,227.2,699.7,41.4,0,36356.7,0,WORKING
SL-3300,0.0,2.02,0.0,25.0,1,24149.4,0,POWER_FAILURE
SL-3301,0.3076,298.31,897.0,66.0,1,36519.2,4,VOLTAGE_ANOMALY
SL-3302,0.0413,223.85,2.1,19.5,1,54594.2,4,LAMP_FAILURE
SL-3303,0.776,117.65,321.6,31.7,1,37249.8,1,VOLTAGE_ANOMALY
SL-3304,0.0074,0.0,0.0,24.6,1,30530.9,1,POWER_FAILURE
SL-3305,0.0183,5.32,13.3,24.5,2,49782.6,0,POWER_FAILURE
SL-3306,0.4374,226.26,665.4,39.0,0,4799.8,2,WORKING
SL-3307,0.4234,229.54,615.5,38.1,0,28775.3,2,WORKING
SL-3308,0.4013,224.07,1462.3,39.2,2,20393.1,2,SENSOR_FAILURE
SL-3309,0.5032,158.98,206.1,31.5,1,44768.4,4,VOLTAGE_ANOMALY
SL-3310,0.0187,228.55,3.6,32.7,1,56755.5,4,LAMP_FAILURE
SL-3311,0.3769,231.66,780.0,33.7,1,13681.9,1,WORKING
SL-3312,0.3644,231.72,698.4,36.8,0,33106.0,2,WORKING
SL-3313,0.3828,177.0,57.8,27.6,0,43283.1,3,VOLTAGE_ANOMALY
SL-3314,0.4037,222.09,0.0,26.9,0,6161.6,0,SENSOR_FAILURE
SL-3315,0.4835,224.87,791.0,36.1,0,3373.0,0,WORKING
SL-3316,0.3094,226.92,24.1,22.7,0,25207.3,0,SENSOR_FAILURE
SL-3317,0.0569,227.85,5.7,37.3,1,17883.3,5,LAMP_FAILURE
SL-3318,0.2605,262.25,261.3,65.8,0,10118.7,1,VOLTAGE_ANOMALY
SL-3319,0.0202,9.94,0.0,29.2,2,46718.2,1,POWER_FAILURE
SL-3320,0.4304,173.13,126.4,21.9,1,23790.5,1,VOLTAGE_ANOMALY
SL-3321,0.3631,226.0,1215.7,53.2,0,25971.6,3,SENSOR_FAILURE
SL-3322,0.1759,229.7,54.3,19.7,2,43826.8,4,LAMP_FAILURE
SL-3323,0.0256,221.43,4.3,31.7,1,42239.3,2,LAMP_FAILURE
SL-3324,0.2224,294.28,713.4,66.0,1,19878.4,2,VOLTAGE_ANOMALY
SL-3325,0.3264,291.61,681.0,68.6,1,37139.6,0,VOLTAGE_ANOMALY
SL-3326,0.4433,227.01,837.4,34.8,0,18065.4,2,WORKING
SL-3327,0.2834,306.23,278.0,54.9,1,1681.9,3,VOLTAGE_ANOMALY
SL-3328,0.4241,227.74,0.0,29.9,1,42997.5,0,SENSOR_FAILURE
SL-3329,0.0419,1.42,5.8,30.1,1,49400.9,4,POWER_FAILURE
SL-3330,0.0145,5.79,1.9,28.0,0,15641.0,0,POWER_FAILURE
SL-3331,0.3289,267.98,372.1,44.6,0,12707.9,2,VOLTAGE_ANOMALY
SL-3332,0.4376,229.22,606.0,34.9,0,34365.5,2,WORKING
SL-3333,0.0456,229.34,1.8,25.4,2,57330.1,2,LAMP_FAILURE
SL-3334,0.1054,225.07,23.6,26.8,1,56272.4,2,LAMP_FAILURE
SL-3335,0.0121,17.03,12.9,25.2,2,9788.3,1,POWER_FAILURE
SL-3336,0.0317,235.9,21.4,28.7,2,21676.4,4,LAMP_FAILURE
SL-3337,0.3852,225.82,0.0,17.4,0,36637.3,1,SENSOR_FAILURE
SL-3338,0.3652,243.03,1183.1,17.6,0,35480.8,0,SENSOR_FAILURE
SL-3339,0.2838,263.66,907.9,57.2,1,15601.9,4,VOLTAGE_ANOMALY
SL-3340,0.1537,238.41,22.5,27.3,0,31134.8,4,LAMP_FAILURE
SL-3341,0.0278,226.7,1.7,28.5,2,29413.6,5,LAMP_FAILURE
SL-3342,0.2373,275.96,303.2,63.1,0,9057.0,3,VOLTAGE_ANOMALY
SL-3343,0.6875,117.05,197.2,26.8,1,47880.8,4,VOLTAGE_ANOMALY
SL-3344,0.4386,230.69,809.1,37.6,0,26438.4,0,WORKING
SL-3345,0.2505,261.88,255.0,36.0,0,21963.5,1,VOLTAGE_ANOMALY
SL-3346,0.0017,4.38,0.0,27.5,2,45729.3,0,POWER_FAILURE
SL-3347,0.0024,2.89,9.4,28.5,2,42836.7,0,POWER_FAILURE
SL-3348,0.0018,0.0,8.8,27.6,1,5385.3,3,POWER_FAILURE
SL-3349,0.2918,262.53,685.6,44.8,0,11263.4,4,VOLTAGE_ANOMALY
SL-3350,0.0,12.45,2.6,18.4,1,43824.0,1,POWER_FAILURE
SL-3351,0.0016,222.12,10.1,32.8,1,25341.7,2,LAMP_FAILURE
SL-3352,0.4348,234.39,716.4,37.4,0,48502.6,1,WORKING
SL-3353,0.4895,162.39,230.6,37.8,0,3743.7,2,VOLTAGE_ANOMALY
SL-3354,0.3323,277.82,349.1,66.0,1,8548.6,4,VOLTAGE_ANOMALY
SL-3355,0.0171,0.0,2.1,25.6,2,13387.7,3,POWER_FAILURE
SL-3356,0.4202,230.5,676.0,36.7,0,35995.5,2,WORKING
SL-3357,0.3801,239.93,157.0,26.2,0,22211.1,1,SENSOR_FAILURE
SL-3358,0.0067,226.7,31.2,24.5,2,47550.7,3,LAMP_FAILURE
SL-3359,0.4048,228.67,811.2,35.1,0,6460.4,1,WORKING
SL-3360,0.0,7.84,0.0,24.8,2,4411.4,3,POWER_FAILURE
SL-3361,0.3668,224.47,770.1,29.2,0,11956.1,2,WORKING
SL-3362,0.474,225.95,847.8,39.2,0,46860.5,0,WORKING
SL-3363,0.0507,222.88,23.6,34.2,1,16474.8,4,LAMP_FAILURE
SL-3364,0.4397,227.4,12.8,13.2,1,21375.1,0,SENSOR_FAILURE
SL-3365,0.3414,286.7,630.8,72.7,0,41979.3,2,VOLTAGE_ANOMALY
SL-3366,0.4273,214.28,1965.4,61.8,1,19347.5,2,SENSOR_FAILURE
SL-3367,0.0191,229.07,24.2,20.9,1,59402.9,3,LAMP_FAILURE
SL-3368,0.0547,233.57,21.4,39.9,1,34193.4,2,LAMP_FAILURE
SL-3369,0.3587,231.38,788.3,37.8,0,29546.3,1,WORKING
SL-3370,0.0501,229.0,12.1,23.5,1,11041.3,1,LAMP_FAILURE
SL-3371,0.4516,234.44,612.9,34.9,0,4886.3,1,WORKING
SL-3372,0.0265,231.7,33.2,24.0,2,5023.8,1,LAMP_FAILURE
SL-3373,0.441,226.16,819.8,32.0,0,47480.0,0,WORKING
SL-3374,0.3299,269.31,400.4,51.7,1,15169.8,2,VOLTAGE_ANOMALY
SL-3375,0.0564,223.11,0.0,33.4,0,11519.0,5,LAMP_FAILURE
SL-3376,0.3676,227.56,898.6,39.2,0,47794.2,0,WORKING
SL-3377,0.3833,233.78,0.6,54.7,1,41328.5,3,SENSOR_FAILURE
SL-3378,0.0259,1.23,6.7,32.3,1,3564.3,1,POWER_FAILURE
SL-3379,0.4014,230.25,0.0,25.5,0,31638.7,1,SENSOR_FAILURE
SL-3380,0.404,234.61,1646.6,39.7,2,33233.0,3,SENSOR_FAILURE
SL-3381,0.3759,225.37,6.2,36.4,0,42975.6,2,SENSOR_FAILURE
SL-3382,0.4349,228.63,734.9,30.6,0,23493.4,2,WORKING
SL-3383,0.3974,232.37,811.6,41.9,0,24177.1,2,WORKING
SL-3384,0.3927,228.94,923.6,38.9,0,3644.8,1,WORKING
SL-3385,0.4403,221.67,11.7,44.7,0,39217.2,3,SENSOR_FAILURE
SL-3386,0.4855,229.19,720.8,46.4,0,29724.0,2,WORKING
SL-3387,0.0573,229.22,0.1,30.4,2,20698.1,4,LAMP_FAILURE
SL-3388,0.4159,223.08,581.9,37.8,1,33500.2,3,SENSOR_FAILURE
SL-3389,0.6238,123.13,226.0,38.1,2,28770.0,1,VOLTAGE_ANOMALY
SL-3390,0.4326,231.7,7.2,28.8,0,45931.1,1,SENSOR_FAILURE
SL-3391,0.3996,223.84,0.0,31.3,0,13844.9,3,SENSOR_FAILURE
SL-3392,0.0071,0.0,3.7,29.8,2,27371.9,1,POWER_FAILURE
SL-3393,0.4724,225.84,16.0,33.6,1,47836.3,0,SENSOR_FAILURE
SL-3394,0.4672,227.97,1637.1,55.7,0,36432.2,1,SENSOR_FAILURE
SL-3395,0.003,235.01,22.6,27.2,1,18361.0,4,LAMP_FAILURE
SL-3396,0.4986,228.77,766.7,30.5,0,36045.3,2,WORKING
SL-3397,0.4521,231.64,783.0,36.9,0,20164.9,0,WORKING
SL-3398,0.0079,1.16,2.7,28.1,2,9646.3,4,POWER_FAILURE
SL-3399,0.4022,229.84,0.0,67.8,1,20760.0,1,SENSOR_FAILURE
SL-3400,0.4065,226.22,749.2,35.3,0,45552.9,2,WORKING
SL-3401,0.0,8.21,6.2,18.5,1,25295.5,1,POWER_FAILURE
SL-3402,0.4037,230.77,762.5,42.6,0,4636.4,0,WORKING
SL-3403,0.5309,224.99,1177.5,87.5,0,30051.0,3,SENSOR_FAILURE
SL-3404,0.0188,9.96,3.4,20.5,1,45623.4,1,POWER_FAILURE
SL-3405,0.2272,298.74,440.6,55.1,1,30222.8,1,VOLTAGE_ANOMALY
SL-3406,0.4158,229.06,670.7,36.6,0,49472.3,2,WORKING
SL-3407,0.4602,231.49,714.8,34.2,0,16726.8,1,WORKING
SL-3408,0.2776,294.25,776.9,66.8,0,23438.3,4,VOLTAGE_ANOMALY
SL-3409,0.4391,228.65,671.3,33.5,0,3631.9,0,WORKING
SL-3410,0.2883,228.52,1859.7,27.5,0,27449.7,0,SENSOR_FAILURE
SL-3411,0.3868,228.96,640.8,42.2,0,8934.6,0,WORKING
SL-3412,0.4336,227.13,359.3,28.8,0,46144.3,1,SENSOR_FAILURE
SL-3413,0.0008,229.56,0.0,37.8,1,19872.8,1,LAMP_FAILURE
SL-3414,0.3834,229.87,335.0,63.4,1,2771.6,3,SENSOR_FAILURE
SL-3415,0.3976,231.67,711.7,27.7,0,36923.1,1,WORKING
SL-3416,0.0,0.0,0.0,21.0,2,30281.5,0,POWER_FAILURE
SL-3417,0.0162,225.14,0.0,23.5,2,11599.5,2,LAMP_FAILURE
SL-3418,0.3546,233.64,885.2,37.5,0,31114.4,1,WORKING
SL-3419,0.5319,163.87,171.4,31.3,2,1940.2,1,VOLTAGE_ANOMALY
SL-3420,0.3923,228.88,1337.1,30.0,1,26944.3,3,SENSOR_FAILURE
SL-3421,0.0385,234.9,18.9,30.2,1,21111.8,1,LAMP_FAILURE
SL-3422,0.4718,232.59,819.7,36.8,0,32000.3,1,WORKING
SL-3423,0.0047,14.08,0.0,27.8,1,23867.0,2,POWER_FAILURE
SL-3424,0.0,0.11,1.1,22.3,0,45988.9,1,POWER_FAILURE
SL-3425,0.6813,114.79,180.6,29.7,1,45370.2,0,VOLTAGE_ANOMALY
SL-3426,0.4138,234.28,751.1,32.7,0,32510.7,0,WORKING
SL-3427,0.5733,224.75,1852.1,88.5,0,8860.2,0,SENSOR_FAILURE
SL-3428,0.4739,232.04,886.3,34.6,0,7395.9,0,WORKING
SL-3429,0.0246,228.32,20.4,29.4,1,8126.1,3,LAMP_FAILURE
SL-3430,0.0199,0.0,9.4,19.9,2,28239.7,3,POWER_FAILURE
SL-3431,0.0533,226.6,4.2,31.6,2,34828.4,2,LAMP_FAILURE
SL-3432,0.217,301.92,859.2,33.8,0,38095.5,1,VOLTAGE_ANOMALY
SL-3433,0.021,231.45,9.9,38.7,1,32454.0,4,LAMP_FAILURE
SL-3434,0.0,13.12,0.0,30.0,2,35637.6,0,POWER_FAILURE
SL-3435,0.7854,106.96,22.3,36.4,0,16826.6,4,VOLTAGE_ANOMALY
SL-3436,0.4325,236.69,1121.3,28.8,1,5903.9,0,SENSOR_FAILURE
SL-3437,0.2521,226.66,0.0,37.4,0,29073.3,1,SENSOR_FAILURE
SL-3438,0.4276,227.55,601.3,44.9,0,47855.6,1,WORKING
SL-3439,0.0504,19.75,0.0,20.9,2,7407.7,3,POWER_FAILURE
SL-3440,0.3433,233.11,1295.1,62.4,0,39295.1,1,SENSOR_FAILURE
SL-3441,0.0,0.99,0.0,28.2,1,26224.5,0,POWER_FAILURE
SL-3442,0.0118,0.0,2.2,20.4,2,31082.2,3,POWER_FAILURE
SL-3443,0.0589,1.15,7.5,31.8,1,31419.0,0,POWER_FAILURE
SL-3444,0.3197,264.05,360.9,51.4,0,16672.5,0,VOLTAGE_ANOMALY
SL-3445,0.4661,230.48,818.3,43.1,0,45050.5,1,WORKING
SL-3446,0.3553,230.72,935.8,37.5,0,29230.7,0,WORKING
SL-3447,0.0332,3.58,6.7,17.9,1,45105.3,2,POWER_FAILURE
SL-3448,0.1859,298.03,633.2,49.9,2,41647.9,4,VOLTAGE_ANOMALY
SL-3449,0.0506,238.01,0.0,23.8,1,44816.6,3,LAMP_FAILURE
SL-3450,0.6396,139.7,199.0,31.9,1,27665.6,3,VOLTAGE_ANOMALY
SL-3451,0.0065,8.84,8.3,27.2,2,4642.4,2,POWER_FAILURE
SL-3452,0.1147,228.57,74.1,32.7,2,47547.0,5,LAMP_FAILURE
SL-3453,0.4037,211.58,651.3,27.3,2,15987.2,0,SENSOR_FAILURE
SL-3454,0.4694,234.31,933.4,31.8,0,49670.0,0,WORKING
SL-3455,0.0364,230.67,0.0,28.5,1,13303.1,2,LAMP_FAILURE
SL-3456,0.448,233.43,974.3,29.1,0,26014.0,1,WORKING
SL-3457,0.3567,226.59,668.0,43.9,0,18252.9,2,WORKING
SL-3458,0.015,6.29,5.5,24.5,2,42232.2,3,POWER_FAILURE
SL-3459,0.7232,109.69,300.5,40.8,2,44805.6,4,VOLTAGE_ANOMALY
SL-3460,0.402,228.53,825.3,37.3,0,36291.5,2,WORKING
SL-3461,0.0035,229.65,20.9,29.4,2,26257.2,4,LAMP_FAILURE
SL-3462,0.1018,217.02,53.9,27.4,1,50712.1,2,LAMP_FAILURE
SL-3463,0.4325,237.84,1461.0,54.7,2,9585.8,1,SENSOR_FAILURE
SL-3464,0.0431,5.06,7.9,22.1,2,47756.3,1,POWER_FAILURE
SL-3465,0.4721,228.67,600.4,35.6,0,3298.6,0,WORKING
SL-3466,0.0272,0.0,0.0,22.8,2,20266.9,2,POWER_FAILURE
SL-3467,0.0456,221.98,17.1,33.9,1,20555.2,1,LAMP_FAILURE
SL-3468,0.4821,230.44,665.1,26.8,0,46245.1,1,WORKING
SL-3469,0.4343,228.59,951.8,35.1,0,26937.0,2,WORKING
SL-3470,0.0199,0.0,0.0,24.2,1,40680.0,1,POWER_FAILURE
SL-3471,0.4668,228.02,625.1,38.9,0,14981.0,2,WORKING
SL-3472,0.33,228.48,630.5,22.4,1,29747.3,1,SENSOR_FAILURE
SL-3473,0.3661,225.91,952.0,32.9,1,34142.2,2,WORKING
SL-3474,0.3874,228.64,865.7,38.2,0,45179.1,1,WORKING
SL-3475,0.0435,239.79,10.7,28.8,1,6473.6,4,LAMP_FAILURE
SL-3476,0.0489,10.01,2.8,21.6,0,35615.3,4,POWER_FAILURE
SL-3477,0.0,16.3,7.7,21.2,1,40619.6,4,POWER_FAILURE
SL-3478,0.3893,234.34,1010.8,20.8,1,29182.0,3,SENSOR_FAILURE
SL-3479,0.0003,228.15,9.8,29.3,2,59875.6,1,LAMP_FAILURE
SL-3480,0.0478,229.51,0.0,41.3,1,49227.5,4,LAMP_FAILURE
SL-3481,0.4071,230.67,843.1,28.8,0,19066.9,2,WORKING
SL-3482,0.4209,236.76,16.1,25.0,0,45073.1,3,SENSOR_FAILURE
SL-3483,0.5336,227.8,1850.3,22.9,0,47105.3,2,SENSOR_FAILURE
SL-3484,0.3092,273.02,762.5,49.1,0,38632.5,3,VOLTAGE_ANOMALY
SL-3485,0.4527,179.42,190.4,32.7,1,10378.5,4,VOLTAGE_ANOMALY
SL-3486,0.4203,227.85,1424.4,36.3,0,13781.6,2,SENSOR_FAILURE
SL-3487,0.4956,236.19,1786.6,31.8,1,34927.5,0,SENSOR_FAILURE
SL-3488,0.0249,227.97,11.3,24.1,1,30834.4,4,LAMP_FAILURE
SL-3489,0.3576,225.13,596.1,30.7,0,20509.4,0,WORKING
SL-3490,0.0309,228.75,0.0,14.8,1,17840.1,4,LAMP_FAILURE
SL-3491,0.0096,223.6,9.2,42.5,2,9787.8,5,LAMP_FAILURE
SL-3492,0.0037,0.0,3.2,28.4,2,15616.7,4,POWER_FAILURE
SL-3493,0.0469,230.0,29.7,38.4,2,52017.6,1,LAMP_FAILURE
SL-3494,0.3135,307.79,673.0,83.6,0,5270.3,2,VOLTAGE_ANOMALY
SL-3495,0.5028,159.7,126.6,35.5,2,5085.9,4,VOLTAGE_ANOMALY
SL-3496,0.0479,228.16,6.9,33.9,2,59071.3,5,LAMP_FAILURE
SL-3497,0.4537,227.73,943.2,44.6,0,15530.6,3,SENSOR_FAILURE
SL-3498,0.4162,225.82,181.4,81.4,1,10187.6,1,SENSOR_FAILURE
SL-3499,0.4943,231.99,956.7,47.1,0,44161.5,2,WORKING
SL-3500,0.0,0.0,3.7,14.7,2,43609.9,1,POWER_FAILURE
SL-3501,0.4262,226.06,725.9,36.2,0,1705.7,2,WORKING
SL-3502,0.6215,114.06,146.8,27.5,2,2540.1,4,VOLTAGE_ANOMALY
SL-3503,0.6145,147.86,224.0,35.8,0,36792.2,2,VOLTAGE_ANOMALY
SL-3504,0.0373,19.26,9.2,22.7,2,40043.5,4,POWER_FAILURE
SL-3505,0.4113,230.04,910.5,33.4,0,4666.8,0,WORKING
SL-3506,0.2648,262.6,588.7,33.2,1,13980.1,0,VOLTAGE_ANOMALY
SL-3507,0.5273,178.45,243.5,28.6,0,26570.9,3,VOLTAGE_ANOMALY
SL-3508,0.3968,221.49,875.8,54.9,0,9337.9,2,SENSOR_FAILURE
SL-3509,0.3501,230.35,743.0,30.9,0,48125.7,2,WORKING
SL-3510,0.5917,168.0,69.5,21.6,0,31038.5,2,VOLTAGE_ANOMALY
SL-3511,0.5324,156.79,169.6,32.1,2,29866.9,1,VOLTAGE_ANOMALY
SL-3512,0.4188,230.1,0.0,20.9,0,45339.7,1,SENSOR_FAILURE
SL-3513,0.4274,228.18,670.8,33.2,0,18860.6,2,WORKING
SL-3514,0.0082,219.36,10.1,33.6,1,16526.1,2,LAMP_FAILURE
SL-3515,0.0,6.59,5.4,29.6,2,39656.3,4,POWER_FAILURE
SL-3516,0.4672,232.32,657.5,34.1,0,4581.5,0,WORKING
SL-3517,0.5127,231.31,1416.4,65.3,1,44262.5,3,SENSOR_FAILURE
SL-3518,0.0456,230.77,20.4,38.4,2,14220.0,2,LAMP_FAILURE
SL-3519,0.4009,228.8,901.3,34.8,0,29946.0,0,WORKING
SL-3520,0.0,0.0,2.7,24.9,2,8174.2,2,POWER_FAILURE
SL-3521,0.018,227.58,0.0,33.2,1,35161.1,2,LAMP_FAILURE
SL-3522,0.2779,306.52,292.3,57.8,0,28250.2,0,VOLTAGE_ANOMALY
SL-3523,0.4746,232.99,1451.0,29.9,1,30419.5,1,SENSOR_FAILURE
SL-3524,0.3945,228.16,661.2,29.8,0,33889.7,2,WORKING
SL-3525,0.4891,234.81,644.6,32.3,0,19385.7,1,WORKING
SL-3526,0.0018,6.93,3.7,14.2,2,5962.3,1,POWER_FAILURE
SL-3527,0.2396,288.84,605.6,49.6,0,20757.8,3,VOLTAGE_ANOMALY
SL-3528,0.058,222.79,4.7,25.6,1,21824.1,4,LAMP_FAILURE
SL-3529,0.0,0.0,1.2,27.3,2,44074.0,2,POWER_FAILURE
SL-3530,0.5228,225.93,1.1,39.5,2,3321.2,2,SENSOR_FAILURE
SL-3531,0.1415,229.74,61.2,31.9,2,5900.1,3,LAMP_FAILURE
SL-3532,0.0855,221.24,47.1,26.4,1,51434.7,2,LAMP_FAILURE
SL-3533,0.3553,231.88,731.5,28.5,0,46274.3,1,WORKING
SL-3534,0.0194,4.15,0.0,24.7,1,20786.5,4,POWER_FAILURE
SL-3535,0.4417,236.3,1738.8,35.3,1,36825.6,3,SENSOR_FAILURE
SL-3536,0.3901,228.0,1.0,38.1,1,29610.4,2,SENSOR_FAILURE
SL-3537,0.3601,237.11,9.4,26.0,2,13265.5,0,SENSOR_FAILURE
SL-3538,0.0099,227.77,16.9,25.0,1,14867.8,1,LAMP_FAILURE
SL-3539,0.3744,233.27,619.6,35.9,0,46228.3,2,WORKING
SL-3540,0.0437,224.35,0.0,21.3,1,44210.4,4,LAMP_FAILURE
SL-3541,0.0244,218.45,19.2,40.6,2,55254.3,3,LAMP_FAILURE
SL-3542,0.0218,0.0,5.4,30.6,2,34223.0,4,POWER_FAILURE
SL-3543,0.4021,230.58,247.0,31.7,1,23607.8,0,SENSOR_FAILURE
SL-3544,0.5279,157.04,29.0,25.6,1,8377.8,3,VOLTAGE_ANOMALY
SL-3545,0.0,9.29,5.5,32.3,1,2092.6,1,POWER_FAILURE
SL-3546,0.4733,233.06,690.2,26.4,0,1578.9,2,WORKING
SL-3547,0.0266,2.19,4.1,26.2,2,21830.2,0,POWER_FAILURE
SL-3548,0.038,221.68,8.9,38.2,2,14106.6,1,LAMP_FAILURE
SL-3549,0.0047,1.88,0.0,27.2,2,23405.1,1,POWER_FAILURE
SL-3550,0.4139,231.53,3.3,31.7,0,43677.7,3,SENSOR_FAILURE
SL-3551,0.0,3.73,0.0,32.7,2,47208.9,4,POWER_FAILURE
SL-3552,0.2841,280.51,741.1,64.7,0,21566.6,4,VOLTAGE_ANOMALY
SL-3553,0.0413,15.17,7.2,24.2,1,5864.7,1,POWER_FAILURE
SL-3554,0.4614,227.23,837.7,19.3,0,35245.5,2,WORKING
SL-3555,0.0284,0.0,9.9,40.7,1,43251.1,0,POWER_FAILURE
SL-3556,0.0168,15.8,12.0,18.6,2,41434.1,1,POWER_FAILURE
SL-3557,0.024,14.53,0.0,28.0,1,30916.2,1,POWER_FAILURE
SL-3558,0.4059,219.1,487.8,26.9,0,13327.0,2,SENSOR_FAILURE
SL-3559,0.3331,281.02,386.0,45.3,0,3020.4,1,VOLTAGE_ANOMALY
SL-3560,0.3766,231.9,1166.2,31.1,0,10946.8,3,SENSOR_FAILURE
SL-3561,0.4694,230.16,830.7,31.9,0,25640.6,0,WORKING
SL-3562,0.405,231.09,800.8,32.0,0,48682.5,2,WORKING
SL-3563,0.4897,230.16,783.2,34.1,1,17472.4,1,WORKING
SL-3564,0.0372,10.55,0.7,23.8,2,17023.6,2,POWER_FAILURE
SL-3565,0.6151,120.77,283.5,23.4,2,44552.8,1,VOLTAGE_ANOMALY
SL-3566,0.3961,217.03,4.1,74.9,0,33072.7,0,SENSOR_FAILURE
SL-3567,0.0204,0.0,8.4,16.8,1,32717.8,2,POWER_FAILURE
SL-3568,0.0926,235.94,55.3,32.6,2,19232.8,5,LAMP_FAILURE
SL-3569,0.027,0.49,11.4,17.4,1,4525.1,2,POWER_FAILURE
SL-3570,0.4191,223.91,939.9,37.1,0,42561.1,1,WORKING
SL-3571,0.0,8.99,4.2,34.1,1,31615.8,2,POWER_FAILURE
SL-3572,0.2706,294.95,630.3,52.6,1,41740.9,3,VOLTAGE_ANOMALY
SL-3573,0.799,109.4,278.2,32.5,1,38827.0,1,VOLTAGE_ANOMALY
SL-3574,0.7325,113.05,153.7,35.4,0,35245.4,4,VOLTAGE_ANOMALY
SL-3575,0.2679,299.03,396.7,44.6,1,49904.4,2,VOLTAGE_ANOMALY
SL-3576,0.3956,226.87,1621.8,39.7,1,23119.0,0,SENSOR_FAILURE
SL-3577,0.4573,228.79,925.9,29.6,0,36589.0,2,WORKING
SL-3578,0.0006,16.57,1.1,19.8,1,25949.2,3,POWER_FAILURE
SL-3579,0.2074,300.17,380.6,56.2,2,9852.4,0,VOLTAGE_ANOMALY
SL-3580,0.0,0.0,3.9,33.1,2,21930.3,4,POWER_FAILURE
SL-3581,0.4459,228.88,0.0,36.9,1,1488.1,0,SENSOR_FAILURE
SL-3582,0.029,0.0,0.0,23.6,2,20827.2,4,POWER_FAILURE
SL-3583,0.0,2.05,4.4,15.5,2,17793.1,3,POWER_FAILURE
SL-3584,0.4246,225.73,602.7,39.1,0,4317.3,2,WORKING
SL-3585,0.0215,221.17,30.8,27.5,1,34728.5,4,LAMP_FAILURE
SL-3586,0.3562,227.09,949.8,33.5,0,1003.5,0,WORKING
SL-3587,0.0187,0.0,4.0,8.8,2,620.4,3,POWER_FAILURE
SL-3588,0.0224,12.39,5.4,12.6,2,24200.6,3,POWER_FAILURE
SL-3589,0.371,226.35,674.0,39.1,0,7347.1,1,WORKING
SL-3590,0.456,223.75,0.0,35.6,0,10763.1,2,SENSOR_FAILURE
SL-3591,0.4884,237.45,0.0,47.1,2,2261.6,2,SENSOR_FAILURE
SL-3592,0.1559,225.72,59.6,34.6,2,31460.6,2,LAMP_FAILURE
SL-3593,0.3697,233.54,752.2,24.0,0,34820.0,0,WORKING
SL-3594,0.5606,142.86,92.3,32.4,1,21521.1,1,VOLTAGE_ANOMALY
SL-3595,0.0121,2.58,8.3,27.1,2,27072.2,0,POWER_FAILURE
SL-3596,0.0308,225.24,22.5,29.4,1,7381.5,2,LAMP_FAILURE
SL-3597,0.4321,164.44,285.0,13.4,1,39821.4,3,VOLTAGE_ANOMALY
SL-3598,0.7313,108.03,243.6,29.1,2,45880.2,0,VOLTAGE_ANOMALY
SL-3599,0.3971,234.75,785.5,39.3,0,6769.7,2,WORKING
SL-3600,0.0127,220.55,0.0,30.5,1,22609.0,2,LAMP_FAILURE
SL-3601,0.0163,225.89,23.2,15.6,1,47257.8,2,LAMP_FAILURE
SL-3602,0.0356,0.0,9.1,17.7,1,10023.8,0,POWER_FAILURE
SL-3603,0.3624,229.49,605.6,43.4,0,17155.1,0,WORKING
SL-3604,0.6622,122.34,225.7,32.8,1,39087.9,2,VOLTAGE_ANOMALY
SL-3605,0.0158,1.34,3.8,33.3,2,39360.0,4,POWER_FAILURE
SL-3606,0.303,233.21,471.8,36.0,1,11183.3,2,SENSOR_FAILURE
SL-3607,0.0158,230.93,2.3,23.7,1,15758.7,3,LAMP_FAILURE
SL-3608,0.236,274.12,512.5,46.9,0,28360.6,1,VOLTAGE_ANOMALY
SL-3609,0.3959,229.32,836.7,35.7,0,1971.0,2,WORKING
SL-3610,0.0486,226.47,24.0,19.5,0,23591.5,5,LAMP_FAILURE
SL-3611,0.3952,236.36,737.8,33.3,0,34460.2,2,WORKING
SL-3612,0.2586,286.33,872.6,51.0,1,49995.8,4,VOLTAGE_ANOMALY
SL-3613,0.4519,226.49,699.1,29.3,0,8594.1,2,WORKING
SL-3614,0.0558,228.21,16.5,24.4,2,45703.8,1,LAMP_FAILURE
SL-3615,0.3511,230.84,792.5,31.4,0,12982.3,1,WORKING
SL-3616,0.0,0.0,0.0,32.1,2,44066.3,0,POWER_FAILURE
SL-3617,0.3564,224.87,839.6,40.6,0,709.2,0,WORKING
SL-3618,0.3418,266.3,632.9,53.8,0,48308.7,1,VOLTAGE_ANOMALY
SL-3619,0.0594,234.04,36.5,32.6,2,27179.7,1,LAMP_FAILURE
SL-3620,0.5028,226.66,1.4,42.8,0,20127.6,0,SENSOR_FAILURE
SL-3621,0.0,0.0,1.7,22.8,2,7047.6,0,POWER_FAILURE
SL-3622,0.3849,228.57,684.3,32.4,0,17937.8,1,WORKING
SL-3623,0.6788,127.24,72.8,34.5,0,38719.7,2,VOLTAGE_ANOMALY
SL-3624,0.2656,287.11,704.5,46.8,1,8446.5,3,VOLTAGE_ANOMALY
SL-3625,0.0407,11.94,0.0,31.5,1,9092.8,0,POWER_FAILURE
SL-3626,0.0,4.38,0.0,24.9,1,18595.5,3,POWER_FAILURE
SL-3627,0.575,138.76,102.3,32.7,0,33267.9,3,VOLTAGE_ANOMALY
SL-3628,0.3338,238.54,2.9,17.3,0,17200.5,2,SENSOR_FAILURE
SL-3629,0.4826,227.78,695.7,25.1,0,41888.2,0,WORKING
SL-3630,0.0078,225.3,8.6,28.5,0,25547.3,1,LAMP_FAILURE
SL-3631,0.3916,228.7,1856.1,76.4,1,6468.0,2,SENSOR_FAILURE
SL-3632,0.3484,264.25,536.8,67.6,0,30306.7,2,VOLTAGE_ANOMALY
SL-3633,0.0,0.0,1.8,23.2,1,24151.3,1,POWER_FAILURE
SL-3634,0.4009,229.41,588.4,29.6,0,26080.2,0,WORKING
SL-3635,0.0322,227.17,14.4,23.2,1,52456.2,2,LAMP_FAILURE
SL-3636,0.4385,222.68,616.5,38.2,0,7813.2,0,WORKING
SL-3637,0.4605,224.47,805.7,31.1,0,20126.9,2,WORKING
SL-3638,0.039,2.49,0.0,25.7,2,33262.7,1,POWER_FAILURE
SL-3639,0.0016,0.0,4.4,30.2,2,14798.7,4,POWER_FAILURE
SL-3640,0.8296,105.7,236.7,32.2,0,35088.0,0,VOLTAGE_ANOMALY
SL-3641,0.3921,230.34,608.8,33.9,0,28949.5,0,WORKING
SL-3642,0.4776,234.2,952.4,29.7,0,47512.4,2,WORKING
SL-3643,0.0463,2.81,0.0,18.4,1,14734.3,4,POWER_FAILURE
SL-3644,0.0302,224.57,33.3,23.8,2,15725.8,5,LAMP_FAILURE
SL-3645,0.4155,226.46,656.5,34.1,0,22036.0,1,WORKING
SL-3646,0.0013,221.61,26.4,29.2,1,28508.8,3,LAMP_FAILURE
SL-3647,0.3048,295.71,464.1,47.7,0,43145.3,0,VOLTAGE_ANOMALY
SL-3648,0.3414,276.67,762.2,51.3,0,2616.6,0,VOLTAGE_ANOMALY
SL-3649,0.6278,140.73,262.8,34.6,2,31643.2,2,VOLTAGE_ANOMALY
SL-3650,0.0,0.0,9.0,24.8,2,21142.9,3,POWER_FAILURE
SL-3651,0.1542,285.16,350.9,75.9,1,21353.3,2,VOLTAGE_ANOMALY
SL-3652,0.0999,242.64,29.1,26.0,2,39872.9,2,LAMP_FAILURE
SL-3653,0.0,6.35,0.0,22.3,1,37596.3,0,POWER_FAILURE
SL-3654,0.137,224.12,49.6,31.3,1,34698.2,4,LAMP_FAILURE
SL-3655,0.1629,234.28,63.1,24.0,1,48205.3,4,LAMP_FAILURE
SL-3656,0.3573,230.11,922.8,26.0,0,23155.4,0,WORKING
SL-3657,0.3862,228.1,699.9,35.1,0,5325.6,1,WORKING
SL-3658,0.3926,270.29,700.1,48.3,0,34159.1,0,VOLTAGE_ANOMALY
SL-3659,0.3981,237.08,937.4,34.9,0,2708.4,2,WORKING
SL-3660,0.4231,165.14,210.7,26.7,1,26222.6,4,VOLTAGE_ANOMALY
SL-3661,0.026,224.66,28.8,27.8,2,10478.1,3,LAMP_FAILURE
SL-3662,0.3267,280.08,611.0,32.1,2,16543.4,2,VOLTAGE_ANOMALY
SL-3663,0.0424,229.51,13.2,18.8,1,45201.3,1,LAMP_FAILURE
SL-3664,0.2725,266.19,656.7,40.5,0,12521.6,0,VOLTAGE_ANOMALY
SL-3665,0.0214,225.46,0.0,25.9,2,13416.1,1,LAMP_FAILURE
SL-3666,0.4739,174.28,122.6,23.0,0,41046.0,3,VOLTAGE_ANOMALY
SL-3667,0.261,286.48,481.5,40.0,2,29737.6,1,VOLTAGE_ANOMALY
SL-3668,0.4,232.33,921.7,37.2,0,21779.2,0,WORKING
SL-3669,0.0276,231.65,0.0,23.1,1,55431.8,4,LAMP_FAILURE
SL-3670,0.0215,2.25,0.0,30.1,1,46588.9,0,POWER_FAILURE
SL-3671,0.4819,230.19,900.6,40.9,0,31376.6,0,WORKING
SL-3672,0.3048,270.9,840.8,48.8,1,902.7,0,VOLTAGE_ANOMALY
SL-3673,0.3439,231.12,1553.4,42.2,2,21241.7,0,SENSOR_FAILURE
SL-3674,0.0346,0.0,6.1,30.9,2,12925.1,0,POWER_FAILURE
SL-3675,0.0204,0.0,0.0,19.5,1,17709.6,2,POWER_FAILURE
SL-3676,0.0133,230.06,10.1,21.4,2,38634.9,3,LAMP_FAILURE
SL-3677,0.2677,279.92,457.7,47.5,0,9505.3,4,VOLTAGE_ANOMALY
SL-3678,0.3861,228.59,628.7,40.7,0,6312.1,1,WORKING
SL-3679,0.4998,143.44,295.9,35.1,0,3663.1,2,VOLTAGE_ANOMALY
SL-3680,0.0333,2.58,13.4,33.1,1,2050.2,3,POWER_FAILURE
SL-3681,0.3747,227.65,834.8,35.0,0,30354.9,0,WORKING
SL-3682,0.0532,220.19,22.6,21.7,1,12895.9,1,LAMP_FAILURE
SL-3683,0.3752,225.61,827.4,32.2,0,14941.0,2,WORKING
SL-3684,0.3762,229.46,15.4,40.5,2,40696.1,2,SENSOR_FAILURE
SL-3685,0.019,2.59,7.6,27.6,2,44109.1,3,POWER_FAILURE
SL-3686,0.032,14.58,4.0,21.5,0,14305.2,0,POWER_FAILURE
SL-3687,0.0,0.0,0.0,19.6,1,29049.0,2,POWER_FAILURE
SL-3688,0.0195,228.58,15.9,29.1,1,54823.3,2,LAMP_FAILURE
SL-3689,0.5025,157.5,273.9,36.6,0,41338.2,4,VOLTAGE_ANOMALY
SL-3690,0.367,177.34,201.6,30.3,0,24760.4,2,VOLTAGE_ANOMALY
SL-3691,0.3813,232.82,746.8,59.7,0,12152.8,2,SENSOR_FAILURE
SL-3692,0.0294,0.0,4.1,25.7,1,27123.7,2,POWER_FAILURE
SL-3693,0.372,232.68,862.3,40.7,0,9064.3,2,WORKING
SL-3694,0.3204,226.14,0.0,27.3,2,1913.5,0,SENSOR_FAILURE
SL-3695,0.0155,10.61,8.2,25.1,1,34936.7,1,POWER_FAILURE
SL-3696,0.0327,6.85,0.0,28.3,0,30240.9,4,POWER_FAILURE
SL-3697,0.3492,283.53,603.7,41.0,2,45916.1,4,VOLTAGE_ANOMALY
SL-3698,0.4485,225.54,376.8,40.5,1,17981.2,2,SENSOR_FAILURE
SL-3699,0.0,3.14,9.8,14.1,2,29619.5,1,POWER_FAILURE
SL-3700,0.4685,228.46,0.0,35.2,1,37242.0,2,SENSOR_FAILURE
SL-3701,0.4459,227.1,630.5,35.1,0,46443.8,1,WORKING
SL-3702,0.4241,230.7,873.4,38.0,0,33563.6,0,WORKING
SL-3703,0.4745,230.3,902.0,32.5,0,49748.7,1,WORKING
SL-3704,0.4057,230.04,922.4,38.8,1,4457.2,1,SENSOR_FAILURE
SL-3705,0.2676,235.93,1311.0,23.5,0,38047.0,0,SENSOR_FAILURE
SL-3706,0.0,0.0,3.9,26.3,2,14062.7,2,POWER_FAILURE
SL-3707,0.4195,229.4,383.5,27.6,0,17046.6,1,SENSOR_FAILURE
SL-3708,0.0994,230.68,79.7,32.3,1,16240.0,1,LAMP_FAILURE
SL-3709,0.3413,232.36,2.9,35.3,2,1407.8,3,SENSOR_FAILURE
SL-3710,0.0353,12.82,0.0,21.9,2,8241.4,2,POWER_FAILURE
SL-3711,0.4034,281.13,868.6,53.2,1,13962.3,0,VOLTAGE_ANOMALY
SL-3712,0.4954,223.68,942.6,34.8,0,21695.6,0,WORKING
SL-3713,0.1095,231.68,64.8,31.6,2,45673.9,1,LAMP_FAILURE
SL-3714,0.4134,225.01,662.1,45.5,1,10533.4,1,WORKING
SL-3715,0.0083,14.02,1.3,25.1,2,48814.3,0,POWER_FAILURE
SL-3716,0.0034,11.95,3.2,26.4,1,21810.8,2,POWER_FAILURE
SL-3717,0.3707,230.9,624.1,39.9,0,22614.0,2,WORKING
SL-3718,0.0059,0.0,0.6,28.7,1,30348.7,1,POWER_FAILURE
SL-3719,0.4832,232.81,706.4,44.8,0,48863.8,0,WORKING
SL-3720,0.4833,173.68,200.1,28.1,1,26379.3,4,VOLTAGE_ANOMALY
SL-3721,0.0,10.51,13.2,25.3,1,18375.1,4,POWER_FAILURE
SL-3722,0.0291,6.79,0.0,30.9,2,48221.5,0,POWER_FAILURE
SL-3723,0.2167,287.99,845.8,41.7,1,2684.3,4,VOLTAGE_ANOMALY
SL-3724,0.0012,233.71,17.3,38.3,0,45367.2,1,LAMP_FAILURE
SL-3725,0.4254,239.12,1546.6,58.1,1,8804.8,1,SENSOR_FAILURE
SL-3726,0.4099,228.18,601.4,34.9,0,26874.0,1,WORKING
SL-3727,0.371,230.71,885.1,29.1,0,30563.0,0,WORKING
SL-3728,0.0,11.64,3.5,18.6,2,39000.7,0,POWER_FAILURE
SL-3729,0.148,232.37,46.0,25.6,1,9868.7,5,LAMP_FAILURE
SL-3730,0.3902,231.65,738.5,34.5,0,20184.7,0,WORKING
SL-3731,0.5416,156.6,309.9,32.4,0,13850.7,1,VOLTAGE_ANOMALY
SL-3732,0.0304,215.34,0.0,37.0,1,22863.4,1,LAMP_FAILURE
SL-3733,0.6475,115.0,230.8,22.0,2,29643.2,2,VOLTAGE_ANOMALY
SL-3734,0.0204,9.85,8.9,23.4,2,28277.7,0,POWER_FAILURE
SL-3735,0.0309,22.41,3.0,25.4,1,7310.2,4,POWER_FAILURE
SL-3736,0.0257,6.34,5.3,25.8,2,15227.6,2,POWER_FAILURE
SL-3737,0.0,20.11,2.3,19.9,0,47781.3,2,POWER_FAILURE
SL-3738,0.5075,226.13,0.0,26.5,1,7249.4,2,SENSOR_FAILURE
SL-3739,0.0169,7.98,0.0,21.3,1,46785.1,2,POWER_FAILURE
SL-3740,0.5152,154.42,60.7,29.2,2,18278.2,3,VOLTAGE_ANOMALY
SL-3741,0.0349,226.48,14.2,38.3,1,11403.3,2,LAMP_FAILURE
SL-3742,0.0,3.12,0.0,29.1,2,14679.2,1,POWER_FAILURE
SL-3743,0.3896,222.42,1612.8,47.8,0,46659.8,0,SENSOR_FAILURE
SL-3744,0.0,4.68,0.0,25.6,2,49787.4,1,POWER_FAILURE
SL-3745,0.0377,229.21,11.2,19.1,1,49343.4,2,LAMP_FAILURE
SL-3746,0.0107,224.14,5.3,30.0,2,46059.7,2,LAMP_FAILURE
SL-3747,0.0382,15.09,0.0,26.2,2,11227.0,3,POWER_FAILURE
SL-3748,0.4157,225.56,0.0,76.6,0,5734.9,3,SENSOR_FAILURE
SL-3749,0.0,0.0,7.8,31.2,1,28236.4,1,POWER_FAILURE
SL-3750,0.2989,274.6,224.8,61.4,0,45469.6,2,VOLTAGE_ANOMALY
SL-3751,0.4541,218.36,1928.9,53.4,0,8691.4,1,SENSOR_FAILURE
SL-3752,0.371,231.7,877.0,31.3,0,8545.0,1,WORKING
SL-3753,0.38,232.2,992.9,27.1,0,35973.8,2,WORKING
SL-3754,0.2824,274.88,525.7,55.8,2,28159.3,1,VOLTAGE_ANOMALY
SL-3755,0.0089,2.64,0.2,25.5,2,31836.0,0,POWER_FAILURE
SL-3756,0.0133,5.58,0.0,30.0,2,33734.1,3,POWER_FAILURE
SL-3757,0.0286,5.21,7.9,24.4,2,48837.0,4,POWER_FAILURE
SL-3758,0.0285,16.7,0.0,20.6,2,28260.9,4,POWER_FAILURE
SL-3759,0.7301,115.21,344.0,27.9,1,49869.3,4,VOLTAGE_ANOMALY
SL-3760,0.0095,0.0,5.4,25.0,1,37887.4,4,POWER_FAILURE
SL-3761,0.4324,233.88,950.0,30.5,1,44390.8,0,WORKING
SL-3762,0.4388,233.56,93.4,18.9,0,26184.5,2,SENSOR_FAILURE
SL-3763,0.0584,222.38,17.8,29.8,2,44943.0,4,LAMP_FAILURE
SL-3764,0.3844,224.24,602.6,40.9,0,23350.4,0,WORKING
SL-3765,0.3809,227.27,717.8,32.3,0,649.8,1,WORKING
SL-3766,0.3977,234.11,769.1,36.2,1,46321.7,1,WORKING
SL-3767,0.0528,226.12,31.3,29.6,1,29873.0,3,LAMP_FAILURE
SL-3768,0.365,232.98,663.3,35.8,1,12612.0,2,WORKING
SL-3769,0.052,224.38,2.8,21.8,1,58862.8,3,LAMP_FAILURE
SL-3770,0.0,4.82,0.0,20.7,2,2211.7,2,POWER_FAILURE
SL-3771,0.4194,230.39,988.1,31.2,0,28487.1,0,WORKING
SL-3772,0.0004,229.24,39.4,31.8,1,31016.6,2,LAMP_FAILURE
SL-3773,0.0,0.0,1.0,19.4,2,42643.1,3,POWER_FAILURE
SL-3774,0.0282,0.0,0.0,24.0,1,48104.7,2,POWER_FAILURE
SL-3775,0.0023,230.92,1.4,28.2,1,44727.4,1,LAMP_FAILURE
SL-3776,0.0359,234.07,3.1,30.8,2,38439.6,5,LAMP_FAILURE
SL-3777,0.1255,224.13,39.3,31.9,1,43467.6,1,LAMP_FAILURE
SL-3778,0.3622,224.81,1404.2,34.6,0,3936.1,1,SENSOR_FAILURE
SL-3779,0.3605,229.87,730.0,44.2,0,24541.8,2,WORKING
SL-3780,0.0228,221.69,2.4,37.8,2,32773.3,1,LAMP_FAILURE
SL-3781,0.4112,231.08,610.0,37.7,0,4309.9,2,WORKING
SL-3782,0.0192,236.22,18.3,22.1,2,50909.3,5,LAMP_FAILURE
SL-3783,0.3398,272.73,862.0,55.9,0,30156.6,0,VOLTAGE_ANOMALY
SL-3784,0.4015,230.11,509.9,44.8,1,19576.2,1,SENSOR_FAILURE
SL-3785,0.3952,234.21,943.2,35.3,0,6372.5,2,WORKING
SL-3786,0.4219,230.77,665.7,32.6,0,30243.4,0,WORKING
SL-3787,0.4723,231.03,852.7,33.3,0,30736.3,2,WORKING
SL-3788,0.4372,232.6,978.8,40.8,0,24278.3,2,WORKING
SL-3789,0.0,5.55,3.3,18.5,2,49184.8,3,POWER_FAILURE
SL-3790,0.4775,228.7,1497.7,49.1,2,46511.1,2,SENSOR_FAILURE
SL-3791,0.0392,227.73,21.0,36.0,1,28451.2,1,LAMP_FAILURE
SL-3792,0.4556,228.35,1269.0,33.3,1,42700.6,3,SENSOR_FAILURE
SL-3793,0.0568,230.42,14.1,21.2,1,47965.0,1,LAMP_FAILURE
SL-3794,0.0066,226.18,0.0,19.8,1,11200.6,5,LAMP_FAILURE
SL-3795,0.4237,214.4,1058.3,19.9,0,7216.9,2,SENSOR_FAILURE
SL-3796,0.4182,225.9,288.2,52.5,2,2862.5,1,SENSOR_FAILURE
SL-3797,0.3678,230.77,873.6,40.3,0,15325.8,1,WORKING
SL-3798,0.4495,238.32,5.7,33.2,1,36671.6,1,SENSOR_FAILURE
SL-3799,0.3675,225.18,15.1,58.7,2,30967.1,3,SENSOR_FAILURE
SL-3800,0.0,10.66,0.0,32.9,1,45165.4,3,POWER_FAILURE
SL-3801,0.4533,240.06,0.0,35.2,0,14132.0,1,SENSOR_FAILURE
SL-3802,0.3601,229.45,861.7,28.6,0,32895.2,2,WORKING
SL-3803,0.4836,231.36,766.6,35.4,0,16423.6,2,WORKING
SL-3804,0.1918,302.97,908.3,54.3,0,44723.0,2,VOLTAGE_ANOMALY
SL-3805,0.0151,6.59,10.7,22.3,1,22248.9,4,POWER_FAILURE
SL-3806,0.7118,104.86,353.1,36.5,0,26913.7,0,VOLTAGE_ANOMALY
SL-3807,0.4635,240.31,0.0,18.7,1,29691.5,2,SENSOR_FAILURE
SL-3808,0.4813,231.18,631.5,37.4,0,15504.3,0,WORKING
SL-3809,0.0,2.94,0.3,18.5,0,6185.9,2,POWER_FAILURE
SL-3810,0.0245,225.57,21.6,23.8,0,11457.3,3,LAMP_FAILURE
SL-3811,0.0925,225.66,79.6,29.5,1,53642.5,1,LAMP_FAILURE
SL-3812,0.0122,221.88,9.4,23.9,1,39332.7,2,LAMP_FAILURE
SL-3813,0.1408,227.87,30.4,31.7,1,32161.3,2,LAMP_FAILURE
SL-3814,0.3653,229.72,698.7,42.1,0,21637.6,1,WORKING
SL-3815,0.0282,227.11,6.8,28.0,2,11524.2,5,LAMP_FAILURE
SL-3816,0.4467,237.24,690.6,30.0,1,33685.4,3,SENSOR_FAILURE
SL-3817,0.0173,2.66,5.9,20.5,2,30555.2,2,POWER_FAILURE
SL-3818,0.4018,234.18,0.0,55.0,1,43024.3,2,SENSOR_FAILURE
SL-3819,0.3818,229.85,603.8,35.3,1,11656.5,0,WORKING
SL-3820,0.0458,232.31,0.0,32.2,2,29497.6,2,LAMP_FAILURE
SL-3821,0.0099,229.15,12.8,40.2,2,24826.9,1,LAMP_FAILURE
SL-3822,0.6646,117.65,319.5,31.3,1,22519.4,4,VOLTAGE_ANOMALY
SL-3823,0.4505,235.13,964.4,45.2,0,30720.5,0,WORKING
SL-3824,0.7189,115.62,72.7,30.0,0,28669.7,2,VOLTAGE_ANOMALY
SL-3825,0.4473,232.64,1418.0,69.0,2,23944.4,3,SENSOR_FAILURE
SL-3826,0.3836,236.19,1102.6,33.5,1,31576.2,0,SENSOR_FAILURE
SL-3827,0.0219,232.17,0.0,35.1,1,17230.9,4,LAMP_FAILURE
SL-3828,0.4708,228.41,1929.5,33.4,0,36921.9,1,SENSOR_FAILURE
SL-3829,0.0,20.93,11.6,37.2,1,9469.9,0,POWER_FAILURE
SL-3830,0.3583,227.7,836.2,30.1,0,43358.5,2,WORKING
SL-3831,0.0,15.14,3.6,26.9,1,42740.6,4,POWER_FAILURE
SL-3832,0.0161,229.36,0.0,16.8,0,18194.9,3,LAMP_FAILURE
SL-3833,0.6966,113.99,76.4,29.1,0,14516.4,3,VOLTAGE_ANOMALY
SL-3834,0.4783,226.02,1625.5,35.6,0,17327.0,3,SENSOR_FAILURE
SL-3835,0.5067,229.26,1634.3,38.9,1,38599.5,0,SENSOR_FAILURE
SL-3836,0.4331,227.21,20.1,22.4,1,11661.5,0,SENSOR_FAILURE
SL-3837,0.3637,231.26,1691.0,32.1,0,23409.6,3,SENSOR_FAILURE
SL-3838,0.4207,223.69,1383.6,33.2,0,10850.7,0,SENSOR_FAILURE
SL-3839,0.3804,227.37,716.7,44.0,0,24703.7,2,WORKING
SL-3840,0.017,228.89,27.2,30.0,2,12112.5,2,LAMP_FAILURE
SL-3841,0.4756,226.12,681.1,33.2,1,22190.3,2,WORKING
SL-3842,0.0438,227.53,22.3,17.6,1,16651.5,1,LAMP_FAILURE
SL-3843,0.3951,226.51,982.2,41.8,0,18556.9,2,WORKING
SL-3844,0.03,0.74,7.4,32.6,1,34514.1,3,POWER_FAILURE
SL-3845,0.0095,20.99,5.0,26.8,0,32527.5,0,POWER_FAILURE
SL-3846,0.3951,164.23,213.0,34.3,0,20014.1,3,VOLTAGE_ANOMALY
SL-3847,0.4976,243.58,0.0,51.4,0,33115.9,2,SENSOR_FAILURE
SL-3848,0.375,229.88,922.7,32.6,0,15256.9,0,WORKING
SL-3849,0.4066,227.5,933.4,38.6,0,22905.7,1,WORKING
SL-3850,0.3116,269.76,725.8,60.1,0,47481.2,3,VOLTAGE_ANOMALY
SL-3851,0.391,229.77,0.0,47.6,1,6633.8,3,SENSOR_FAILURE
SL-3852,0.3718,231.81,666.6,34.1,0,17677.5,2,WORKING
SL-3853,0.3118,265.02,466.6,46.8,1,43697.3,0,VOLTAGE_ANOMALY
SL-3854,0.4262,230.67,1591.0,74.1,1,18631.7,3,SENSOR_FAILURE
SL-3855,0.3726,224.46,716.9,39.3,0,35423.1,1,WORKING
SL-3856,0.0142,0.0,0.0,23.1,2,16482.6,3,POWER_FAILURE
SL-3857,0.0073,220.18,14.0,26.5,2,15928.1,2,LAMP_FAILURE
SL-3858,0.2596,301.85,358.1,61.0,0,17402.4,0,VOLTAGE_ANOMALY
SL-3859,0.0179,9.25,3.4,23.0,2,11683.3,1,POWER_FAILURE
SL-3860,0.0021,219.95,21.3,39.0,1,17993.7,4,LAMP_FAILURE
SL-3861,0.3547,285.21,854.6,63.0,0,25153.9,1,VOLTAGE_ANOMALY
SL-3862,0.0,0.22,6.5,27.5,2,19718.6,0,POWER_FAILURE
SL-3863,0.0172,220.33,17.8,24.5,1,56509.1,3,LAMP_FAILURE
SL-3864,0.0976,227.05,73.7,22.0,1,49372.9,2,LAMP_FAILURE
SL-3865,0.5807,159.63,224.0,24.2,1,32803.2,3,VOLTAGE_ANOMALY
SL-3866,0.0414,229.81,25.8,16.0,2,9054.5,3,LAMP_FAILURE
SL-3867,0.3165,287.29,339.8,55.5,0,22409.4,1,VOLTAGE_ANOMALY
SL-3868,0.0198,0.0,5.4,22.3,2,43186.7,2,POWER_FAILURE
SL-3869,0.6671,124.49,276.1,24.0,1,6410.4,4,VOLTAGE_ANOMALY
SL-3870,0.4102,228.84,681.1,42.2,0,47719.9,2,WORKING
SL-3871,0.2898,276.46,248.4,60.8,1,5746.3,1,VOLTAGE_ANOMALY
SL-3872,0.4158,233.4,937.3,34.2,0,27276.7,1,WORKING
SL-3873,0.67,115.71,187.5,33.7,0,43205.0,3,VOLTAGE_ANOMALY
SL-3874,0.024,0.0,4.4,24.7,2,31772.9,1,POWER_FAILURE
SL-3875,0.0291,5.28,0.8,28.8,1,15625.5,2,POWER_FAILURE
SL-3876,0.5581,148.95,74.2,37.1,1,43086.3,3,VOLTAGE_ANOMALY
SL-3877,0.0296,222.86,0.0,31.0,2,12082.7,1,LAMP_FAILURE
SL-3878,0.3534,233.77,9.7,36.4,0,31141.4,3,SENSOR_FAILURE
SL-3879,0.1282,230.41,23.4,21.1,1,49943.9,5,LAMP_FAILURE
SL-3880,0.4042,239.1,691.7,40.5,0,42505.2,0,WORKING
SL-3881,0.3972,233.17,640.7,43.8,0,47389.9,0,WORKING
SL-3882,0.2979,232.68,24.4,56.6,0,20769.3,1,SENSOR_FAILURE
SL-3883,0.0561,227.85,9.2,18.4,1,58601.5,5,LAMP_FAILURE
SL-3884,0.4668,232.31,871.4,38.1,0,46703.0,1,WORKING
SL-3885,0.3981,228.02,958.4,29.4,0,24091.4,0,WORKING
SL-3886,0.0032,13.06,0.6,26.2,1,16369.1,3,POWER_FAILURE
SL-3887,0.405,228.52,645.1,35.9,0,42241.1,1,WORKING
SL-3888,0.4352,224.08,663.1,43.6,0,43715.4,2,WORKING
SL-3889,0.4954,223.5,0.0,40.9,0,21660.7,3,SENSOR_FAILURE
SL-3890,0.3616,228.81,849.8,29.6,0,48726.3,1,WORKING
SL-3891,0.2878,277.08,557.7,71.6,2,18776.6,1,VOLTAGE_ANOMALY
SL-3892,0.3006,267.13,312.8,54.2,1,20713.3,2,VOLTAGE_ANOMALY
SL-3893,0.0464,233.91,20.0,26.7,0,8473.6,5,LAMP_FAILURE
SL-3894,0.691,120.32,196.4,26.7,1,27857.8,3,VOLTAGE_ANOMALY
SL-3895,0.4144,240.52,1521.1,65.8,0,11572.8,1,SENSOR_FAILURE
SL-3896,0.0585,232.73,7.7,29.4,2,59853.7,4,LAMP_FAILURE
SL-3897,0.4343,155.41,233.8,33.4,1,18163.9,2,VOLTAGE_ANOMALY
SL-3898,0.4662,232.03,843.2,32.2,1,15812.7,0,WORKING
SL-3899,0.0,7.31,1.7,26.8,1,21799.4,2,POWER_FAILURE
SL-3900,0.412,224.8,1334.6,18.3,1,33892.8,3,SENSOR_FAILURE
SL-3901,0.4469,224.07,0.0,43.5,0,16412.4,2,SENSOR_FAILURE
SL-3902,0.2739,306.2,417.1,58.3,1,6448.2,4,VOLTAGE_ANOMALY
SL-3903,0.5241,155.85,70.5,33.5,0,7214.2,1,VOLTAGE_ANOMALY
SL-3904,0.4452,232.94,802.9,41.4,0,27976.6,1,WORKING
SL-3905,0.3618,228.46,1842.7,56.3,0,42274.2,1,SENSOR_FAILURE
SL-3906,0.3185,215.29,0.0,42.4,1,11359.3,1,SENSOR_FAILURE
SL-3907,0.0568,226.55,8.0,26.2,1,49666.7,3,LAMP_FAILURE
SL-3908,0.0292,0.0,7.5,18.7,0,1841.4,4,POWER_FAILURE
SL-3909,0.6082,160.54,290.0,26.8,2,26886.6,4,VOLTAGE_ANOMALY
SL-3910,0.0378,0.0,17.2,16.6,2,32036.5,3,POWER_FAILURE
SL-3911,0.0175,1.01,9.4,30.6,2,41847.5,3,POWER_FAILURE
SL-3912,0.5395,153.7,125.3,24.9,0,12856.7,1,VOLTAGE_ANOMALY
SL-3913,0.3123,299.08,355.1,57.8,1,6565.6,2,VOLTAGE_ANOMALY
SL-3914,0.3683,156.94,212.2,31.3,0,7678.5,1,VOLTAGE_ANOMALY
SL-3915,0.0242,222.39,14.4,33.4,1,8642.2,2,LAMP_FAILURE
SL-3916,0.4394,170.39,96.9,34.4,0,2198.8,4,VOLTAGE_ANOMALY
SL-3917,0.064,16.16,0.0,27.3,2,12537.4,0,POWER_FAILURE
SL-3918,0.0354,14.4,8.1,25.4,2,26197.2,2,POWER_FAILURE
SL-3919,0.4707,227.71,623.1,38.4,0,49644.5,1,WORKING
SL-3920,0.0012,221.79,9.2,24.7,1,8909.6,1,LAMP_FAILURE
SL-3921,0.2397,299.12,324.3,74.4,1,20315.9,4,VOLTAGE_ANOMALY
SL-3922,0.4603,266.65,707.1,64.7,1,18923.7,4,VOLTAGE_ANOMALY
SL-3923,0.0496,227.85,26.6,21.4,1,11503.6,1,LAMP_FAILURE
SL-3924,0.0,4.58,1.3,22.9,1,31374.9,4,POWER_FAILURE
SL-3925,0.0319,0.0,0.0,20.7,2,39283.5,4,POWER_FAILURE
SL-3926,0.526,127.89,325.8,37.3,0,44414.4,2,VOLTAGE_ANOMALY
SL-3927,0.0239,233.92,8.7,28.4,1,39096.8,4,LAMP_FAILURE
SL-3928,0.0278,15.86,7.5,25.4,2,42255.3,3,POWER_FAILURE
SL-3929,0.0161,0.0,7.1,18.9,1,46504.4,0,POWER_FAILURE
SL-3930,0.2897,263.87,250.7,46.1,0,18094.3,4,VOLTAGE_ANOMALY
SL-3931,0.0528,220.83,2.5,30.9,1,47570.9,5,LAMP_FAILURE
SL-3932,0.3492,226.44,8.8,14.7,0,28589.2,0,SENSOR_FAILURE
SL-3933,0.0297,15.21,0.0,26.2,1,49725.8,3,POWER_FAILURE
SL-3934,0.4593,226.86,845.1,34.5,0,41656.3,0,WORKING
SL-3935,0.3504,273.88,588.2,56.1,0,27509.7,4,VOLTAGE_ANOMALY
SL-3936,0.4385,229.48,970.0,38.0,1,48070.5,0,WORKING
SL-3937,0.2874,306.44,845.8,47.5,1,49171.6,1,VOLTAGE_ANOMALY
SL-3938,0.0479,220.81,0.0,28.5,2,47642.2,3,LAMP_FAILURE
SL-3939,0.4584,225.92,876.7,35.8,0,34366.6,1,SENSOR_FAILURE
SL-3940,0.3113,227.59,1712.5,39.8,1,21452.5,2,SENSOR_FAILURE
SL-3941,0.4057,232.35,952.3,34.4,0,32846.6,2,WORKING
SL-3942,0.0099,12.99,0.0,24.4,2,16290.5,0,POWER_FAILURE
SL-3943,0.0032,4.77,11.8,15.8,2,30672.2,4,POWER_FAILURE
SL-3944,0.4707,235.7,1234.6,66.9,0,21530.6,1,SENSOR_FAILURE
SL-3945,0.1603,219.93,26.8,29.1,2,10268.6,2,LAMP_FAILURE
SL-3946,0.3535,230.93,717.2,36.8,0,36965.1,2,WORKING
SL-3947,0.3965,234.42,1398.7,36.1,0,43992.4,3,SENSOR_FAILURE
SL-3948,0.0399,231.61,2.0,30.5,1,48324.6,5,LAMP_FAILURE
SL-3949,0.2818,288.91,305.5,36.1,0,40175.8,1,VOLTAGE_ANOMALY
SL-3950,0.0411,227.42,4.0,30.9,1,13524.2,4,LAMP_FAILURE
SL-3951,0.039,225.69,8.7,27.3,2,46740.4,1,LAMP_FAILURE
SL-3952,0.4899,157.37,30.4,25.4,2,920.4,2,VOLTAGE_ANOMALY
SL-3953,0.0,14.08,2.4,31.6,1,33555.6,4,POWER_FAILURE
SL-3954,0.4457,224.07,10.7,22.1,0,7555.2,1,SENSOR_FAILURE
SL-3955,0.3234,276.85,889.1,40.7,0,26179.7,0,VOLTAGE_ANOMALY
SL-3956,0.0476,223.85,28.3,25.8,2,7415.1,4,LAMP_FAILURE
SL-3957,0.4658,232.03,1318.0,61.4,2,36189.1,3,SENSOR_FAILURE
SL-3958,0.4938,232.02,763.2,36.9,0,41435.6,1,WORKING
SL-3959,0.4773,234.5,43.5,25.7,0,6529.0,1,SENSOR_FAILURE
SL-3960,0.3635,229.09,616.8,44.9,0,2066.7,0,WORKING
SL-3961,0.3875,288.36,346.9,64.3,1,18121.5,1,VOLTAGE_ANOMALY
SL-3962,0.0488,225.39,6.3,32.2,1,47332.7,3,LAMP_FAILURE
SL-3963,0.0509,234.69,0.0,15.3,2,33496.9,1,LAMP_FAILURE
SL-3964,0.0025,13.71,10.1,22.2,2,42216.5,2,POWER_FAILURE
SL-3965,0.462,230.37,11.9,26.3,1,17482.6,2,SENSOR_FAILURE
SL-3966,0.5062,235.96,3.4,68.1,1,3641.6,3,SENSOR_FAILURE
SL-3967,0.0263,229.47,0.0,33.2,1,48149.6,1,LAMP_FAILURE
SL-3968,0.7919,101.29,301.4,36.8,0,40796.8,0,VOLTAGE_ANOMALY
SL-3969,0.4702,167.49,227.5,33.6,0,34710.8,3,VOLTAGE_ANOMALY
SL-3970,0.0441,224.94,15.8,14.6,1,15783.4,3,LAMP_FAILURE
SL-3971,0.2841,281.5,609.9,70.3,0,49325.4,4,VOLTAGE_ANOMALY
SL-3972,0.4681,232.94,783.5,38.0,0,25974.0,1,WORKING
SL-3973,0.0417,223.74,36.2,30.6,1,49154.1,2,LAMP_FAILURE
SL-3974,0.4339,232.11,11.0,30.4,0,10116.1,2,SENSOR_FAILURE
SL-3975,0.171,216.82,53.3,29.7,0,31555.5,2,LAMP_FAILURE
SL-3976,0.0,9.44,0.0,27.2,1,11939.8,0,POWER_FAILURE
SL-3977,0.006,17.2,0.0,20.3,1,15892.3,0,POWER_FAILURE
SL-3978,0.4455,223.62,980.5,15.5,0,31557.0,0,SENSOR_FAILURE
SL-3979,0.6215,140.46,45.1,18.3,1,28177.7,2,VOLTAGE_ANOMALY
SL-3980,0.4956,234.76,983.9,35.4,0,28255.9,1,WORKING
SL-3981,0.0237,5.65,8.6,16.3,2,49512.8,1,POWER_FAILURE
SL-3982,0.035,6.17,1.1,27.0,2,27030.7,2,POWER_FAILURE
SL-3983,0.0353,229.99,10.8,25.6,1,19201.5,5,LAMP_FAILURE
SL-3984,0.5243,233.55,600.7,32.3,0,24171.5,1,SENSOR_FAILURE
SL-3985,0.4683,179.67,275.5,36.7,0,46603.9,1,VOLTAGE_ANOMALY
SL-3986,0.3686,230.25,1006.4,37.9,0,4125.5,1,WORKING
SL-3987,0.3065,276.28,425.7,57.9,1,22819.3,4,VOLTAGE_ANOMALY
SL-3988,0.0012,0.0,0.9,28.4,1,46671.9,1,POWER_FAILURE
SL-3989,0.0065,0.0,5.7,24.8,2,3667.5,2,POWER_FAILURE
SL-3990,0.2895,290.97,534.2,72.6,1,35725.6,2,VOLTAGE_ANOMALY
SL-3991,0.3139,232.7,4.9,10.9,1,13585.8,1,SENSOR_FAILURE
SL-3992,0.0,5.17,0.0,27.4,2,49874.0,4,POWER_FAILURE
SL-3993,0.0355,0.0,1.9,21.4,1,6173.0,0,POWER_FAILURE
SL-3994,0.0408,11.21,0.0,33.0,1,7956.5,3,POWER_FAILURE
SL-3995,0.4915,232.01,714.1,34.7,0,43521.9,2,WORKING
SL-3996,0.0025,228.68,8.2,28.3,1,14474.8,3,LAMP_FAILURE
SL-3997,0.0405,226.86,11.5,36.6,2,19942.8,2,LAMP_FAILURE
SL-3998,0.5379,234.19,1352.5,38.1,1,41580.1,2,SENSOR_FAILURE
SL-3999,0.3807,230.25,690.2,37.5,0,44184.9,2,WORKING
SL-4000,0.0062,224.03,9.7,33.3,0,24557.0,5,LAMP_FAILURE
SL-4001,0.0516,226.86,25.7,22.3,1,59328.7,1,LAMP_FAILURE
SL-4002,0.0359,234.89,10.3,19.3,2,8031.8,3,LAMP_FAILURE
SL-4003,0.0188,234.32,26.7,24.0,1,14465.9,4,LAMP_FAILURE
SL-4004,0.4226,225.93,7.6,37.1,0,23007.9,2,SENSOR_FAILURE
SL-4005,0.4646,229.22,721.2,38.6,0,18541.5,2,WORKING
SL-4006,0.4735,231.19,809.0,39.0,0,20925.9,1,WORKING
SL-4007,0.4598,226.28,0.0,45.9,0,16639.6,3,SENSOR_FAILURE
SL-4008,0.0432,231.87,0.0,37.5,2,29149.4,1,LAMP_FAILURE
SL-4009,0.0356,0.0,7.5,35.8,2,26335.8,0,POWER_FAILURE
SL-4010,0.0069,227.26,0.0,32.4,2,6344.9,5,LAMP_FAILURE
SL-4011,0.0492,4.09,0.0,31.5,1,29460.4,0,POWER_FAILURE
SL-4012,0.4206,231.49,4.8,27.5,2,7475.2,0,SENSOR_FAILURE
SL-4013,0.3928,227.38,27.5,30.8,1,44763.7,3,SENSOR_FAILURE
SL-4014,0.0558,227.45,0.0,25.4,2,13860.7,2,LAMP_FAILURE
SL-4015,0.2365,303.34,358.1,74.6,0,31054.7,2,VOLTAGE_ANOMALY
SL-4016,0.1446,224.64,70.3,18.3,1,21701.4,2,LAMP_FAILURE
SL-4017,0.4011,237.72,913.7,40.6,0,33683.1,1,WORKING
SL-4018,0.0521,231.1,16.4,24.9,1,40546.5,3,LAMP_FAILURE
SL-4019,0.032,0.15,0.0,26.7,2,17133.1,1,POWER_FAILURE
SL-4020,0.7097,101.44,329.9,32.2,0,22694.5,3,VOLTAGE_ANOMALY
SL-4021,0.02,6.97,1.2,25.8,1,21106.6,3,POWER_FAILURE
SL-4022,0.487,231.48,783.7,35.8,0,25706.6,0,WORKING
SL-4023,0.4674,234.12,697.8,32.3,0,1499.1,2,WORKING
SL-4024,0.4158,229.25,259.5,47.0,0,35330.9,3,SENSOR_FAILURE
SL-4025,0.5059,142.04,229.1,26.2,0,47783.1,3,VOLTAGE_ANOMALY
SL-4026,0.0305,225.36,42.1,42.3,1,8486.8,1,LAMP_FAILURE
SL-4027,0.022,231.27,15.1,26.5,1,47826.9,5,LAMP_FAILURE
SL-4028,0.492,154.7,169.3,43.9,1,12754.7,3,VOLTAGE_ANOMALY
SL-4029,0.0258,19.94,0.0,21.8,2,45010.6,2,POWER_FAILURE
SL-4030,0.806,102.6,179.1,35.0,1,33439.8,4,VOLTAGE_ANOMALY
SL-4031,0.4544,218.82,1226.4,39.5,1,34858.3,3,SENSOR_FAILURE
SL-4032,0.036,221.2,17.6,28.0,1,44017.7,3,LAMP_FAILURE
SL-4033,0.3111,277.15,195.4,58.8,2,8070.0,3,VOLTAGE_ANOMALY
SL-4034,0.0,24.28,10.3,32.2,1,34389.6,0,POWER_FAILURE
SL-4035,0.015,11.22,0.3,24.8,2,35103.9,0,POWER_FAILURE
SL-4036,0.3707,227.01,648.9,37.8,0,48977.6,2,WORKING
SL-4037,0.3861,227.37,806.9,38.4,1,14501.1,0,WORKING
SL-4038,0.4674,222.11,0.0,52.6,1,47882.7,3,SENSOR_FAILURE
SL-4039,0.5181,230.54,0.0,32.1,0,46279.1,0,SENSOR_FAILURE
SL-4040,0.7369,110.13,300.7,37.2,2,526.9,0,VOLTAGE_ANOMALY
SL-4041,0.2388,308.79,466.2,43.6,0,9778.5,3,VOLTAGE_ANOMALY
SL-4042,0.0,4.6,5.9,27.5,2,12116.3,4,POWER_FAILURE
SL-4043,0.3682,233.47,1924.6,37.0,1,34220.4,2,SENSOR_FAILURE
SL-4044,0.3403,231.74,0.0,43.6,2,1537.7,3,SENSOR_FAILURE
SL-4045,0.0,0.0,7.4,26.0,1,45379.8,0,POWER_FAILURE
SL-4046,0.017,11.94,7.5,24.5,1,31940.3,1,POWER_FAILURE
SL-4047,0.3839,232.66,1236.6,42.4,0,40694.3,0,SENSOR_FAILURE
SL-4048,0.3954,232.51,1146.7,28.1,2,18882.6,3,SENSOR_FAILURE
SL-4049,0.5584,160.79,176.1,27.6,1,48589.0,3,VOLTAGE_ANOMALY
SL-4050,0.0082,17.02,8.7,24.5,2,39039.7,1,POWER_FAILURE
SL-4051,0.1897,281.91,472.0,58.7,0,33282.3,1,VOLTAGE_ANOMALY
SL-4052,0.0373,230.6,0.0,29.4,1,26034.8,1,LAMP_FAILURE
SL-4053,0.3109,286.85,317.9,61.3,1,35153.2,2,VOLTAGE_ANOMALY
SL-4054,0.4344,228.22,1.0,42.4,2,33208.2,0,SENSOR_FAILURE
SL-4055,0.2701,299.83,452.4,59.5,0,32330.1,0,VOLTAGE_ANOMALY
SL-4056,0.0,6.08,0.1,22.7,0,34149.4,4,POWER_FAILURE
SL-4057,0.2562,273.09,646.0,53.4,0,47104.6,2,VOLTAGE_ANOMALY
SL-4058,0.7014,117.98,284.9,36.2,1,48356.1,3,VOLTAGE_ANOMALY
SL-4059,0.0381,6.98,13.6,34.8,2,41727.5,1,POWER_FAILURE
SL-4060,0.5079,166.59,237.8,30.8,0,2900.8,4,VOLTAGE_ANOMALY
SL-4061,0.4453,236.73,14.0,44.6,2,42102.6,3,SENSOR_FAILURE
SL-4062,0.2099,289.25,196.1,62.4,0,43930.0,1,VOLTAGE_ANOMALY
SL-4063,0.295,276.45,886.6,41.6,1,25467.1,3,VOLTAGE_ANOMALY
SL-4064,0.0066,15.18,0.2,22.1,2,27590.3,0,POWER_FAILURE
SL-4065,0.5622,139.87,339.3,24.7,0,3570.6,1,VOLTAGE_ANOMALY
SL-4066,0.4458,232.41,1194.9,28.0,2,27030.8,1,SENSOR_FAILURE
SL-4067,0.4072,234.91,0.0,47.9,2,22926.0,2,SENSOR_FAILURE
SL-4068,0.213,305.53,801.0,61.3,0,18633.7,0,VOLTAGE_ANOMALY
SL-4069,0.0062,0.0,0.0,33.6,1,31859.9,3,POWER_FAILURE
SL-4070,0.0008,221.24,14.2,34.2,1,5381.3,1,LAMP_FAILURE
SL-4071,0.0274,5.37,4.9,22.6,2,31752.9,1,POWER_FAILURE
SL-4072,0.0373,229.07,1.3,34.9,2,22964.9,4,LAMP_FAILURE
SL-4073,0.0255,14.03,3.7,18.2,1,2727.6,2,POWER_FAILURE
SL-4074,0.0252,228.7,37.2,26.3,1,14107.2,1,LAMP_FAILURE
SL-4075,0.0,12.78,8.6,24.9,2,29265.8,0,POWER_FAILURE
SL-4076,0.0119,232.54,4.2,30.4,1,38755.4,1,LAMP_FAILURE
SL-4077,0.6853,111.71,250.2,29.9,1,40578.3,3,VOLTAGE_ANOMALY
SL-4078,0.2543,291.25,569.9,41.3,1,42736.7,3,VOLTAGE_ANOMALY
SL-4079,0.4924,228.67,639.7,26.2,0,32463.0,2,WORKING
SL-4080,0.4345,235.95,1008.1,32.9,0,29414.8,1,WORKING
SL-4081,0.0,0.0,9.1,30.1,2,22367.6,2,POWER_FAILURE
SL-4082,0.2467,290.93,523.6,60.9,1,41709.8,1,VOLTAGE_ANOMALY
SL-4083,0.4437,223.67,6.3,37.9,2,10026.0,3,SENSOR_FAILURE
SL-4084,0.0445,231.97,5.1,31.2,2,33711.4,1,LAMP_FAILURE
SL-4085,0.0158,1.44,6.4,27.8,2,20909.7,1,POWER_FAILURE
SL-4086,0.5201,229.89,911.4,34.6,0,42685.6,1,SENSOR_FAILURE
SL-4087,0.0255,11.79,0.0,25.2,2,31192.7,4,POWER_FAILURE
SL-4088,0.4553,231.31,898.6,30.0,0,21234.4,1,WORKING
SL-4089,0.5895,131.83,207.3,24.3,1,21734.3,0,VOLTAGE_ANOMALY
SL-4090,0.0,0.0,0.0,16.9,2,38697.3,3,POWER_FAILURE
SL-4091,0.0269,225.29,12.0,21.4,2,52975.7,4,LAMP_FAILURE
SL-4092,0.4883,230.54,863.0,42.5,0,39936.3,2,WORKING
SL-4093,0.3201,229.74,35.4,31.1,1,36059.3,3,SENSOR_FAILURE
SL-4094,0.0,0.0,6.8,30.1,2,41936.5,1,POWER_FAILURE
SL-4095,0.0202,223.94,26.2,35.9,1,6537.3,4,LAMP_FAILURE
SL-4096,0.4766,154.97,145.3,30.7,1,40278.2,2,VOLTAGE_ANOMALY
SL-4097,0.4312,227.37,1205.1,20.5,0,9174.1,1,SENSOR_FAILURE
SL-4098,0.3792,231.52,952.8,38.0,0,26999.7,2,WORKING
SL-4099,0.4145,167.39,102.8,34.8,0,10955.9,4,VOLTAGE_ANOMALY
SL-4100,0.0331,228.58,1.3,33.0,1,52498.0,5,LAMP_FAILURE
SL-4101,0.0073,228.32,4.9,25.4,1,35353.9,5,LAMP_FAILURE
SL-4102,0.3954,227.54,842.5,33.5,0,31130.4,2,WORKING
SL-4103,0.5487,169.18,215.7,35.9,1,24544.0,1,VOLTAGE_ANOMALY
SL-4104,0.4647,225.35,1398.2,73.7,0,17807.8,1,SENSOR_FAILURE
SL-4105,0.0084,6.65,2.3,22.0,2,36869.2,0,POWER_FAILURE
SL-4106,0.0009,0.0,0.2,24.6,1,49613.0,4,POWER_FAILURE
SL-4107,0.3781,231.49,651.0,29.0,0,2676.9,0,WORKING
SL-4108,0.0109,223.69,11.9,33.1,1,35585.5,2,LAMP_FAILURE
SL-4109,0.0413,218.49,34.0,32.7,2,37545.9,3,LAMP_FAILURE
SL-4110,0.4195,229.71,747.0,44.7,1,21268.2,0,SENSOR_FAILURE
SL-4111,0.6439,120.67,230.7,28.8,1,1146.7,3,VOLTAGE_ANOMALY
SL-4112,0.0,15.05,4.1,29.4,2,21041.4,3,POWER_FAILURE
SL-4113,0.4027,226.68,1497.6,39.3,1,41876.9,0,SENSOR_FAILURE
SL-4114,0.0219,4.02,2.2,19.6,0,35600.5,0,POWER_FAILURE
SL-4115,0.4696,232.53,958.8,28.7,0,7430.2,2,WORKING
SL-4116,0.0158,234.41,6.3,25.1,1,6022.8,2,LAMP_FAILURE
SL-4117,0.2903,223.78,515.0,76.2,1,22953.9,3,SENSOR_FAILURE
SL-4118,0.4699,223.1,1506.9,65.2,2,17626.4,0,SENSOR_FAILURE
SL-4119,0.7872,108.66,213.6,29.8,1,36497.6,2,VOLTAGE_ANOMALY
SL-4120,0.0,10.82,0.0,21.0,1,16529.4,1,POWER_FAILURE
SL-4121,0.373,231.53,909.4,30.3,0,5107.3,2,WORKING
SL-4122,0.3852,234.71,633.8,31.1,0,45907.1,2,WORKING
SL-4123,0.0447,235.01,13.9,37.0,1,48181.0,2,LAMP_FAILURE
SL-4124,0.1085,223.07,37.6,15.8,2,16396.1,4,LAMP_FAILURE
SL-4125,0.0423,7.06,6.2,22.2,2,16640.8,2,POWER_FAILURE
SL-4126,0.4427,163.81,47.2,30.7,0,30201.5,1,VOLTAGE_ANOMALY
SL-4127,0.0092,224.76,27.8,30.6,1,38431.6,5,LAMP_FAILURE
SL-4128,0.0129,13.27,0.0,31.4,1,45670.7,1,POWER_FAILURE
SL-4129,0.3678,224.27,723.5,38.3,0,46330.0,1,WORKING
SL-4130,0.4933,227.05,710.7,34.2,0,47179.5,1,WORKING
SL-4131,0.32,272.93,406.5,42.8,1,4941.5,2,VOLTAGE_ANOMALY
SL-4132,0.0253,0.0,9.9,33.5,0,10669.1,2,POWER_FAILURE
SL-4133,0.037,233.38,19.6,29.4,1,58865.0,1,LAMP_FAILURE
SL-4134,0.0225,226.2,16.5,27.4,1,46044.7,2,LAMP_FAILURE
SL-4135,0.013,12.65,1.4,22.0,2,12061.1,1,POWER_FAILURE
SL-4136,0.3989,232.68,734.1,35.2,0,17552.2,2,WORKING
SL-4137,0.4106,226.52,7.2,29.5,0,7968.9,2,SENSOR_FAILURE
SL-4138,0.0121,4.36,2.5,32.6,2,12335.7,1,POWER_FAILURE
SL-4139,0.4895,226.21,0.0,29.2,1,22954.2,0,SENSOR_FAILURE
SL-4140,0.4693,226.68,829.5,33.1,0,7375.7,1,WORKING
SL-4141,0.03,228.2,22.2,39.4,0,12894.7,5,LAMP_FAILURE
SL-4142,0.0453,224.21,21.8,23.7,2,33178.1,4,LAMP_FAILURE
SL-4143,0.0,16.86,1.3,15.4,2,11350.6,2,POWER_FAILURE
SL-4144,0.0105,5.48,1.7,28.8,1,40295.6,0,POWER_FAILURE
SL-4145,0.446,224.98,1963.2,47.3,0,28131.2,1,SENSOR_FAILURE
SL-4146,0.3954,227.58,603.5,36.3,2,46995.7,0,SENSOR_FAILURE
SL-4147,0.0176,5.55,7.5,17.2,2,17692.7,4,POWER_FAILURE
SL-4148,0.4171,230.59,1606.5,25.2,1,4151.6,2,SENSOR_FAILURE
SL-4149,0.0091,2.48,6.5,16.6,1,16974.6,1,POWER_FAILURE
SL-4150,0.478,233.14,1081.3,31.3,0,47785.4,3,SENSOR_FAILURE
SL-4151,0.0593,228.18,36.9,34.6,2,37983.1,2,LAMP_FAILURE
SL-4152,0.3898,216.74,1445.7,33.6,1,23440.4,2,SENSOR_FAILURE
SL-4153,0.0,0.0,0.0,22.3,0,32169.3,3,POWER_FAILURE
SL-4154,0.0416,225.04,15.4,23.2,2,27655.4,4,LAMP_FAILURE
SL-4155,0.0341,15.09,2.9,23.0,2,19019.7,2,POWER_FAILURE
SL-4156,0.3595,227.53,680.9,32.4,0,42376.6,1,WORKING
SL-4157,0.4125,232.99,805.3,34.9,0,39556.7,1,WORKING
SL-4158,0.0078,0.75,1.9,18.6,2,22087.1,3,POWER_FAILURE
SL-4159,0.2183,278.24,255.0,68.8,0,37147.5,3,VOLTAGE_ANOMALY
SL-4160,0.3654,234.41,20.6,28.3,0,27126.9,0,SENSOR_FAILURE
SL-4161,0.3776,227.71,12.9,51.6,0,13148.3,1,SENSOR_FAILURE
SL-4162,0.1875,296.05,286.5,43.8,0,31365.3,4,VOLTAGE_ANOMALY
SL-4163,0.1977,282.69,504.1,59.8,1,18590.9,2,VOLTAGE_ANOMALY
SL-4164,0.4393,232.12,915.4,37.3,0,28056.8,0,WORKING
SL-4165,0.0147,0.0,0.0,28.5,1,9401.4,3,POWER_FAILURE
SL-4166,0.0002,3.8,0.0,17.8,2,13413.4,0,POWER_FAILURE
SL-4167,0.0531,224.47,10.5,25.0,0,45416.5,2,LAMP_FAILURE
SL-4168,0.4425,221.59,1772.3,38.4,1,46444.8,3,SENSOR_FAILURE
SL-4169,0.3241,269.98,236.0,57.4,0,2011.2,0,VOLTAGE_ANOMALY
SL-4170,0.4647,176.92,227.7,36.3,1,14938.7,3,VOLTAGE_ANOMALY
SL-4171,0.4984,229.34,1238.7,30.2,2,36148.0,3,SENSOR_FAILURE
SL-4172,0.0034,235.37,7.6,25.3,2,50331.8,4,LAMP_FAILURE
SL-4173,0.2777,282.18,475.8,74.5,0,36496.3,1,VOLTAGE_ANOMALY
SL-4174,0.0402,226.13,10.8,29.3,0,19908.8,4,LAMP_FAILURE
SL-4175,0.0,18.31,0.9,24.2,0,31433.2,2,POWER_FAILURE
SL-4176,0.3971,231.19,711.9,31.1,0,21339.5,1,WORKING
SL-4177,0.0,0.71,1.3,33.3,1,3471.8,3,POWER_FAILURE
SL-4178,0.1786,239.32,58.2,26.8,0,54197.8,4,LAMP_FAILURE
SL-4179,0.6319,133.79,78.8,37.7,0,22888.2,3,VOLTAGE_ANOMALY
SL-4180,0.4284,224.07,747.2,30.0,0,23806.9,1,WORKING
SL-4181,0.4311,231.88,990.2,41.9,0,28228.6,0,WORKING
SL-4182,0.2815,286.59,559.4,44.6,1,13152.3,4,VOLTAGE_ANOMALY
SL-4183,0.0049,230.98,18.6,23.2,2,21312.2,3,LAMP_FAILURE
SL-4184,0.3757,228.38,23.7,33.5,0,25032.4,2,SENSOR_FAILURE
SL-4185,0.5208,228.39,0.0,34.0,0,10601.3,1,SENSOR_FAILURE
SL-4186,0.3802,234.26,774.4,41.0,0,39413.0,0,WORKING
SL-4187,0.3098,217.94,175.4,25.2,0,36135.3,1,SENSOR_FAILURE
SL-4188,0.4389,230.36,1991.9,18.6,1,19899.7,3,SENSOR_FAILURE
SL-4189,0.029,222.92,9.3,29.4,1,22330.5,1,LAMP_FAILURE
SL-4190,0.3831,223.29,800.9,34.6,0,41558.9,2,WORKING
SL-4191,0.0294,225.04,14.0,27.0,1,7078.0,5,LAMP_FAILURE
SL-4192,0.0421,233.77,8.2,31.8,2,34555.0,1,LAMP_FAILURE
SL-4193,0.6142,154.56,225.5,32.4,0,41588.0,4,VOLTAGE_ANOMALY
SL-4194,0.0335,236.31,33.1,35.7,1,53371.6,4,LAMP_FAILURE
SL-4195,0.0367,222.55,0.0,17.0,2,30142.7,1,LAMP_FAILURE
SL-4196,0.0096,11.55,7.7,25.6,2,36038.7,0,POWER_FAILURE
SL-4197,0.0274,229.19,8.9,21.7,2,53224.4,2,LAMP_FAILURE
SL-4198,0.0375,228.49,19.0,33.3,1,8480.2,5,LAMP_FAILURE
SL-4199,0.4738,230.6,828.2,35.3,0,28246.6,1,WORKING
SL-4200,0.037,236.6,4.0,24.7,0,5597.6,4,LAMP_FAILURE
SL-4201,0.4189,229.4,0.0,42.4,0,32430.7,2,SENSOR_FAILURE
SL-4202,0.0247,0.0,3.9,21.8,2,36485.7,2,POWER_FAILURE
SL-4203,0.4658,157.34,374.6,28.0,0,27531.7,2,VOLTAGE_ANOMALY
SL-4204,0.0061,7.76,0.8,21.6,2,35766.2,3,POWER_FAILURE
SL-4205,0.3797,233.29,742.9,31.1,0,25585.1,0,WORKING
SL-4206,0.434,232.23,1816.8,55.4,1,1630.8,2,SENSOR_FAILURE
SL-4207,0.4451,226.6,890.4,42.4,0,11550.6,1,WORKING
SL-4208,0.4297,227.44,911.3,31.7,0,16678.3,0,WORKING
SL-4209,0.0123,225.74,9.1,22.5,1,42365.4,4,LAMP_FAILURE
SL-4210,0.4657,240.48,29.1,61.9,1,21883.7,0,SENSOR_FAILURE
SL-4211,0.0107,225.16,35.2,27.7,1,9132.4,3,LAMP_FAILURE
SL-4212,0.4006,230.44,1511.5,49.4,0,42985.6,0,SENSOR_FAILURE
SL-4213,0.4115,230.77,959.5,40.3,0,45370.2,2,WORKING
SL-4214,0.0153,0.0,3.0,15.5,1,44410.8,1,POWER_FAILURE
SL-4215,0.2858,305.04,707.0,50.4,1,48359.0,3,VOLTAGE_ANOMALY
SL-4216,0.0107,0.0,11.8,17.7,0,30044.2,0,POWER_FAILURE
SL-4217,0.5931,125.25,321.8,30.2,0,20601.9,0,VOLTAGE_ANOMALY
SL-4218,0.49,230.74,678.8,40.0,0,47944.7,1,WORKING
SL-4219,0.4031,173.98,130.6,27.8,0,21327.6,2,VOLTAGE_ANOMALY
SL-4220,0.0424,4.66,6.0,27.1,1,18334.8,3,POWER_FAILURE
SL-4221,0.0047,6.29,8.1,34.2,1,17973.0,1,POWER_FAILURE
SL-4222,0.0251,13.83,9.0,21.1,1,26756.6,0,POWER_FAILURE
SL-4223,0.0175,13.43,9.3,19.1,1,37860.5,2,POWER_FAILURE
SL-4224,0.3941,235.08,1676.0,38.2,2,31663.1,3,SENSOR_FAILURE
SL-4225,0.0095,226.88,5.1,26.1,1,31580.0,2,LAMP_FAILURE
SL-4226,0.2963,278.47,585.4,66.3,0,32603.3,2,VOLTAGE_ANOMALY
SL-4227,0.0049,11.88,0.0,28.8,1,42981.9,2,POWER_FAILURE
SL-4228,0.0,0.0,11.7,22.0,2,46085.4,4,POWER_FAILURE
SL-4229,0.0208,231.8,15.7,13.0,1,52575.6,3,LAMP_FAILURE
SL-4230,0.7087,112.53,108.1,39.2,0,22156.3,3,VOLTAGE_ANOMALY
SL-4231,0.0339,231.91,26.5,30.3,1,29334.7,5,LAMP_FAILURE
SL-4232,0.3674,226.91,743.2,42.9,0,8684.7,1,WORKING
SL-4233,0.2434,309.78,352.6,48.3,0,8191.7,2,VOLTAGE_ANOMALY
SL-4234,0.4433,233.14,680.2,38.8,1,30824.5,0,WORKING
SL-4235,0.3996,226.37,11.8,17.4,0,21569.6,1,SENSOR_FAILURE
SL-4236,0.4124,226.03,598.6,35.8,0,36881.6,3,SENSOR_FAILURE
SL-4237,0.2786,309.24,772.7,31.6,0,26307.5,0,VOLTAGE_ANOMALY
SL-4238,0.3744,227.31,789.1,36.8,0,40819.1,2,WORKING
SL-4239,0.0304,237.29,14.4,31.2,2,46862.7,1,LAMP_FAILURE
SL-4240,0.4304,229.48,881.8,38.5,0,39592.7,0,WORKING
SL-4241,0.0215,0.0,0.0,22.5,2,28771.8,1,POWER_FAILURE
SL-4242,0.1371,237.05,22.0,27.6,2,33220.3,5,LAMP_FAILURE
SL-4243,0.3385,298.75,814.5,64.5,1,24427.7,2,VOLTAGE_ANOMALY
SL-4244,0.0006,227.49,14.9,24.3,2,6194.8,4,LAMP_FAILURE
SL-4245,0.4581,225.7,1564.3,42.4,2,40970.0,1,SENSOR_FAILURE
SL-4246,0.3738,222.07,23.3,39.6,2,24548.4,3,SENSOR_FAILURE
SL-4247,0.4365,234.64,895.5,33.1,0,17336.3,2,WORKING
SL-4248,0.2689,299.18,214.3,42.7,1,31971.5,2,VOLTAGE_ANOMALY
SL-4249,0.366,309.77,330.6,45.3,0,17840.0,3,VOLTAGE_ANOMALY
SL-4250,0.4137,235.04,1377.2,26.2,2,21121.8,1,SENSOR_FAILURE
SL-4251,0.4903,230.68,906.2,21.6,0,15962.3,1,WORKING
SL-4252,0.0041,1.32,0.0,23.4,2,26395.4,0,POWER_FAILURE
SL-4253,0.468,238.43,722.6,51.2,0,38368.4,0,WORKING
SL-4254,0.0255,7.94,0.0,18.8,2,23868.6,1,POWER_FAILURE
SL-4255,0.3994,232.17,0.0,34.8,1,12011.2,3,SENSOR_FAILURE
SL-4256,0.4653,232.19,964.7,30.9,0,4915.2,1,WORKING
SL-4257,0.0214,18.58,6.6,19.7,2,31840.6,3,POWER_FAILURE
SL-4258,0.4336,239.27,987.2,34.8,0,10250.5,0,WORKING
SL-4259,0.3755,231.45,965.7,42.7,0,48720.3,0,WORKING
SL-4260,0.029,9.98,7.4,18.5,1,31607.8,2,POWER_FAILURE
SL-4261,0.7234,107.71,153.8,38.8,1,48171.8,4,VOLTAGE_ANOMALY
SL-4262,0.3174,219.84,241.1,75.4,2,26725.3,0,SENSOR_FAILURE
SL-4263,0.0436,0.0,3.2,26.6,2,33205.7,3,POWER_FAILURE
SL-4264,0.0252,0.0,3.7,22.6,2,7306.0,0,POWER_FAILURE
SL-4265,0.0068,231.11,2.5,30.9,2,57830.1,3,LAMP_FAILURE
SL-4266,0.3687,226.77,593.2,25.0,0,3442.7,2,WORKING
SL-4267,0.3462,232.09,19.5,27.0,1,27993.2,3,SENSOR_FAILURE
SL-4268,0.0194,0.0,1.7,25.6,2,42327.3,2,POWER_FAILURE
SL-4269,0.3944,231.55,797.7,29.2,0,44859.2,1,WORKING
SL-4270,0.0036,228.4,30.2,21.9,1,32722.9,3,LAMP_FAILURE
SL-4271,0.4367,178.67,179.3,34.6,1,24082.8,1,VOLTAGE_ANOMALY
SL-4272,0.4564,228.06,1206.4,14.0,0,46793.5,3,SENSOR_FAILURE
SL-4273,0.3841,231.12,25.9,64.1,2,47755.1,1,SENSOR_FAILURE
SL-4274,0.4875,226.16,855.4,21.7,0,3372.4,2,WORKING
SL-4275,0.3764,226.95,796.5,34.0,0,19465.9,0,WORKING
SL-4276,0.0129,227.58,17.8,21.4,1,35810.9,4,LAMP_FAILURE
SL-4277,0.0026,221.83,3.2,26.9,2,11713.4,3,LAMP_FAILURE
SL-4278,0.7447,113.23,213.7,22.2,2,14875.4,3,VOLTAGE_ANOMALY
SL-4279,0.306,274.55,566.5,62.2,2,48380.6,2,VOLTAGE_ANOMALY
SL-4280,0.4447,233.05,818.5,37.2,0,7587.4,2,WORKING
SL-4281,0.0,4.9,2.5,32.8,1,9394.9,4,POWER_FAILURE
SL-4282,0.0147,228.69,9.1,25.4,1,38007.1,2,LAMP_FAILURE
SL-4283,0.7586,101.97,56.5,30.1,0,37388.1,0,VOLTAGE_ANOMALY
SL-4284,0.3228,175.75,290.7,26.1,2,25408.0,4,VOLTAGE_ANOMALY
SL-4285,0.2919,284.22,327.8,62.1,2,19765.1,1,VOLTAGE_ANOMALY
SL-4286,0.0344,234.64,25.0,39.0,1,15358.0,4,LAMP_FAILURE
SL-4287,0.087,231.08,31.8,11.8,2,50777.9,2,LAMP_FAILURE
SL-4288,0.204,307.78,803.7,58.4,1,35083.4,3,VOLTAGE_ANOMALY
SL-4289,0.3665,224.81,1941.9,62.5,2,20789.2,0,SENSOR_FAILURE
SL-4290,0.3642,231.86,695.2,31.7,0,2010.0,2,WORKING
SL-4291,0.0082,14.37,0.1,20.7,2,40004.6,3,POWER_FAILURE
SL-4292,0.0,0.0,0.0,30.1,1,43051.8,2,POWER_FAILURE
SL-4293,0.0053,2.8,0.0,18.6,0,4420.8,3,POWER_FAILURE
SL-4294,0.3373,237.29,1730.1,56.8,1,8285.7,1,SENSOR_FAILURE
SL-4295,0.3554,236.04,952.2,34.6,0,30383.1,0,WORKING
SL-4296,0.0,15.14,4.3,25.0,2,6656.0,1,POWER_FAILURE
SL-4297,0.4846,230.29,810.8,35.5,0,1161.9,2,WORKING
SL-4298,0.0566,232.05,14.5,21.7,1,49303.4,5,LAMP_FAILURE
SL-4299,0.0,0.0,7.3,21.2,2,35531.0,2,POWER_FAILURE
SL-4300,0.6372,132.37,48.1,35.0,1,48715.2,3,VOLTAGE_ANOMALY
SL-4301,0.2885,218.25,731.5,34.7,2,48707.3,0,SENSOR_FAILURE
SL-4302,0.4205,218.61,216.0,44.4,0,6672.2,0,SENSOR_FAILURE
SL-4303,0.4725,235.09,766.2,34.0,0,22850.1,0,WORKING
SL-4304,0.0199,7.14,3.1,30.7,2,22644.2,3,POWER_FAILURE
SL-4305,0.8824,100.81,221.7,40.7,1,29877.8,0,VOLTAGE_ANOMALY
SL-4306,0.1746,229.6,68.0,19.6,1,17011.1,5,LAMP_FAILURE
SL-4307,0.1449,230.03,27.8,29.4,1,9340.8,1,LAMP_FAILURE
SL-4308,0.0,11.31,0.0,28.9,1,4743.0,3,POWER_FAILURE
SL-4309,0.5499,168.96,60.0,26.2,1,37422.0,3,VOLTAGE_ANOMALY
SL-4310,0.4328,226.91,658.5,44.4,0,35397.9,1,WORKING
SL-4311,0.4668,234.43,912.2,39.4,0,13565.2,0,WORKING
SL-4312,0.3334,224.95,1579.7,41.7,0,10295.3,1,SENSOR_FAILURE
SL-4313,0.4221,230.33,674.0,38.1,0,6730.2,0,WORKING
SL-4314,0.0128,235.78,12.5,29.7,1,21813.0,2,LAMP_FAILURE
SL-4315,0.3165,225.28,13.9,51.5,2,46294.4,0,SENSOR_FAILURE
SL-4316,0.0106,0.0,0.0,33.6,1,6753.8,4,POWER_FAILURE
SL-4317,0.0,5.84,0.0,26.5,1,34949.7,0,POWER_FAILURE
SL-4318,0.3103,282.69,894.1,43.6,2,24254.5,2,VOLTAGE_ANOMALY
SL-4319,0.0551,221.52,5.5,31.5,0,51431.1,2,LAMP_FAILURE
SL-4320,0.0293,231.79,17.2,15.9,1,28261.0,1,LAMP_FAILURE
SL-4321,0.4483,239.22,13.4,44.4,0,19431.7,0,SENSOR_FAILURE
SL-4322,0.6987,102.02,351.6,34.3,1,35473.7,2,VOLTAGE_ANOMALY
SL-4323,0.0399,0.0,2.8,19.0,2,5122.1,0,POWER_FAILURE
SL-4324,0.4918,232.21,769.4,38.8,0,32743.7,1,WORKING
SL-4325,0.4294,224.89,929.8,33.8,0,16641.9,1,WORKING
SL-4326,0.0,2.47,1.3,19.8,2,31049.0,4,POWER_FAILURE
SL-4327,0.0144,9.84,5.5,26.8,2,45348.3,0,POWER_FAILURE
SL-4328,0.4214,229.6,720.0,38.2,0,22797.1,0,WORKING
SL-4329,0.0295,223.41,34.5,19.9,1,13560.9,1,LAMP_FAILURE
SL-4330,0.3977,232.9,800.0,33.5,0,6668.1,2,WORKING
SL-4331,0.0,21.09,9.4,13.1,1,13062.9,2,POWER_FAILURE
SL-4332,0.3732,177.99,329.8,31.8,0,21539.4,2,VOLTAGE_ANOMALY
SL-4333,0.417,229.56,1913.4,34.1,0,22887.9,3,SENSOR_FAILURE
SL-4334,0.2347,283.32,772.4,51.3,1,39433.4,3,VOLTAGE_ANOMALY
SL-4335,0.3543,223.33,0.0,48.1,1,31631.9,3,SENSOR_FAILURE
SL-4336,0.6309,125.78,347.4,26.8,2,5328.5,2,VOLTAGE_ANOMALY
SL-4337,0.2814,298.35,365.2,58.4,0,15957.3,4,VOLTAGE_ANOMALY
SL-4338,0.0154,0.11,9.2,22.4,1,11832.3,1,POWER_FAILURE
SL-4339,0.4137,227.53,761.9,35.8,0,44024.4,2,WORKING
SL-4340,0.0183,226.09,16.4,16.4,1,53280.9,4,LAMP_FAILURE
SL-4341,0.2922,234.83,0.0,24.8,0,10364.8,0,SENSOR_FAILURE
SL-4342,0.2967,226.13,1029.7,68.2,1,23488.0,1,SENSOR_FAILURE
SL-4343,0.3769,231.35,782.3,29.7,0,35683.1,0,WORKING
SL-4344,0.5246,232.87,1713.3,55.0,1,34541.4,1,SENSOR_FAILURE
SL-4345,0.0136,17.11,0.0,25.1,2,49599.1,3,POWER_FAILURE
SL-4346,0.035,238.17,32.1,29.1,2,53496.2,2,LAMP_FAILURE
SL-4347,0.4785,226.65,924.5,38.6,0,6355.5,1,WORKING
SL-4348,0.7503,103.92,180.9,20.5,1,30209.0,4,VOLTAGE_ANOMALY
SL-4349,0.5228,154.02,270.7,23.8,0,29634.1,2,VOLTAGE_ANOMALY
SL-4350,0.0105,221.34,4.5,29.4,2,54926.1,1,LAMP_FAILURE
SL-4351,0.0491,0.0,0.0,24.0,2,559.9,2,POWER_FAILURE
SL-4352,0.0236,4.35,5.0,29.8,1,35837.0,2,POWER_FAILURE
SL-4353,0.3959,239.13,0.0,28.9,0,39050.3,2,SENSOR_FAILURE
SL-4354,0.0546,220.56,20.2,26.7,2,51662.0,5,LAMP_FAILURE
SL-4355,0.0106,15.29,0.0,30.4,2,41250.4,2,POWER_FAILURE
SL-4356,0.2707,264.46,439.1,57.8,0,30786.2,1,VOLTAGE_ANOMALY
SL-4357,0.4637,234.86,1485.0,49.4,0,7919.6,3,SENSOR_FAILURE
SL-4358,0.0,5.52,13.0,25.7,2,13449.3,0,POWER_FAILURE
SL-4359,0.0,5.28,5.2,32.6,2,14933.3,4,POWER_FAILURE
SL-4360,0.0205,0.0,7.6,24.8,1,12459.2,3,POWER_FAILURE
SL-4361,0.3978,231.99,697.4,30.8,0,47493.7,3,SENSOR_FAILURE
SL-4362,0.0394,226.0,0.0,29.8,1,48958.8,3,LAMP_FAILURE
SL-4363,0.7166,118.94,411.1,34.7,0,34803.0,2,VOLTAGE_ANOMALY
SL-4364,0.0142,15.34,6.3,17.4,1,17508.3,2,POWER_FAILURE
SL-4365,0.388,230.19,721.6,38.4,0,3085.7,2,WORKING
SL-4366,0.3993,233.95,19.4,35.5,0,16379.7,2,SENSOR_FAILURE
SL-4367,0.0323,236.76,4.5,40.4,1,7855.8,2,LAMP_FAILURE
SL-4368,0.3637,239.79,0.0,55.8,0,44805.5,0,SENSOR_FAILURE
SL-4369,0.4235,230.38,834.7,36.6,0,12745.8,1,WORKING
SL-4370,0.5803,139.04,172.6,25.9,1,25091.4,4,VOLTAGE_ANOMALY
SL-4371,0.4229,227.97,871.6,30.2,0,7405.6,1,WORKING
SL-4372,0.0109,0.0,0.0,39.8,1,1315.9,3,POWER_FAILURE
SL-4373,0.0047,0.0,0.4,23.7,2,8288.5,1,POWER_FAILURE
SL-4374,0.3697,229.81,795.8,29.9,1,8065.2,1,WORKING
SL-4375,0.0,14.42,4.9,27.7,1,10319.9,0,POWER_FAILURE
SL-4376,0.0,11.93,1.4,32.9,2,1634.5,1,POWER_FAILURE
SL-4377,0.5563,231.92,1091.5,34.0,0,16497.4,1,SENSOR_FAILURE
SL-4378,0.0016,237.03,23.3,18.4,1,8859.3,1,LAMP_FAILURE
SL-4379,0.0119,7.83,0.0,23.0,1,22575.5,2,POWER_FAILURE
SL-4380,0.4191,229.25,1234.3,58.2,0,30879.2,1,SENSOR_FAILURE
SL-4381,0.334,223.67,2.7,31.4,0,26173.8,2,SENSOR_FAILURE
SL-4382,0.3927,229.24,820.3,37.8,0,5823.4,2,WORKING
SL-4383,0.403,230.38,912.2,26.9,0,37691.3,1,WORKING
SL-4384,0.0388,227.71,0.2,21.2,1,37667.4,2,LAMP_FAILURE
SL-4385,0.2082,277.73,659.5,59.7,0,48065.8,4,VOLTAGE_ANOMALY
SL-4386,0.3959,282.59,842.7,54.7,1,4706.0,2,VOLTAGE_ANOMALY
SL-4387,0.0246,220.14,5.1,15.8,1,56926.3,1,LAMP_FAILURE
SL-4388,0.7131,117.55,184.1,41.9,1,28515.7,1,VOLTAGE_ANOMALY
SL-4389,0.5025,144.41,75.3,33.0,1,45937.1,1,VOLTAGE_ANOMALY
SL-4390,0.478,234.78,684.3,40.0,0,35078.8,2,WORKING
SL-4391,0.5114,227.92,1786.0,65.6,1,16963.4,2,SENSOR_FAILURE
SL-4392,0.4065,225.43,60.8,36.5,1,32121.3,3,SENSOR_FAILURE
SL-4393,0.499,230.2,890.3,28.4,0,45799.0,1,WORKING
SL-4394,0.0139,19.82,1.0,35.3,2,25637.2,2,POWER_FAILURE
SL-4395,0.0248,218.09,23.3,18.6,1,46452.3,3,LAMP_FAILURE
SL-4396,0.5162,139.69,169.1,21.3,0,2726.2,1,VOLTAGE_ANOMALY
SL-4397,0.4134,223.62,662.8,36.0,0,6629.0,0,WORKING
SL-4398,0.2976,303.28,363.0,55.0,0,45085.0,1,VOLTAGE_ANOMALY
SL-4399,0.3654,232.71,14.8,38.7,2,27025.5,3,SENSOR_FAILURE
SL-4400,0.496,225.8,10.6,60.1,0,47918.0,2,SENSOR_FAILURE
SL-4401,0.041,223.79,23.3,25.8,1,5339.0,4,LAMP_FAILURE
SL-4402,0.4965,234.29,946.5,40.1,1,6895.8,1,WORKING
SL-4403,0.3886,226.32,702.0,39.3,0,522.3,2,WORKING
SL-4404,0.3783,225.6,597.6,30.0,0,29929.5,2,WORKING
SL-4405,0.3914,227.5,793.4,36.5,0,9201.1,0,SENSOR_FAILURE
SL-4406,0.4824,226.55,840.4,32.8,0,26153.4,0,WORKING
SL-4407,0.4238,226.14,797.0,37.8,0,41516.5,0,WORKING
SL-4408,0.4674,227.92,613.7,36.5,0,4417.0,0,WORKING
SL-4409,0.4464,229.92,870.5,32.3,0,23471.3,0,WORKING
SL-4410,0.4895,228.87,952.7,38.5,0,4648.4,2,WORKING
SL-4411,0.467,234.63,683.8,37.0,0,31256.7,0,WORKING
SL-4412,0.3513,226.62,1143.0,39.9,2,48931.5,3,SENSOR_FAILURE
SL-4413,0.0,9.94,0.0,27.2,1,42133.8,2,POWER_FAILURE
SL-4414,0.2898,299.15,403.1,54.2,2,25168.0,3,VOLTAGE_ANOMALY
SL-4415,0.4939,222.16,25.1,33.9,0,20678.6,3,SENSOR_FAILURE
SL-4416,0.0442,0.0,0.0,25.6,1,27730.6,0,POWER_FAILURE
SL-4417,0.4747,228.96,1681.3,34.8,2,13549.0,1,SENSOR_FAILURE
SL-4418,0.5498,226.73,12.7,37.7,1,35777.9,0,SENSOR_FAILURE
SL-4419,0.6364,130.65,107.1,28.0,0,1156.6,1,VOLTAGE_ANOMALY
SL-4420,0.0979,238.48,64.0,23.6,2,13318.7,5,LAMP_FAILURE
SL-4421,0.0279,218.89,0.0,27.0,1,21572.8,2,LAMP_FAILURE
SL-4422,0.4578,226.59,1421.5,34.2,0,12809.1,1,SENSOR_FAILURE
SL-4423,0.263,299.94,580.1,57.9,0,44834.3,4,VOLTAGE_ANOMALY
SL-4424,0.6091,122.92,322.2,32.1,0,36306.7,4,VOLTAGE_ANOMALY
SL-4425,0.0053,15.02,0.4,31.1,2,7929.5,4,POWER_FAILURE
SL-4426,0.3098,271.68,769.9,56.2,0,44643.8,3,VOLTAGE_ANOMALY
SL-4427,0.0107,2.1,1.6,16.9,2,12025.8,4,POWER_FAILURE
SL-4428,0.3981,176.63,299.4,25.2,1,4289.2,3,VOLTAGE_ANOMALY
SL-4429,0.4908,226.15,30.1,34.7,1,7383.4,2,SENSOR_FAILURE
SL-4430,0.016,0.2,8.2,27.4,1,42597.7,4,POWER_FAILURE
SL-4431,0.0223,6.68,4.3,30.6,2,2460.5,0,POWER_FAILURE
SL-4432,0.3529,232.41,887.0,24.4,0,43228.8,2,WORKING
SL-4433,0.0803,223.83,37.5,29.0,2,28739.4,2,LAMP_FAILURE
SL-4434,0.4042,233.03,899.6,28.0,0,29736.4,0,WORKING
SL-4435,0.058,233.27,0.0,34.3,1,33620.3,5,LAMP_FAILURE
SL-4436,0.4124,228.24,758.7,41.6,0,48723.7,1,WORKING
SL-4437,0.0229,237.29,7.6,24.9,1,12176.8,1,LAMP_FAILURE
SL-4438,0.4234,234.1,2.3,20.2,2,19263.8,0,SENSOR_FAILURE
SL-4439,0.3665,227.38,3.4,69.2,0,37575.6,0,SENSOR_FAILURE
SL-4440,0.0,0.0,11.0,28.5,2,42835.9,3,POWER_FAILURE
SL-4441,0.4647,234.4,692.5,36.5,0,30573.3,0,WORKING
SL-4442,0.0535,225.98,7.5,31.2,0,6259.3,3,LAMP_FAILURE
SL-4443,0.6669,122.53,206.2,30.4,1,37218.3,2,VOLTAGE_ANOMALY
SL-4444,0.0237,10.04,7.7,18.1,1,13517.8,2,POWER_FAILURE
SL-4445,0.473,230.36,711.3,36.6,0,21143.7,0,WORKING
SL-4446,0.3829,226.37,629.9,32.7,1,5728.9,0,WORKING
SL-4447,0.0297,13.22,0.8,26.5,1,49077.0,1,POWER_FAILURE
SL-4448,0.4602,227.77,730.1,37.2,0,30836.1,1,WORKING
SL-4449,0.4752,230.55,1592.1,20.2,1,24825.5,1,SENSOR_FAILURE
SL-4450,0.4096,228.0,755.8,41.1,0,15608.2,0,WORKING
SL-4451,0.4157,232.33,796.0,32.6,0,18289.2,0,WORKING
SL-4452,0.0347,4.26,7.6,25.1,1,17117.2,3,POWER_FAILURE
SL-4453,0.3925,231.73,780.7,44.1,1,2255.0,0,WORKING
SL-4454,0.0557,226.24,2.5,32.5,1,30351.3,1,LAMP_FAILURE
SL-4455,0.4239,230.16,1794.5,20.9,0,45796.2,2,SENSOR_FAILURE
SL-4456,0.0222,12.14,3.2,26.9,1,13361.2,1,POWER_FAILURE
SL-4457,0.0,0.0,0.0,21.7,2,29420.9,0,POWER_FAILURE
SL-4458,0.4603,234.92,733.2,33.7,0,41078.2,1,WORKING
SL-4459,0.3814,224.04,4.9,19.9,1,45969.1,0,SENSOR_FAILURE
SL-4460,0.1293,227.21,54.6,19.9,1,57857.6,3,LAMP_FAILURE
SL-4461,0.2983,263.47,923.7,56.5,0,25004.5,0,VOLTAGE_ANOMALY
SL-4462,0.0169,12.71,2.9,26.7,1,47604.5,4,POWER_FAILURE
SL-4463,0.3954,178.87,194.4,26.9,0,11385.8,4,VOLTAGE_ANOMALY
SL-4464,0.3907,225.43,0.0,20.5,1,10443.0,1,SENSOR_FAILURE
SL-4465,0.2508,280.29,593.2,55.5,1,21767.7,3,VOLTAGE_ANOMALY
SL-4466,0.0206,238.12,0.0,30.3,1,17114.5,5,LAMP_FAILURE
SL-4467,0.3946,223.95,1799.5,24.9,1,30940.9,1,SENSOR_FAILURE
SL-4468,0.4435,227.54,19.7,33.2,2,18192.1,2,SENSOR_FAILURE
SL-4469,0.1608,302.55,496.7,53.7,0,39192.1,1,VOLTAGE_ANOMALY
SL-4470,0.0292,225.62,25.0,22.1,1,56871.3,2,LAMP_FAILURE
SL-4471,0.1179,224.51,39.5,26.1,1,49472.4,1,LAMP_FAILURE
SL-4472,0.4846,240.95,0.0,50.7,1,19862.2,0,SENSOR_FAILURE
SL-4473,0.3,264.18,438.9,48.7,0,31063.2,4,VOLTAGE_ANOMALY
SL-4474,0.4642,235.77,943.2,36.3,0,15488.1,1,WORKING
SL-4475,0.0467,224.42,9.0,20.0,1,58315.6,2,LAMP_FAILURE
SL-4476,0.0,5.83,0.0,33.9,0,18945.7,4,POWER_FAILURE
SL-4477,0.0377,228.45,0.0,32.1,1,17661.5,1,LAMP_FAILURE
SL-4478,0.2758,290.69,378.4,64.9,1,2960.1,1,VOLTAGE_ANOMALY
SL-4479,0.3061,298.88,784.6,59.8,0,23683.9,1,VOLTAGE_ANOMALY
SL-4480,0.2431,265.25,880.9,49.5,1,14573.5,3,VOLTAGE_ANOMALY
SL-4481,0.3723,232.83,9.4,15.6,1,21641.7,1,SENSOR_FAILURE
SL-4482,0.288,233.39,1446.3,27.7,1,38745.0,0,SENSOR_FAILURE
SL-4483,0.4945,170.27,269.3,29.4,0,35682.9,3,VOLTAGE_ANOMALY
SL-4484,0.0556,227.12,0.0,19.3,1,11241.4,4,LAMP_FAILURE
SL-4485,0.5234,235.32,0.0,51.2,0,20982.9,3,SENSOR_FAILURE
SL-4486,0.0291,235.41,14.2,26.1,2,47133.3,5,LAMP_FAILURE
SL-4487,0.4279,227.53,822.4,34.4,0,11338.3,2,WORKING
SL-4488,0.3589,233.09,787.0,40.4,2,26915.7,1,SENSOR_FAILURE
SL-4489,0.04,228.14,0.0,39.6,1,16046.6,1,LAMP_FAILURE
SL-4490,0.0182,0.48,1.3,28.2,1,4329.7,3,POWER_FAILURE
SL-4491,0.4079,225.51,1432.8,43.2,0,42372.5,1,SENSOR_FAILURE
SL-4492,0.0131,19.75,6.2,22.3,1,19466.8,3,POWER_FAILURE
SL-4493,0.0335,224.69,0.0,32.6,0,7384.8,4,LAMP_FAILURE
SL-4494,0.0,8.34,0.0,43.6,2,46408.3,0,POWER_FAILURE
SL-4495,0.3919,227.31,0.3,58.6,0,19211.3,2,SENSOR_FAILURE
SL-4496,0.3943,224.43,9.7,36.3,0,13759.6,2,SENSOR_FAILURE
SL-4497,0.4658,151.84,318.8,24.7,2,45539.4,0,VOLTAGE_ANOMALY
SL-4498,0.0199,222.49,4.7,31.7,2,55304.3,2,LAMP_FAILURE
SL-4499,0.4999,228.14,870.0,36.4,0,14595.1,1,WORKING
SL-4500,0.0082,0.0,0.0,22.4,2,16574.0,1,POWER_FAILURE
SL-4501,0.6488,130.34,300.0,24.6,2,22112.5,4,VOLTAGE_ANOMALY
SL-4502,0.0025,2.47,5.8,21.6,2,1273.5,1,POWER_FAILURE
SL-4503,0.015,0.0,4.8,26.4,1,40076.7,1,POWER_FAILURE
SL-4504,0.1895,293.76,408.3,44.1,2,37289.7,4,VOLTAGE_ANOMALY
SL-4505,0.0,0.0,4.8,24.9,2,11807.2,3,POWER_FAILURE
SL-4506,0.381,222.45,666.5,30.5,0,47532.1,1,WORKING
SL-4507,0.446,169.68,194.5,34.4,1,20747.7,4,VOLTAGE_ANOMALY
SL-4508,0.6411,122.83,329.5,31.0,2,37379.3,3,VOLTAGE_ANOMALY
SL-4509,0.0555,228.05,0.0,27.2,1,19960.5,2,LAMP_FAILURE
SL-4510,0.3514,233.85,1238.1,24.6,1,16586.7,1,SENSOR_FAILURE
SL-4511,0.2561,275.78,845.8,68.8,0,15767.8,2,VOLTAGE_ANOMALY
SL-4512,0.0309,0.0,9.4,15.0,1,13810.3,3,POWER_FAILURE
SL-4513,0.058,3.4,4.4,29.0,2,42940.5,0,POWER_FAILURE
SL-4514,0.2191,294.03,478.8,50.1,0,43313.6,1,VOLTAGE_ANOMALY
SL-4515,0.4577,232.32,944.9,36.9,0,2797.0,0,WORKING
SL-4516,0.3793,229.3,804.8,46.7,0,47625.5,0,WORKING
SL-4517,0.0269,4.15,12.8,23.5,2,19754.3,4,POWER_FAILURE
SL-4518,0.045,225.43,24.2,22.1,1,31575.0,4,LAMP_FAILURE
SL-4519,0.2833,302.07,437.2,50.0,0,42245.2,2,VOLTAGE_ANOMALY
SL-4520,0.4935,226.24,1242.1,64.2,0,2737.3,0,SENSOR_FAILURE
SL-4521,0.2882,268.4,244.7,58.1,0,14033.7,4,VOLTAGE_ANOMALY
SL-4522,0.0259,228.46,3.4,25.5,1,16606.0,2,LAMP_FAILURE
SL-4523,0.0329,0.0,11.4,29.6,2,2980.4,4,POWER_FAILURE
SL-4524,0.3942,234.06,995.4,43.7,0,2904.5,0,WORKING
SL-4525,0.4385,229.35,486.8,39.7,0,43876.5,1,SENSOR_FAILURE
SL-4526,0.1622,217.94,59.7,28.4,1,21808.7,3,LAMP_FAILURE
SL-4527,0.0528,236.85,15.3,28.2,1,50651.6,2,LAMP_FAILURE
SL-4528,0.0262,232.0,0.5,23.7,2,40240.5,4,LAMP_FAILURE
SL-4529,0.7267,120.86,151.0,40.9,0,30204.1,2,VOLTAGE_ANOMALY
SL-4530,0.3147,240.4,8.7,44.3,0,48970.4,2,SENSOR_FAILURE
SL-4531,0.3471,233.02,1252.8,35.8,0,8507.5,1,SENSOR_FAILURE
SL-4532,0.0246,9.23,3.9,23.3,1,33216.5,2,POWER_FAILURE
SL-4533,0.0371,225.06,17.4,34.9,2,48374.1,5,LAMP_FAILURE
SL-4534,0.6485,123.36,147.7,26.1,0,7410.9,1,VOLTAGE_ANOMALY
SL-4535,0.3804,230.31,646.6,28.0,0,17014.2,2,WORKING
SL-4536,0.0,9.33,7.3,24.8,1,28686.8,1,POWER_FAILURE
SL-4537,0.6726,146.42,148.4,25.8,0,28252.2,4,VOLTAGE_ANOMALY
SL-4538,0.031,225.12,17.0,29.7,0,39631.0,4,LAMP_FAILURE
SL-4539,0.0287,222.99,0.0,28.2,1,18803.1,4,LAMP_FAILURE
SL-4540,0.351,225.65,1200.7,63.2,1,45832.8,1,SENSOR_FAILURE
SL-4541,0.6796,233.75,0.0,33.2,1,43830.2,2,SENSOR_FAILURE
SL-4542,0.015,231.81,4.8,30.0,1,25747.6,5,LAMP_FAILURE
SL-4543,0.3515,276.29,656.6,69.3,0,21547.0,3,VOLTAGE_ANOMALY
SL-4544,0.4717,154.49,148.7,32.9,1,16156.9,0,VOLTAGE_ANOMALY
SL-4545,0.6817,114.41,183.2,28.7,1,2360.0,2,VOLTAGE_ANOMALY
SL-4546,0.4347,227.61,1551.1,28.1,2,37628.2,2,SENSOR_FAILURE
SL-4547,0.2583,291.61,710.7,67.0,0,42630.7,1,VOLTAGE_ANOMALY
SL-4548,0.4296,227.22,0.0,32.4,1,43408.9,3,SENSOR_FAILURE
SL-4549,0.4438,231.58,1126.3,35.9,2,22776.5,1,SENSOR_FAILURE
SL-4550,0.3886,223.87,241.9,49.0,1,35229.4,2,SENSOR_FAILURE
SL-4551,0.4904,233.07,834.3,44.1,0,10156.5,1,WORKING
SL-4552,0.1521,227.65,71.9,26.4,1,53923.7,4,LAMP_FAILURE
SL-4553,0.3356,229.98,1659.4,34.0,0,28026.1,2,SENSOR_FAILURE
SL-4554,0.0,17.84,7.3,21.4,1,22653.5,1,POWER_FAILURE
SL-4555,0.0135,234.66,0.0,22.5,2,42275.0,2,LAMP_FAILURE
SL-4556,0.0,0.0,12.3,24.5,2,14598.6,3,POWER_FAILURE
SL-4557,0.6454,126.25,278.4,41.2,0,33465.3,0,VOLTAGE_ANOMALY
SL-4558,0.3323,282.24,514.2,50.6,1,44239.6,4,VOLTAGE_ANOMALY
SL-4559,0.3298,235.16,824.6,17.8,0,3778.9,0,SENSOR_FAILURE
SL-4560,0.0,7.92,1.9,27.1,2,27207.5,2,POWER_FAILURE
SL-4561,0.4741,232.74,706.9,32.3,0,12114.0,1,WORKING
SL-4562,0.02,5.87,3.1,30.4,2,28745.7,3,POWER_FAILURE
SL-4563,0.396,226.3,0.0,26.6,0,30910.5,1,SENSOR_FAILURE
SL-4564,0.002,4.69,4.8,25.1,2,32992.0,4,POWER_FAILURE
SL-4565,0.0105,0.0,5.4,27.1,2,921.9,4,POWER_FAILURE
SL-4566,0.4778,236.62,1228.5,47.0,2,45958.2,0,SENSOR_FAILURE
SL-4567,0.011,235.5,17.9,13.0,2,40873.4,3,LAMP_FAILURE
SL-4568,0.4281,232.31,936.5,35.0,0,19753.0,2,WORKING
SL-4569,0.019,8.21,8.5,24.7,2,7747.4,1,POWER_FAILURE
SL-4570,0.7231,105.25,105.1,36.7,2,47804.6,0,VOLTAGE_ANOMALY
SL-4571,0.0421,241.45,21.5,29.7,1,48576.6,1,LAMP_FAILURE
SL-4572,0.4278,226.77,676.2,34.9,0,34005.3,1,WORKING
SL-4573,0.4371,210.01,1275.9,54.6,2,44432.5,2,SENSOR_FAILURE
SL-4574,0.4341,231.31,1386.0,22.9,0,14408.7,1,SENSOR_FAILURE
SL-4575,0.0599,231.54,0.0,31.7,1,37909.3,1,LAMP_FAILURE
SL-4576,0.4163,219.52,1602.6,67.8,1,47910.1,1,SENSOR_FAILURE
SL-4577,0.0193,229.38,22.2,16.8,0,32666.5,5,LAMP_FAILURE
SL-4578,0.1357,229.72,43.3,23.2,2,7739.0,2,LAMP_FAILURE
SL-4579,0.4969,221.17,0.8,41.1,0,42002.8,1,SENSOR_FAILURE
SL-4580,0.5805,131.45,155.7,31.3,1,16970.3,4,VOLTAGE_ANOMALY
SL-4581,0.2348,280.52,720.0,69.5,2,1842.0,1,VOLTAGE_ANOMALY
SL-4582,0.4376,230.75,11.7,40.6,2,18277.2,3,SENSOR_FAILURE
SL-4583,0.3469,232.66,11.1,28.1,0,23061.1,3,SENSOR_FAILURE
SL-4584,0.2644,286.04,344.4,64.5,0,30234.6,4,VOLTAGE_ANOMALY
SL-4585,0.4662,226.03,788.1,32.1,0,563.1,0,WORKING
SL-4586,0.4078,227.76,595.8,33.8,0,32760.9,1,WORKING
SL-4587,0.4818,227.33,952.0,36.1,1,34829.2,0,WORKING
SL-4588,0.028,7.24,0.7,18.0,2,19834.8,1,POWER_FAILURE
SL-4589,0.3636,232.93,679.8,26.7,0,27463.3,1,WORKING
SL-4590,0.0368,1.51,0.0,31.3,2,17176.3,1,POWER_FAILURE
SL-4591,0.4173,230.67,11.0,47.7,2,22745.7,3,SENSOR_FAILURE
SL-4592,0.3778,223.22,763.0,41.9,0,17742.8,0,WORKING
SL-4593,0.0259,227.7,22.9,19.5,1,42168.5,5,LAMP_FAILURE
SL-4594,0.0365,8.75,5.8,18.2,2,11146.3,2,POWER_FAILURE
SL-4595,0.0,10.85,9.7,25.5,2,37930.8,2,POWER_FAILURE
SL-4596,0.3864,232.43,372.8,66.4,1,32344.1,2,SENSOR_FAILURE
SL-4597,0.0341,6.74,3.5,22.8,2,30701.4,4,POWER_FAILURE
SL-4598,0.4274,228.87,991.3,29.0,0,8813.4,1,WORKING
SL-4599,0.0,0.0,0.5,25.8,2,12343.9,2,POWER_FAILURE
SL-4600,0.0295,221.34,17.9,28.2,2,5173.2,3,LAMP_FAILURE
SL-4601,0.0,0.0,3.6,30.4,2,10617.0,4,POWER_FAILURE
SL-4602,0.3487,279.09,489.1,59.9,0,14251.3,2,VOLTAGE_ANOMALY
SL-4603,0.2461,304.52,391.4,53.6,0,47888.3,3,VOLTAGE_ANOMALY
SL-4604,0.295,305.64,423.8,66.0,0,34877.0,1,VOLTAGE_ANOMALY
SL-4605,0.3731,235.77,711.7,40.0,1,35706.3,0,WORKING
SL-4606,0.447,263.76,445.4,29.7,1,15325.8,4,VOLTAGE_ANOMALY
SL-4607,0.0137,228.43,0.0,26.8,1,35424.4,1,LAMP_FAILURE
SL-4608,0.009,232.19,11.4,26.4,2,41590.6,1,LAMP_FAILURE
SL-4609,0.4735,233.06,622.0,34.7,1,28072.8,1,WORKING
SL-4610,0.0002,224.12,24.9,26.1,1,54006.1,2,LAMP_FAILURE
SL-4611,0.4747,227.66,789.7,33.7,0,1715.8,2,WORKING
SL-4612,0.7278,112.64,236.5,35.9,1,32288.9,2,VOLTAGE_ANOMALY
SL-4613,0.4775,232.78,939.8,34.7,0,11679.6,0,WORKING
SL-4614,0.4354,234.13,664.9,41.1,1,13566.6,1,WORKING
SL-4615,0.0415,218.52,29.1,21.5,1,56627.4,3,LAMP_FAILURE
SL-4616,0.3267,276.04,447.0,54.2,0,41939.3,1,VOLTAGE_ANOMALY
SL-4617,0.0278,229.22,8.4,34.2,1,42199.5,4,LAMP_FAILURE
SL-4618,0.7962,108.11,136.2,26.5,0,7951.7,4,VOLTAGE_ANOMALY
SL-4619,0.0,17.16,10.2,21.1,1,42290.4,1,POWER_FAILURE
SL-4620,0.0236,13.43,0.3,28.1,2,24256.6,3,POWER_FAILURE
SL-4621,0.0486,0.0,0.0,26.3,1,49150.9,1,POWER_FAILURE
SL-4622,0.4837,165.19,198.9,32.9,0,10651.4,0,VOLTAGE_ANOMALY
SL-4623,0.4224,229.12,857.8,35.5,1,26804.3,1,SENSOR_FAILURE
SL-4624,0.1382,235.9,63.9,33.7,0,34003.1,4,LAMP_FAILURE
SL-4625,0.0547,229.03,24.0,27.9,1,24849.8,1,LAMP_FAILURE
SL-4626,0.3065,228.8,1343.7,31.4,0,4159.6,1,SENSOR_FAILURE
SL-4627,0.0,9.21,0.0,35.0,2,31852.2,0,POWER_FAILURE
SL-4628,0.0597,232.43,13.8,30.8,2,55069.7,4,LAMP_FAILURE
SL-4629,0.4306,228.07,898.6,33.8,0,15850.9,0,WORKING
SL-4630,0.4701,226.72,912.5,30.5,0,45512.3,0,WORKING
SL-4631,0.627,135.32,245.4,34.4,1,43096.7,4,VOLTAGE_ANOMALY
SL-4632,0.0312,229.21,0.0,25.5,2,34738.2,4,LAMP_FAILURE
SL-4633,0.3598,232.46,957.6,43.5,0,29968.7,2,WORKING
SL-4634,0.0376,0.0,10.2,16.4,2,7298.2,4,POWER_FAILURE
SL-4635,0.4198,228.9,627.9,41.6,0,39414.4,0,WORKING
SL-4636,0.423,218.77,1743.1,74.6,1,5645.5,1,SENSOR_FAILURE
SL-4637,0.0163,4.83,8.1,23.7,2,45340.7,4,POWER_FAILURE
SL-4638,0.3826,231.33,1579.2,25.5,0,49161.1,0,SENSOR_FAILURE
SL-4639,0.6131,118.98,302.0,30.9,0,12693.2,3,VOLTAGE_ANOMALY
SL-4640,0.043,7.44,0.0,27.4,2,39024.9,3,POWER_FAILURE
SL-4641,0.4084,228.11,606.2,34.8,0,47454.8,1,WORKING
SL-4642,0.4867,164.08,59.3,29.7,1,33330.6,1,VOLTAGE_ANOMALY
SL-4643,0.3912,227.9,868.0,30.8,0,6194.7,2,WORKING
SL-4644,0.4472,228.35,779.5,39.1,0,40942.1,0,WORKING
SL-4645,0.4171,223.63,1291.3,45.9,0,29878.2,1,SENSOR_FAILURE
SL-4646,0.3766,228.81,746.4,36.9,1,38176.7,2,SENSOR_FAILURE
SL-4647,0.3963,239.98,9.0,29.0,2,33578.0,3,SENSOR_FAILURE
SL-4648,0.0056,217.81,15.0,34.6,1,21161.4,5,LAMP_FAILURE
SL-4649,0.3509,298.49,697.8,51.3,0,40011.4,3,VOLTAGE_ANOMALY
SL-4650,0.2206,293.55,669.1,53.2,0,37709.8,0,VOLTAGE_ANOMALY
SL-4651,0.4617,232.62,700.6,24.2,0,35619.6,1,WORKING
SL-4652,0.2179,286.22,543.5,47.2,2,27496.5,4,VOLTAGE_ANOMALY
SL-4653,0.0526,219.07,0.0,23.6,0,23986.8,2,LAMP_FAILURE
SL-4654,0.4604,227.26,1207.5,37.7,1,30667.5,0,SENSOR_FAILURE
SL-4655,0.3987,224.16,1963.4,16.1,1,21122.9,3,SENSOR_FAILURE
SL-4656,0.3956,232.06,942.1,39.5,0,620.7,2,WORKING
SL-4657,0.4114,230.52,20.4,63.6,0,48881.3,0,SENSOR_FAILURE
SL-4658,0.0419,224.13,0.0,23.3,0,46196.4,5,LAMP_FAILURE
SL-4659,0.5045,231.67,494.4,42.9,2,38348.0,1,SENSOR_FAILURE
SL-4660,0.5415,227.62,0.0,40.8,0,25224.2,1,SENSOR_FAILURE
SL-4661,0.4235,215.01,0.0,46.4,2,32453.3,3,SENSOR_FAILURE
SL-4662,0.0052,0.0,6.2,22.1,1,9627.7,3,POWER_FAILURE
SL-4663,0.0318,224.93,26.5,37.0,2,48023.3,2,LAMP_FAILURE
SL-4664,0.0004,11.95,8.9,24.9,2,10562.6,4,POWER_FAILURE
SL-4665,0.6399,118.72,263.6,25.8,0,23507.1,3,VOLTAGE_ANOMALY
SL-4666,0.1102,224.45,30.4,30.9,2,58390.2,5,LAMP_FAILURE
SL-4667,0.0852,214.03,66.4,19.9,2,34529.3,4,LAMP_FAILURE
SL-4668,0.3839,293.76,556.4,52.2,0,681.5,3,VOLTAGE_ANOMALY
SL-4669,0.3941,236.54,0.0,36.4,0,27233.5,3,SENSOR_FAILURE
SL-4670,0.4732,225.59,730.2,28.2,0,49973.6,0,WORKING
SL-4671,0.1451,286.91,887.1,73.6,0,49640.8,1,VOLTAGE_ANOMALY
SL-4672,0.5466,136.33,106.7,28.7,1,33869.3,2,VOLTAGE_ANOMALY
SL-4673,0.7407,104.06,199.2,32.5,1,11739.6,3,VOLTAGE_ANOMALY
SL-4674,0.2239,297.59,434.5,46.6,1,35496.5,0,VOLTAGE_ANOMALY
SL-4675,0.0201,10.56,0.0,21.5,2,4011.7,0,POWER_FAILURE
SL-4676,0.0012,227.54,18.5,14.4,1,16623.3,1,LAMP_FAILURE
SL-4677,0.0524,234.63,22.5,31.9,1,12692.0,2,LAMP_FAILURE
SL-4678,0.4104,229.15,1650.1,40.5,1,2230.0,2,SENSOR_FAILURE
SL-4679,0.3802,231.7,464.0,71.7,2,29926.3,0,SENSOR_FAILURE
SL-4680,0.3804,179.75,177.7,28.5,2,26057.1,2,VOLTAGE_ANOMALY
SL-4681,0.0064,11.44,7.9,32.7,1,44753.7,3,POWER_FAILURE
SL-4682,0.0532,225.53,0.0,32.3,0,41761.7,5,LAMP_FAILURE
SL-4683,0.3961,219.86,157.5,26.8,2,12008.3,2,SENSOR_FAILURE
SL-4684,0.3387,264.83,635.1,65.5,0,15430.6,3,VOLTAGE_ANOMALY
SL-4685,0.0334,8.94,6.1,26.2,2,35657.6,0,POWER_FAILURE
SL-4686,0.3577,229.72,834.8,34.5,0,9000.2,0,WORKING
SL-4687,0.704,111.7,195.3,43.8,1,546.0,4,VOLTAGE_ANOMALY
SL-4688,0.0227,223.94,31.9,23.6,2,8007.8,2,LAMP_FAILURE
SL-4689,0.4575,159.46,321.7,24.8,0,8811.4,0,VOLTAGE_ANOMALY
SL-4690,0.0081,6.04,2.9,28.5,1,42675.6,1,POWER_FAILURE
SL-4691,0.0293,12.38,0.0,15.6,2,39149.0,1,POWER_FAILURE
SL-4692,0.4272,223.7,651.9,36.9,0,15272.8,2,WORKING
SL-4693,0.0,2.95,2.2,20.1,2,47930.9,4,POWER_FAILURE
SL-4694,0.0,0.0,0.0,33.7,2,29599.4,4,POWER_FAILURE
SL-4695,0.4236,231.18,954.9,29.7,0,20214.5,0,WORKING
SL-4696,0.4726,166.67,323.6,25.9,1,43788.4,4,VOLTAGE_ANOMALY
SL-4697,0.4807,235.48,745.7,41.3,1,39627.3,0,WORKING
SL-4698,0.0,0.0,2.6,31.5,2,46551.6,3,POWER_FAILURE
SL-4699,0.3641,222.2,0.8,42.9,1,41620.3,2,SENSOR_FAILURE
SL-4700,0.748,109.15,282.0,26.7,0,31882.3,2,VOLTAGE_ANOMALY
SL-4701,0.0121,15.34,4.6,21.1,1,29965.9,4,POWER_FAILURE
SL-4702,0.3577,234.73,784.6,33.8,0,32697.6,1,WORKING
SL-4703,0.0337,226.07,0.0,27.3,1,12550.9,4,LAMP_FAILURE
SL-4704,0.004,232.02,28.0,21.3,1,40116.6,5,LAMP_FAILURE
SL-4705,0.0,1.75,8.4,35.9,1,34236.9,1,POWER_FAILURE
SL-4706,0.5459,227.53,475.7,19.5,1,3880.5,1,SENSOR_FAILURE
SL-4707,0.4611,164.64,180.6,22.4,0,42529.5,1,VOLTAGE_ANOMALY
SL-4708,0.4455,231.44,628.1,38.0,0,38946.4,0,WORKING
SL-4709,0.4632,159.31,76.7,28.6,0,49045.9,2,VOLTAGE_ANOMALY
SL-4710,0.4812,230.36,665.9,44.8,1,48273.3,1,WORKING
SL-4711,0.0262,0.0,1.5,19.4,1,15256.7,3,POWER_FAILURE
SL-4712,0.3781,229.77,809.1,33.5,0,4164.0,2,WORKING
SL-4713,0.0,0.0,9.7,14.2,0,35369.6,4,POWER_FAILURE
SL-4714,0.175,307.77,326.6,42.7,2,30328.1,2,VOLTAGE_ANOMALY
SL-4715,0.4517,232.32,999.5,33.3,0,22216.9,2,WORKING
SL-4716,0.0374,222.27,1.6,20.4,2,51489.9,3,LAMP_FAILURE
SL-4717,0.4798,230.45,674.1,30.9,0,27303.5,1,WORKING
SL-4718,0.5851,126.7,148.2,35.2,0,6580.5,0,VOLTAGE_ANOMALY
SL-4719,0.0353,13.91,0.0,35.5,1,1612.6,0,POWER_FAILURE
SL-4720,0.4108,234.46,0.0,16.3,0,38510.5,2,SENSOR_FAILURE
SL-4721,0.7884,116.59,148.5,44.3,0,3770.3,0,VOLTAGE_ANOMALY
SL-4722,0.5066,159.44,126.3,39.1,0,11343.7,4,VOLTAGE_ANOMALY
SL-4723,0.4813,229.83,713.3,35.3,1,22798.4,0,WORKING
SL-4724,0.4508,228.15,953.0,34.9,0,13608.0,2,WORKING
SL-4725,0.0597,225.42,6.1,30.1,0,9762.8,4,LAMP_FAILURE
SL-4726,0.4084,227.28,1144.0,29.6,0,25967.3,0,SENSOR_FAILURE
SL-4727,0.0376,1.71,2.8,22.6,2,29282.3,0,POWER_FAILURE
SL-4728,0.4185,235.18,737.4,29.2,0,14411.8,1,WORKING
SL-4729,0.0404,226.88,5.9,29.8,1,36039.3,5,LAMP_FAILURE
SL-4730,0.6,134.45,234.7,21.9,1,3774.8,0,VOLTAGE_ANOMALY
SL-4731,0.0101,9.47,7.5,23.4,2,4507.8,0,POWER_FAILURE
SL-4732,0.3944,228.46,832.8,33.6,0,45646.3,1,WORKING
SL-4733,0.0363,231.58,22.2,22.6,2,20002.0,1,LAMP_FAILURE
SL-4734,0.5624,228.31,0.0,29.4,1,48858.8,2,SENSOR_FAILURE
SL-4735,0.2772,289.24,335.5,55.7,1,39022.2,2,VOLTAGE_ANOMALY
SL-4736,0.012,227.98,4.6,19.5,1,22190.6,4,LAMP_FAILURE
SL-4737,0.7897,108.93,223.1,29.2,1,27994.7,0,VOLTAGE_ANOMALY
SL-4738,0.2219,281.57,446.7,46.5,1,41696.3,4,VOLTAGE_ANOMALY
SL-4739,0.5741,139.15,134.4,29.5,0,45279.3,1,VOLTAGE_ANOMALY
SL-4740,0.3113,293.93,836.5,54.5,1,41488.5,0,VOLTAGE_ANOMALY
SL-4741,0.2746,302.78,864.6,56.1,1,38431.2,3,VOLTAGE_ANOMALY
SL-4742,0.7568,109.95,234.4,33.1,0,30817.9,1,VOLTAGE_ANOMALY
SL-4743,0.4941,230.2,772.6,28.1,1,28889.2,2,WORKING
SL-4744,0.5194,137.82,333.1,41.7,0,32485.0,2,VOLTAGE_ANOMALY
SL-4745,0.248,309.02,607.1,66.4,0,18285.0,0,VOLTAGE_ANOMALY
SL-4746,0.4932,221.39,414.7,32.5,2,15682.8,3,SENSOR_FAILURE
SL-4747,0.0075,21.22,0.0,22.2,1,33490.2,1,POWER_FAILURE
SL-4748,0.4764,178.33,128.1,29.6,0,12162.7,0,VOLTAGE_ANOMALY
SL-4749,0.4359,175.54,269.1,25.6,1,20092.2,4,VOLTAGE_ANOMALY
SL-4750,0.4881,232.51,739.6,29.6,0,41505.9,0,WORKING
SL-4751,0.138,225.73,55.5,39.5,1,44396.4,5,LAMP_FAILURE
SL-4752,0.4736,162.27,179.1,36.4,2,34624.2,1,VOLTAGE_ANOMALY
SL-4753,0.4008,231.11,607.9,27.3,0,16414.0,2,WORKING
SL-4754,0.2489,298.43,767.6,46.6,1,37968.4,0,VOLTAGE_ANOMALY
SL-4755,0.4442,225.81,11.3,59.1,2,27990.3,3,SENSOR_FAILURE
SL-4756,0.5613,144.34,292.0,25.7,1,36248.1,4,VOLTAGE_ANOMALY
SL-4757,0.4795,156.38,177.0,38.9,1,14178.9,1,VOLTAGE_ANOMALY
SL-4758,0.4642,225.39,889.5,33.8,1,39167.6,1,SENSOR_FAILURE
SL-4759,0.4773,233.19,1705.1,34.9,1,26536.7,2,SENSOR_FAILURE
SL-4760,0.0193,8.88,4.6,27.3,2,26593.7,0,POWER_FAILURE
SL-4761,0.3734,234.85,698.3,35.2,0,44571.6,1,WORKING
SL-4762,0.4881,228.32,604.2,38.1,0,45764.1,2,WORKING
SL-4763,0.0189,0.0,0.3,17.8,2,27428.3,2,POWER_FAILURE
SL-4764,0.351,226.35,1983.4,67.9,0,11266.5,2,SENSOR_FAILURE
SL-4765,0.4317,162.9,192.1,33.4,0,36559.5,2,VOLTAGE_ANOMALY
SL-4766,0.2528,277.37,817.8,57.8,2,21281.6,2,VOLTAGE_ANOMALY
SL-4767,0.0,8.52,0.4,24.3,2,26914.0,3,POWER_FAILURE
SL-4768,0.5882,129.45,177.8,22.8,2,38837.9,1,VOLTAGE_ANOMALY
SL-4769,0.0216,230.8,17.3,34.1,1,44765.4,1,LAMP_FAILURE
SL-4770,0.2403,290.76,287.7,35.4,0,46675.2,1,VOLTAGE_ANOMALY
SL-4771,0.0186,22.22,5.5,21.5,2,4413.8,3,POWER_FAILURE
SL-4772,0.4405,229.29,664.6,35.0,1,31449.9,2,WORKING
SL-4773,0.4751,231.94,684.4,27.7,1,31940.2,1,WORKING
SL-4774,0.2295,283.26,231.4,58.2,1,2721.3,1,VOLTAGE_ANOMALY
SL-4775,0.4465,220.57,1814.5,34.5,1,4326.5,0,SENSOR_FAILURE
SL-4776,0.4314,231.77,909.5,29.4,1,48363.3,0,WORKING
SL-4777,0.3936,238.18,10.6,62.2,2,1558.8,3,SENSOR_FAILURE
SL-4778,0.2692,293.39,490.4,52.4,1,28521.2,1,VOLTAGE_ANOMALY
SL-4779,0.4112,225.17,807.6,37.4,0,33913.4,0,WORKING
SL-4780,0.0,6.36,11.8,26.2,0,13252.8,4,POWER_FAILURE
SL-4781,0.0477,222.19,31.2,24.6,2,38638.6,2,LAMP_FAILURE
SL-4782,0.3745,215.59,3.2,58.5,0,7504.3,1,SENSOR_FAILURE
SL-4783,0.0,0.0,0.0,11.2,1,36429.7,4,POWER_FAILURE
SL-4784,0.0177,218.02,7.1,25.2,1,26844.8,1,LAMP_FAILURE
SL-4785,0.0542,231.01,0.0,29.7,2,59119.2,3,LAMP_FAILURE
SL-4786,0.0127,225.11,11.2,34.2,1,58828.9,2,LAMP_FAILURE
SL-4787,0.05,219.95,6.3,31.3,1,29301.3,1,LAMP_FAILURE
SL-4788,0.0254,225.52,7.4,22.5,2,37458.2,3,LAMP_FAILURE
SL-4789,0.0108,0.0,3.8,18.4,1,38578.4,0,POWER_FAILURE
SL-4790,0.0131,2.52,1.1,22.4,2,31946.2,3,POWER_FAILURE
SL-4791,0.4939,227.4,941.9,33.2,1,6437.8,2,WORKING
SL-4792,0.4955,233.0,873.3,30.2,1,10731.8,1,WORKING
SL-4793,0.1617,232.97,44.0,28.7,1,18513.0,3,LAMP_FAILURE
SL-4794,0.0085,230.5,1.1,28.8,2,33789.6,3,LAMP_FAILURE
SL-4795,0.3078,305.05,299.6,77.4,0,18214.5,4,VOLTAGE_ANOMALY
SL-4796,0.5616,177.55,126.5,22.5,1,10004.0,2,VOLTAGE_ANOMALY
SL-4797,0.1425,226.55,41.9,25.4,1,25762.0,1,LAMP_FAILURE
SL-4798,0.3659,242.6,843.8,25.8,0,40025.9,0,SENSOR_FAILURE
SL-4799,0.36,232.31,724.4,43.8,0,6085.6,2,WORKING
SL-4800,0.0286,225.17,0.0,35.3,1,31671.2,5,LAMP_FAILURE
SL-4801,0.1141,225.2,67.2,27.7,1,30416.5,4,LAMP_FAILURE
SL-4802,0.0921,225.16,63.4,19.7,1,41078.7,4,LAMP_FAILURE
SL-4803,0.038,7.03,0.0,16.6,1,43444.6,4,POWER_FAILURE
SL-4804,0.0051,0.0,7.9,23.1,1,49333.1,1,POWER_FAILURE
SL-4805,0.059,232.94,27.4,26.6,1,20869.2,1,LAMP_FAILURE
SL-4806,0.3324,289.17,249.1,48.6,1,40855.0,1,VOLTAGE_ANOMALY
SL-4807,0.3554,229.47,970.7,36.2,0,11257.2,0,WORKING
SL-4808,0.0066,222.2,8.1,29.1,2,33030.9,1,LAMP_FAILURE
SL-4809,0.4451,221.4,868.7,88.7,1,12884.0,2,SENSOR_FAILURE
SL-4810,0.0226,234.18,17.1,24.3,0,24425.3,1,LAMP_FAILURE
SL-4811,0.4679,233.38,960.0,32.6,0,16312.1,1,WORKING
SL-4812,0.0053,10.05,0.0,25.8,1,28436.1,3,POWER_FAILURE
SL-4813,0.6833,108.57,44.8,25.9,1,44271.2,1,VOLTAGE_ANOMALY
SL-4814,0.0,7.38,5.2,29.1,2,4796.5,0,POWER_FAILURE
SL-4815,0.0041,227.37,26.8,34.6,2,47160.2,1,LAMP_FAILURE
SL-4816,0.0303,231.46,6.5,17.7,1,28908.4,2,LAMP_FAILURE
SL-4817,0.001,234.74,24.3,27.7,2,49192.4,1,LAMP_FAILURE
SL-4818,0.44,235.52,734.5,26.8,0,35770.8,2,WORKING
SL-4819,0.4757,217.6,1365.0,33.0,2,49180.0,0,SENSOR_FAILURE
SL-4820,0.4528,231.15,945.2,37.4,0,22594.4,0,WORKING
SL-4821,0.0076,224.83,4.8,21.7,1,17766.7,4,LAMP_FAILURE
SL-4822,0.0014,9.98,6.7,18.1,2,11202.4,3,POWER_FAILURE
SL-4823,0.4817,231.47,588.4,36.4,0,33877.3,1,SENSOR_FAILURE
SL-4824,0.4916,167.97,275.5,28.3,2,37449.9,0,VOLTAGE_ANOMALY
SL-4825,0.0365,0.0,0.0,27.3,2,11511.9,2,POWER_FAILURE
SL-4826,0.4878,165.84,280.9,21.6,1,5597.8,2,VOLTAGE_ANOMALY
SL-4827,0.0509,229.2,14.8,40.8,2,35521.6,3,LAMP_FAILURE
SL-4828,0.4878,228.36,647.1,35.0,0,46430.9,0,WORKING
SL-4829,0.7358,109.13,344.6,37.5,0,37367.5,2,VOLTAGE_ANOMALY
SL-4830,0.4174,234.09,686.5,36.8,0,35053.7,2,WORKING
SL-4831,0.015,216.63,1.6,22.1,2,47158.6,3,LAMP_FAILURE
SL-4832,0.4467,230.83,941.3,28.6,0,49309.5,0,WORKING
SL-4833,0.4326,228.3,571.5,22.3,1,33005.8,2,SENSOR_FAILURE
SL-4834,0.6715,113.13,140.9,25.0,1,27623.2,3,VOLTAGE_ANOMALY
SL-4835,0.7336,103.37,304.5,44.9,1,22183.8,1,VOLTAGE_ANOMALY
SL-4836,0.262,265.56,326.5,55.4,0,31648.0,3,VOLTAGE_ANOMALY
SL-4837,0.0482,235.33,18.4,19.1,2,22154.9,3,LAMP_FAILURE
SL-4838,0.1657,287.17,816.2,54.4,0,4075.9,2,VOLTAGE_ANOMALY
SL-4839,0.0858,226.93,61.2,31.8,0,7280.9,3,LAMP_FAILURE
SL-4840,0.4798,233.32,935.8,27.9,0,47998.7,0,WORKING
SL-4841,0.433,234.41,801.4,33.4,0,32008.1,0,WORKING
SL-4842,0.0194,0.0,8.6,26.3,2,47056.8,3,POWER_FAILURE
SL-4843,0.4391,225.66,862.5,24.0,0,6240.2,0,WORKING
SL-4844,0.3372,231.59,1424.0,48.3,2,6418.5,1,SENSOR_FAILURE
SL-4845,0.4834,231.48,25.2,25.4,1,6351.6,2,SENSOR_FAILURE
SL-4846,0.0134,4.03,6.0,21.7,2,25323.4,3,POWER_FAILURE
SL-4847,0.3031,265.59,420.2,60.7,0,20573.2,1,VOLTAGE_ANOMALY
SL-4848,0.7206,123.39,102.8,17.1,0,29682.8,1,VOLTAGE_ANOMALY
SL-4849,0.0001,235.03,8.4,34.9,1,18603.8,4,LAMP_FAILURE
SL-4850,0.3631,230.51,669.7,30.5,0,2078.9,2,WORKING
SL-4851,0.4484,229.71,0.0,32.2,1,12359.9,2,SENSOR_FAILURE
SL-4852,0.4622,228.89,886.9,34.5,0,21580.0,2,WORKING
SL-4853,0.0288,1.12,1.7,23.6,1,10633.6,1,POWER_FAILURE
SL-4854,0.0136,11.41,2.8,20.5,2,9586.7,1,POWER_FAILURE
SL-4855,0.345,230.14,1153.8,38.5,0,23821.2,2,SENSOR_FAILURE
SL-4856,0.0147,10.11,6.6,31.5,2,32319.3,1,POWER_FAILURE
SL-4857,0.4934,228.55,793.0,33.0,0,32535.8,0,WORKING
SL-4858,0.2634,261.91,535.5,51.1,1,12105.0,2,VOLTAGE_ANOMALY
SL-4859,0.0274,0.0,8.9,21.5,2,38860.3,2,POWER_FAILURE
SL-4860,0.0012,0.27,15.6,23.5,2,1136.0,2,POWER_FAILURE
SL-4861,0.0,0.0,3.9,18.9,0,45848.8,4,POWER_FAILURE
SL-4862,0.0285,228.85,0.0,34.0,1,39196.5,2,LAMP_FAILURE
SL-4863,0.4224,225.26,825.1,32.6,0,8284.2,1,WORKING
SL-4864,0.2816,283.14,356.1,65.7,0,32949.0,1,VOLTAGE_ANOMALY
SL-4865,0.2843,270.52,598.7,49.2,0,23133.4,2,VOLTAGE_ANOMALY
SL-4866,0.272,266.13,666.3,58.1,1,31945.3,0,VOLTAGE_ANOMALY
SL-4867,0.0274,226.95,22.7,16.6,0,10654.7,3,LAMP_FAILURE
SL-4868,0.4329,215.82,1976.8,19.8,0,26527.1,3,SENSOR_FAILURE
SL-4869,0.469,225.84,1850.3,44.9,1,23420.1,3,SENSOR_FAILURE
SL-4870,0.4514,236.41,10.1,33.5,0,35545.8,2,SENSOR_FAILURE
SL-4871,0.3219,224.9,44.2,26.7,1,42266.6,2,SENSOR_FAILURE
SL-4872,0.4159,227.88,445.4,40.2,0,48823.6,1,SENSOR_FAILURE
SL-4873,0.0296,1.39,4.6,26.2,2,17634.7,4,POWER_FAILURE
SL-4874,0.4644,228.6,972.8,31.1,0,6096.1,2,WORKING
SL-4875,0.0327,232.83,19.4,37.2,1,37417.2,2,LAMP_FAILURE
SL-4876,0.4219,228.79,32.2,15.1,2,7002.1,1,SENSOR_FAILURE
SL-4877,0.5852,144.95,132.5,31.3,0,37762.0,3,VOLTAGE_ANOMALY
SL-4878,0.0099,5.09,4.1,32.7,1,10888.0,4,POWER_FAILURE
SL-4879,0.0189,10.01,8.0,21.6,2,40203.7,3,POWER_FAILURE
SL-4880,0.0395,226.26,1.6,22.4,1,6481.5,4,LAMP_FAILURE
SL-4881,0.0383,8.53,0.0,25.5,0,22299.8,3,POWER_FAILURE
SL-4882,0.2942,277.25,320.1,69.3,1,23985.0,0,VOLTAGE_ANOMALY
SL-4883,0.6401,128.73,156.8,24.7,2,2867.0,4,VOLTAGE_ANOMALY
SL-4884,0.0,8.95,0.7,24.6,2,34759.6,1,POWER_FAILURE
SL-4885,0.0327,11.42,0.3,22.2,2,19044.8,1,POWER_FAILURE
SL-4886,0.465,237.04,4.9,29.9,1,15546.5,3,SENSOR_FAILURE
SL-4887,0.4524,233.34,24.1,45.4,1,2238.3,3,SENSOR_FAILURE
SL-4888,0.4607,228.81,717.4,33.3,0,40734.5,1,WORKING
SL-4889,0.5568,132.53,374.2,22.3,0,22857.8,2,VOLTAGE_ANOMALY
SL-4890,0.4185,235.92,708.8,35.4,0,49953.2,1,WORKING
SL-4891,0.6209,149.17,110.0,31.5,1,49939.5,0,VOLTAGE_ANOMALY
SL-4892,0.5965,132.57,184.2,26.8,1,9527.0,2,VOLTAGE_ANOMALY
SL-4893,0.419,218.85,0.0,52.1,0,17914.8,1,SENSOR_FAILURE
SL-4894,0.4579,236.48,759.6,29.2,0,26784.8,1,WORKING
SL-4895,0.0012,232.1,6.1,26.3,0,30632.2,5,LAMP_FAILURE
SL-4896,0.0028,227.62,16.6,29.3,2,30530.0,2,LAMP_FAILURE
SL-4897,0.4839,159.94,313.0,47.3,0,19019.2,1,VOLTAGE_ANOMALY
SL-4898,0.3519,232.52,916.7,33.5,0,19149.4,1,WORKING
SL-4899,0.4297,228.48,748.9,36.6,0,1458.8,2,WORKING
SL-4900,0.3521,233.08,694.6,26.2,1,30197.6,1,WORKING
SL-4901,0.3647,226.94,698.2,35.1,0,17560.2,1,WORKING
SL-4902,0.0146,232.34,18.7,20.8,1,47683.4,1,LAMP_FAILURE
SL-4903,0.0335,234.86,10.6,29.6,1,24753.2,2,LAMP_FAILURE
SL-4904,0.224,297.95,580.7,48.3,1,2662.8,2,VOLTAGE_ANOMALY
SL-4905,0.4479,234.61,678.3,34.8,0,1373.7,1,WORKING
SL-4906,0.4734,234.51,638.7,37.5,0,2073.3,1,WORKING
SL-4907,0.5356,234.69,1510.7,54.0,0,32440.5,3,SENSOR_FAILURE
SL-4908,0.3289,263.5,643.5,57.6,1,35037.4,1,VOLTAGE_ANOMALY
SL-4909,0.0333,223.84,19.4,32.8,2,34307.1,4,LAMP_FAILURE
SL-4910,0.3845,225.12,787.4,25.3,0,39441.4,0,WORKING
SL-4911,0.2831,219.19,142.9,34.9,0,30529.8,3,SENSOR_FAILURE
SL-4912,0.2307,307.05,688.4,50.7,1,31906.4,3,VOLTAGE_ANOMALY
SL-4913,0.4251,229.53,1162.9,17.8,1,11554.0,3,SENSOR_FAILURE
SL-4914,0.0,5.85,1.5,17.6,2,42362.9,0,POWER_FAILURE
SL-4915,0.4831,231.41,813.1,30.2,0,12879.0,2,WORKING
SL-4916,0.4418,235.33,614.7,34.4,0,11586.1,0,WORKING
SL-4917,0.0099,1.2,5.1,24.6,2,29106.6,2,POWER_FAILURE
SL-4918,0.3514,267.91,684.3,66.8,1,32914.0,1,VOLTAGE_ANOMALY
SL-4919,0.4097,232.94,522.6,26.5,0,37502.0,2,SENSOR_FAILURE
SL-4920,0.4553,234.47,0.0,25.1,0,17557.1,0,SENSOR_FAILURE
SL-4921,0.0495,221.31,25.6,35.9,2,47204.9,4,LAMP_FAILURE
SL-4922,0.0588,222.49,38.4,24.2,1,25756.6,4,LAMP_FAILURE
SL-4923,0.0168,222.93,0.0,27.4,2,36720.2,4,LAMP_FAILURE
SL-4924,0.0105,8.49,3.7,26.2,2,32831.8,2,POWER_FAILURE
SL-4925,0.7851,106.8,170.7,22.9,1,42871.6,1,VOLTAGE_ANOMALY
SL-4926,0.301,297.37,778.1,38.3,0,22900.4,2,VOLTAGE_ANOMALY
SL-4927,0.2438,263.22,380.4,42.4,1,27245.2,0,VOLTAGE_ANOMALY
SL-4928,0.0,4.6,0.0,22.5,1,17923.0,3,POWER_FAILURE
SL-4929,0.0067,230.22,15.8,40.2,1,32162.3,4,LAMP_FAILURE
SL-4930,0.5275,139.16,119.8,39.8,0,30511.3,4,VOLTAGE_ANOMALY
SL-4931,0.48,227.51,5.6,36.8,0,49303.0,2,SENSOR_FAILURE
SL-4932,0.4677,225.51,1473.8,7.0,1,21160.7,2,SENSOR_FAILURE
SL-4933,0.0405,213.62,18.4,23.8,2,44530.3,3,LAMP_FAILURE
SL-4934,0.031,230.44,17.3,33.1,2,42309.6,1,LAMP_FAILURE
SL-4935,0.3237,225.8,12.1,53.8,1,665.3,1,SENSOR_FAILURE
SL-4936,0.4089,229.42,662.6,38.8,1,37842.4,2,WORKING
SL-4937,0.3803,227.37,898.6,29.8,0,38715.2,0,WORKING
SL-4938,0.5353,219.59,1670.0,21.4,1,43660.0,0,SENSOR_FAILURE
SL-4939,0.0028,229.36,21.2,29.5,1,10808.3,3,LAMP_FAILURE
SL-4940,0.0552,235.2,11.5,29.4,0,34093.8,5,LAMP_FAILURE
SL-4941,0.5045,223.35,63.3,26.2,1,2374.1,3,SENSOR_FAILURE
SL-4942,0.0878,223.12,57.7,18.2,1,6700.9,3,LAMP_FAILURE
SL-4943,0.1093,235.24,38.5,21.5,2,43817.4,3,LAMP_FAILURE
SL-4944,0.7438,104.55,312.3,24.9,0,27862.0,3,VOLTAGE_ANOMALY
SL-4945,0.0279,227.62,17.4,28.0,2,44977.4,4,LAMP_FAILURE
SL-4946,0.5742,116.84,86.7,29.4,0,12600.6,2,VOLTAGE_ANOMALY
SL-4947,0.223,281.39,484.2,66.9,2,11027.5,2,VOLTAGE_ANOMALY
SL-4948,0.4638,223.74,763.0,36.7,0,12909.7,1,WORKING
SL-4949,0.0,0.0,7.4,29.2,1,19709.1,3,POWER_FAILURE
SL-4950,0.0356,0.0,3.4,17.5,1,47658.0,0,POWER_FAILURE
SL-4951,0.4929,224.28,0.0,41.9,1,36113.6,3,SENSOR_FAILURE
SL-4952,0.0547,232.16,11.6,34.4,1,5126.5,5,LAMP_FAILURE
SL-4953,0.6973,114.82,250.2,28.5,0,21126.0,3,VOLTAGE_ANOMALY
SL-4954,0.7402,105.89,333.7,33.0,0,30981.4,1,VOLTAGE_ANOMALY
SL-4955,0.4188,229.22,973.3,39.7,0,4436.8,0,WORKING
SL-4956,0.0337,220.33,0.0,32.5,2,54966.2,4,LAMP_FAILURE
SL-4957,0.2534,291.1,377.1,58.0,0,33573.7,1,VOLTAGE_ANOMALY
SL-4958,0.445,233.75,706.2,24.5,0,11387.3,0,WORKING
SL-4959,0.3836,227.02,1831.5,60.0,1,28500.1,0,SENSOR_FAILURE
SL-4960,0.4021,233.39,1928.6,26.4,0,47011.6,2,SENSOR_FAILURE
SL-4961,0.0,7.86,0.0,24.4,2,36479.3,2,POWER_FAILURE
SL-4962,0.0206,227.05,7.4,26.3,1,54156.4,5,LAMP_FAILURE
SL-4963,0.4174,227.17,807.3,36.0,0,5830.0,0,WORKING
SL-4964,0.406,228.52,932.0,40.3,0,500.7,2,WORKING
SL-4965,0.4983,232.19,0.0,39.4,2,43439.4,2,SENSOR_FAILURE
SL-4966,0.3957,227.0,646.1,37.6,0,35256.8,1,WORKING
SL-4967,0.0599,232.16,2.4,27.5,1,37205.9,2,LAMP_FAILURE
SL-4968,0.4753,239.98,1323.3,48.5,0,9655.7,1,SENSOR_FAILURE
SL-4969,0.3911,230.91,758.6,38.2,1,8433.6,0,WORKING
SL-4970,0.8002,103.62,298.5,23.8,0,8084.8,1,VOLTAGE_ANOMALY
SL-4971,0.6707,122.71,296.2,35.0,1,40971.1,3,VOLTAGE_ANOMALY
SL-4972,0.0275,226.75,25.8,21.2,1,26512.9,1,LAMP_FAILURE
SL-4973,0.4402,228.07,700.5,40.4,0,48536.4,2,WORKING
SL-4974,0.4681,239.96,574.7,44.1,0,41644.6,2,SENSOR_FAILURE
SL-4975,0.3519,296.63,376.4,47.3,1,21524.2,0,VOLTAGE_ANOMALY
SL-4976,0.4726,245.91,28.1,31.8,1,10575.8,0,SENSOR_FAILURE
SL-4977,0.3659,237.6,400.8,34.6,1,11710.4,3,SENSOR_FAILURE
SL-4978,0.4697,231.38,673.1,30.6,0,4286.3,0,WORKING
SL-4979,0.0911,229.12,36.0,27.0,1,49737.3,4,LAMP_FAILURE
SL-4980,0.4334,233.25,724.6,25.7,1,29497.1,1,WORKING
SL-4981,0.3643,232.93,688.7,34.4,1,49823.5,2,WORKING
SL-4982,0.2549,307.32,897.6,54.2,0,13405.8,4,VOLTAGE_ANOMALY
SL-4983,0.7774,106.54,212.5,27.8,2,36304.6,1,VOLTAGE_ANOMALY
SL-4984,0.0151,11.24,4.7,32.6,2,46442.3,3,POWER_FAILURE
SL-4985,0.3155,235.66,131.9,25.9,1,14089.0,1,SENSOR_FAILURE
SL-4986,0.041,227.23,9.0,29.6,0,58704.9,4,LAMP_FAILURE
SL-4987,0.0,10.71,0.0,28.8,0,19421.7,0,POWER_FAILURE
SL-4988,0.0255,223.88,5.5,23.6,1,22057.4,4,LAMP_FAILURE
SL-4989,0.4401,224.69,0.0,57.0,1,3642.3,3,SENSOR_FAILURE
SL-4990,0.2168,283.0,661.0,40.0,0,914.3,3,VOLTAGE_ANOMALY
SL-4991,0.0374,223.09,14.2,28.8,1,7305.3,3,LAMP_FAILURE
SL-4992,0.0339,224.95,0.0,30.7,2,6802.8,1,LAMP_FAILURE
SL-4993,0.3831,219.53,9.1,72.8,1,17334.2,1,SENSOR_FAILURE
SL-4994,0.7092,111.35,237.1,22.2,2,7929.4,2,VOLTAGE_ANOMALY
SL-4995,0.4292,220.9,995.7,29.3,2,4534.9,1,SENSOR_FAILURE
SL-4996,0.0231,2.19,8.8,33.2,2,34814.3,4,POWER_FAILURE
SL-4997,0.4933,153.99,139.3,29.2,2,22801.7,2,VOLTAGE_ANOMALY
SL-4998,0.4241,230.08,224.8,43.5,0,43848.6,2,SENSOR_FAILURE
SL-4999,0.3594,262.66,833.5,64.2,0,17059.1,4,VOLTAGE_ANOMALY
SL-5000,0.1607,224.54,56.3,34.8,1,36352.7,3,LAMP_FAILURE
SL-5001,0.4196,241.31,0.0,53.0,2,42417.9,2,SENSOR_FAILURE
SL-5002,0.4998,229.66,243.5,38.5,1,32576.2,3,SENSOR_FAILURE
SL-5003,0.3866,229.23,667.5,34.4,1,5156.0,1,WORKING
SL-5004,0.0,6.33,7.8,16.4,1,4096.1,4,POWER_FAILURE
SL-5005,0.0483,221.01,9.1,23.6,0,46734.2,5,LAMP_FAILURE
SL-5006,0.0327,226.83,40.1,13.3,1,48310.9,4,LAMP_FAILURE
SL-5007,0.4039,225.21,31.8,25.4,1,35935.9,3,SENSOR_FAILURE
SL-5008,0.0258,227.13,0.9,22.5,2,45777.2,5,LAMP_FAILURE
SL-5009,0.4061,230.14,900.0,28.3,1,18098.1,2,SENSOR_FAILURE
SL-5010,0.4543,236.79,51.5,37.9,0,14935.0,1,SENSOR_FAILURE
SL-5011,0.3537,223.46,966.6,39.7,0,28599.4,0,WORKING
SL-5012,0.4925,226.49,648.9,31.1,0,30158.5,2,WORKING
SL-5013,0.1228,218.92,53.1,27.5,1,38450.8,2,LAMP_FAILURE
SL-5014,0.5014,234.81,1806.9,26.7,0,45556.3,3,SENSOR_FAILURE
SL-5015,0.3784,230.56,696.9,30.0,0,33453.5,1,WORKING
SL-5016,0.0379,236.2,0.0,26.6,1,24531.6,4,LAMP_FAILURE
SL-5017,0.4386,233.33,605.1,43.5,0,38780.7,2,WORKING
SL-5018,0.4135,233.29,919.4,30.4,0,5606.7,1,WORKING
SL-5019,0.0,0.87,3.5,19.9,1,41995.6,2,POWER_FAILURE
SL-5020,0.0582,231.34,20.6,31.8,1,15429.4,4,LAMP_FAILURE
SL-5021,0.4548,223.07,0.0,17.0,1,35153.1,1,SENSOR_FAILURE
SL-5022,0.0438,224.23,40.1,28.7,1,27418.9,4,LAMP_FAILURE
SL-5023,0.0445,0.0,2.2,19.7,2,25686.7,4,POWER_FAILURE
SL-5024,0.4112,233.24,802.2,39.3,0,39812.9,2,WORKING
SL-5025,0.1463,224.51,78.9,28.1,2,50189.9,5,LAMP_FAILURE
SL-5026,0.4945,230.18,1961.9,59.3,0,874.5,2,SENSOR_FAILURE
SL-5027,0.6466,132.0,178.9,33.9,0,46142.1,0,VOLTAGE_ANOMALY
SL-5028,0.4051,233.92,648.4,28.9,0,1945.2,0,WORKING
SL-5029,0.0533,233.63,26.4,30.6,1,59437.4,5,LAMP_FAILURE
SL-5030,0.0497,222.85,9.6,22.8,1,20997.7,2,LAMP_FAILURE
SL-5031,0.5097,166.46,303.5,39.1,0,24734.6,4,VOLTAGE_ANOMALY
SL-5032,0.0587,229.24,1.4,28.0,0,45157.4,5,LAMP_FAILURE
SL-5033,0.0368,237.25,15.7,14.1,0,47674.6,2,LAMP_FAILURE
SL-5034,0.0152,223.64,9.3,25.6,0,15727.3,1,LAMP_FAILURE
SL-5035,0.6893,118.96,155.3,32.4,2,7127.9,3,VOLTAGE_ANOMALY
SL-5036,0.0165,23.09,1.7,32.3,1,48036.7,0,POWER_FAILURE
SL-5037,0.467,231.12,668.1,42.1,0,21160.7,2,WORKING
SL-5038,0.3402,227.0,14.6,50.8,1,14312.9,0,SENSOR_FAILURE
SL-5039,0.0567,232.83,22.1,24.3,1,42476.1,3,LAMP_FAILURE
SL-5040,0.3205,224.06,16.1,52.0,1,10056.7,0,SENSOR_FAILURE
SL-5041,0.5961,140.87,266.8,33.5,0,30194.9,3,VOLTAGE_ANOMALY
SL-5042,0.4913,234.81,0.0,88.8,0,38973.2,0,SENSOR_FAILURE
SL-5043,0.3582,233.74,691.7,38.5,0,15946.2,0,WORKING
SL-5044,0.3834,231.28,22.4,24.5,1,17120.7,2,SENSOR_FAILURE
SL-5045,0.489,232.06,772.4,32.3,0,34492.4,1,WORKING
SL-5046,0.0358,2.0,9.8,27.1,2,2976.7,2,POWER_FAILURE
SL-5047,0.368,223.53,663.8,35.8,0,35393.7,0,WORKING
SL-5048,0.7249,102.54,260.2,38.9,2,44575.4,4,VOLTAGE_ANOMALY
SL-5049,0.4806,235.82,1613.2,23.2,0,27603.2,2,SENSOR_FAILURE
SL-5050,0.0042,231.28,19.8,30.3,1,12509.9,3,LAMP_FAILURE
SL-5051,0.4956,230.33,927.7,31.1,0,20577.5,1,WORKING
SL-5052,0.0242,222.1,14.4,22.4,1,55454.0,3,LAMP_FAILURE
SL-5053,0.3703,229.23,995.2,21.7,0,12535.4,2,WORKING
SL-5054,0.3733,223.02,947.6,37.9,0,32046.9,2,WORKING
SL-5055,0.3152,290.9,484.1,57.1,0,5532.3,0,VOLTAGE_ANOMALY
SL-5056,0.0225,226.96,0.0,29.4,1,30633.4,5,LAMP_FAILURE
SL-5057,0.4478,227.65,654.2,31.5,0,14927.9,2,WORKING
SL-5058,0.6321,110.77,221.2,26.6,0,30528.5,3,VOLTAGE_ANOMALY
SL-5059,0.0393,233.1,0.3,33.9,2,9863.6,5,LAMP_FAILURE
SL-5060,0.0474,0.0,5.0,29.9,1,7997.7,3,POWER_FAILURE
SL-5061,0.0169,228.83,2.8,27.0,1,49767.4,4,LAMP_FAILURE
SL-5062,0.4359,231.52,891.9,32.3,1,25596.4,0,WORKING
SL-5063,0.0167,12.9,7.4,30.0,0,31012.0,4,POWER_FAILURE
SL-5064,0.0223,7.78,1.1,27.7,1,28996.7,3,POWER_FAILURE
SL-5065,0.4972,233.31,1000.4,37.9,0,13124.8,2,WORKING
SL-5066,0.0061,6.6,1.8,30.6,1,19800.4,1,POWER_FAILURE
SL-5067,0.3855,236.64,875.8,30.6,0,8428.8,2,WORKING
SL-5068,0.0378,15.09,9.8,29.2,1,4812.1,3,POWER_FAILURE
SL-5069,0.0303,9.56,3.6,15.3,2,6076.6,0,POWER_FAILURE
SL-5070,0.002,13.17,0.0,20.5,1,26051.7,2,POWER_FAILURE
SL-5071,0.0,0.0,1.5,31.1,1,27790.2,1,POWER_FAILURE
SL-5072,0.428,234.49,1489.6,28.1,1,2266.6,0,SENSOR_FAILURE
SL-5073,0.0351,228.75,15.2,26.1,1,34634.3,4,LAMP_FAILURE
SL-5074,0.3783,232.22,789.5,37.3,0,45746.4,1,WORKING
SL-5075,0.4672,178.69,155.8,24.3,0,44301.2,2,VOLTAGE_ANOMALY
SL-5076,0.287,225.37,1448.4,33.4,0,34186.2,1,SENSOR_FAILURE
SL-5077,0.4451,231.49,970.0,35.1,0,47841.9,0,WORKING
SL-5078,0.0328,0.0,4.5,23.0,2,16280.6,3,POWER_FAILURE
SL-5079,0.6939,105.63,192.6,28.9,1,800.2,3,VOLTAGE_ANOMALY
SL-5080,0.0072,17.15,2.8,18.1,1,28518.1,1,POWER_FAILURE
SL-5081,0.5987,151.12,77.3,26.7,0,9442.7,3,VOLTAGE_ANOMALY
SL-5082,0.4695,165.88,169.0,29.4,0,31345.4,1,VOLTAGE_ANOMALY
SL-5083,0.6568,114.46,141.8,29.6,1,17015.1,4,VOLTAGE_ANOMALY
SL-5084,0.0123,0.0,0.0,24.3,1,21510.3,4,POWER_FAILURE
SL-5085,0.4525,228.13,0.0,58.2,2,20613.5,2,SENSOR_FAILURE
SL-5086,0.0198,221.56,0.0,30.8,1,20476.7,5,LAMP_FAILURE
SL-5087,0.3337,281.61,789.8,40.2,1,3742.6,3,VOLTAGE_ANOMALY
SL-5088,0.7449,113.76,274.2,40.6,0,24330.9,4,VOLTAGE_ANOMALY
SL-5089,0.0581,233.65,0.0,21.7,0,53192.3,4,LAMP_FAILURE
SL-5090,0.4571,228.24,127.4,47.8,0,20896.7,2,SENSOR_FAILURE
SL-5091,0.5621,121.41,270.1,32.5,1,16705.7,4,VOLTAGE_ANOMALY
SL-5092,0.0,14.11,4.0,19.4,1,15585.1,3,POWER_FAILURE
SL-5093,0.0269,0.0,4.7,35.3,1,23485.9,4,POWER_FAILURE
SL-5094,0.2427,303.12,666.4,63.9,0,17109.0,1,VOLTAGE_ANOMALY
SL-5095,0.4015,230.84,894.8,40.8,0,7671.5,0,WORKING
SL-5096,0.3978,236.5,1248.4,39.0,1,8235.2,1,SENSOR_FAILURE
SL-5097,0.039,227.65,22.5,26.3,2,42003.7,3,LAMP_FAILURE
SL-5098,0.6397,170.05,222.0,22.0,1,21647.7,3,VOLTAGE_ANOMALY
SL-5099,0.0287,5.03,11.5,26.7,2,31659.8,1,POWER_FAILURE
SL-5100,0.1518,235.71,24.4,33.4,1,59065.2,4,LAMP_FAILURE
SL-5101,0.0241,0.0,0.0,22.6,1,34957.4,2,POWER_FAILURE
SL-5102,0.0,0.31,4.4,19.0,2,39140.3,3,POWER_FAILURE
SL-5103,0.2784,285.54,513.2,42.9,2,13404.8,2,VOLTAGE_ANOMALY
SL-5104,0.003,0.0,6.3,12.4,1,28987.3,4,POWER_FAILURE
SL-5105,0.1694,226.84,60.7,31.6,1,22062.9,5,LAMP_FAILURE
SL-5106,0.4779,234.81,1.4,44.7,0,31795.4,0,SENSOR_FAILURE
SL-5107,0.0446,229.62,9.9,28.4,1,55800.6,2,LAMP_FAILURE
SL-5108,0.0481,19.15,5.5,34.0,2,32740.0,1,POWER_FAILURE
SL-5109,0.4058,227.29,745.7,33.8,0,12712.8,1,WORKING
SL-5110,0.373,229.09,690.6,35.0,0,48114.8,0,WORKING
SL-5111,0.3937,225.68,1113.2,43.0,2,40368.6,3,SENSOR_FAILURE
SL-5112,0.3854,236.37,1580.5,69.6,2,2254.2,2,SENSOR_FAILURE
SL-5113,0.4413,179.6,85.8,38.9,1,10909.4,2,VOLTAGE_ANOMALY
SL-5114,0.4592,228.6,6.5,22.2,2,4035.9,2,SENSOR_FAILURE
SL-5115,0.3881,223.42,900.9,41.5,0,48349.1,0,WORKING
SL-5116,0.3848,236.21,1265.4,18.8,0,21094.0,1,SENSOR_FAILURE
SL-5117,0.4669,230.42,1341.4,29.1,0,4638.5,2,SENSOR_FAILURE
SL-5118,0.4843,227.35,875.4,38.7,0,22389.6,1,WORKING
SL-5119,0.4488,233.81,1784.1,24.6,0,26621.4,3,SENSOR_FAILURE
SL-5120,0.0581,231.55,0.0,30.0,1,44760.2,2,LAMP_FAILURE
SL-5121,0.4848,229.71,656.7,28.4,0,49248.7,0,WORKING
SL-5122,0.4665,224.27,1704.6,33.9,2,28650.9,2,SENSOR_FAILURE
SL-5123,0.0,5.26,2.6,25.0,2,39467.5,4,POWER_FAILURE
SL-5124,0.4157,230.28,757.0,33.3,0,45418.9,2,WORKING
SL-5125,0.2996,290.55,263.6,44.2,0,17463.1,2,VOLTAGE_ANOMALY
SL-5126,0.0191,223.61,4.0,14.0,1,40753.4,3,LAMP_FAILURE
SL-5127,0.297,232.9,1926.5,32.1,1,37097.7,2,SENSOR_FAILURE
SL-5128,0.4067,230.06,947.8,31.2,0,38867.5,0,WORKING
SL-5129,0.6375,130.41,15.4,36.9,0,14994.7,2,VOLTAGE_ANOMALY
SL-5130,0.0,0.0,5.2,23.9,2,43569.4,3,POWER_FAILURE
SL-5131,0.3698,231.36,766.8,26.7,1,8335.8,1,WORKING
SL-5132,0.6549,113.1,290.2,32.9,1,20183.9,2,VOLTAGE_ANOMALY
SL-5133,0.472,178.69,93.0,30.8,0,43312.7,4,VOLTAGE_ANOMALY
SL-5134,0.4269,227.35,1815.3,55.4,1,10346.3,0,SENSOR_FAILURE
SL-5135,0.3588,229.14,0.0,37.6,0,1473.5,2,SENSOR_FAILURE
SL-5136,0.4399,229.9,876.4,31.8,1,12463.2,2,WORKING
SL-5137,0.038,3.75,0.0,25.7,2,3107.0,4,POWER_FAILURE
SL-5138,0.5856,151.73,222.4,26.4,2,22166.9,3,VOLTAGE_ANOMALY
SL-5139,0.4416,227.79,904.6,38.0,0,34226.4,1,WORKING
SL-5140,0.5299,220.58,1183.9,60.0,0,36436.8,3,SENSOR_FAILURE
SL-5141,0.4918,231.47,149.6,59.4,0,29991.0,0,SENSOR_FAILURE
SL-5142,0.0159,9.35,12.6,23.8,2,37777.4,2,POWER_FAILURE
SL-5143,0.4541,170.9,271.6,30.4,1,11424.9,1,VOLTAGE_ANOMALY
SL-5144,0.0137,229.14,0.0,27.2,1,57739.4,2,LAMP_FAILURE
SL-5145,0.023,0.0,1.2,27.1,1,36782.0,4,POWER_FAILURE
SL-5146,0.0508,229.82,0.5,21.0,2,50320.1,3,LAMP_FAILURE
SL-5147,0.4385,229.99,973.8,31.0,0,41820.0,1,WORKING
SL-5148,0.6525,133.24,179.3,33.7,0,29301.0,2,VOLTAGE_ANOMALY
SL-5149,0.0031,25.03,3.6,20.8,2,22463.5,3,POWER_FAILURE
SL-5150,0.4275,167.89,105.9,26.3,0,29143.3,0,VOLTAGE_ANOMALY
SL-5151,0.523,127.31,276.9,32.2,0,37388.5,0,VOLTAGE_ANOMALY
SL-5152,0.2926,230.26,1570.0,29.9,0,31874.1,2,SENSOR_FAILURE
SL-5153,0.0164,0.0,0.0,26.3,1,42267.9,2,POWER_FAILURE
SL-5154,0.4671,224.82,760.4,27.8,0,21816.2,1,WORKING
SL-5155,0.4128,226.54,657.4,28.3,0,27193.7,2,WORKING
SL-5156,0.4046,224.66,872.2,40.3,2,6429.9,2,SENSOR_FAILURE
SL-5157,0.4124,231.19,1254.3,38.0,2,11344.7,0,SENSOR_FAILURE
SL-5158,0.0,21.59,0.2,29.8,1,25760.4,3,POWER_FAILURE
SL-5159,0.4281,230.87,737.8,36.0,0,18344.0,2,WORKING
SL-5160,0.2324,278.74,627.5,53.7,2,38365.1,0,VOLTAGE_ANOMALY
SL-5161,0.0324,220.77,3.1,24.3,2,40936.1,4,LAMP_FAILURE
SL-5162,0.4406,238.75,14.3,69.5,2,49443.0,1,SENSOR_FAILURE
SL-5163,0.4755,229.92,807.2,41.7,0,32788.5,2,WORKING
SL-5164,0.309,261.1,419.6,45.1,0,4365.7,1,VOLTAGE_ANOMALY
SL-5165,0.0,0.0,4.4,32.8,2,6789.0,1,POWER_FAILURE
SL-5166,0.0468,12.26,6.4,22.9,1,3320.2,2,POWER_FAILURE
SL-5167,0.0108,1.68,0.0,27.0,2,1997.2,2,POWER_FAILURE
SL-5168,0.0058,220.42,0.0,34.6,2,49620.2,3,LAMP_FAILURE
SL-5169,0.0004,8.51,2.6,18.7,1,25654.2,3,POWER_FAILURE
SL-5170,0.458,229.5,676.0,33.5,0,29942.8,0,WORKING
SL-5171,0.3158,235.75,13.2,29.8,0,6494.9,1,SENSOR_FAILURE
SL-5172,0.4205,234.42,714.5,34.2,1,33407.6,0,WORKING
SL-5173,0.0398,12.75,0.0,17.2,1,3410.6,0,POWER_FAILURE
SL-5174,0.4336,229.02,671.0,31.9,0,26950.2,2,WORKING
SL-5175,0.0027,221.52,33.5,25.1,0,20377.4,5,LAMP_FAILURE
SL-5176,0.3919,229.74,236.9,29.7,0,2651.8,1,SENSOR_FAILURE
SL-5177,0.5386,153.9,266.8,37.2,0,10331.5,4,VOLTAGE_ANOMALY
SL-5178,0.3188,261.53,571.4,48.0,1,44740.9,4,VOLTAGE_ANOMALY
SL-5179,0.4614,222.13,29.2,32.2,2,31844.5,2,SENSOR_FAILURE
SL-5180,0.3632,230.29,600.6,43.5,1,21136.3,0,SENSOR_FAILURE
SL-5181,0.4699,232.76,982.5,34.0,0,20598.5,1,WORKING
SL-5182,0.0289,225.31,15.6,26.6,2,30131.2,4,LAMP_FAILURE
SL-5183,0.0066,0.0,12.4,24.7,1,17486.3,0,POWER_FAILURE
SL-5184,0.0,0.0,0.1,32.0,2,26504.5,0,POWER_FAILURE
SL-5185,0.8029,105.17,182.6,19.4,1,29468.9,1,VOLTAGE_ANOMALY
SL-5186,0.7412,104.95,37.4,18.9,1,46981.5,4,VOLTAGE_ANOMALY
SL-5187,0.025,0.0,5.4,23.6,2,38591.1,0,POWER_FAILURE
SL-5188,0.4059,236.5,837.5,77.1,0,3127.9,1,SENSOR_FAILURE
SL-5189,0.4409,229.0,710.5,35.2,1,47091.0,0,WORKING
SL-5190,0.4382,230.63,985.3,32.2,0,9282.8,1,WORKING
SL-5191,0.3763,226.06,1522.8,42.2,1,22064.5,3,SENSOR_FAILURE
SL-5192,0.2455,283.49,831.0,61.1,0,35402.5,1,VOLTAGE_ANOMALY
SL-5193,0.0,16.92,3.3,16.0,2,33981.3,0,POWER_FAILURE
SL-5194,0.0173,234.88,25.1,27.9,1,18425.5,3,LAMP_FAILURE
SL-5195,0.2342,298.61,375.0,52.0,0,41922.5,2,VOLTAGE_ANOMALY
SL-5196,0.447,237.96,1526.8,75.0,0,38468.1,0,SENSOR_FAILURE
SL-5197,0.0332,1.32,13.3,30.3,2,34825.7,1,POWER_FAILURE
SL-5198,0.4067,232.59,852.4,29.5,0,13568.7,1,WORKING
SL-5199,0.7378,120.59,204.6,43.9,0,18231.2,1,VOLTAGE_ANOMALY
SL-5200,0.5394,237.46,1189.0,36.8,0,18157.3,3,SENSOR_FAILURE
SL-5201,0.4395,225.04,0.0,34.5,0,33577.3,3,SENSOR_FAILURE
SL-5202,0.045,7.62,6.3,31.8,2,33280.0,4,POWER_FAILURE
SL-5203,0.759,101.83,264.6,22.6,0,12530.7,4,VOLTAGE_ANOMALY
SL-5204,0.3627,221.68,1458.4,26.8,1,4605.0,1,SENSOR_FAILURE
SL-5205,0.7287,106.57,265.9,34.6,0,11264.9,1,VOLTAGE_ANOMALY
SL-5206,0.0083,0.0,4.9,23.8,2,7371.9,0,POWER_FAILURE
SL-5207,0.4265,234.21,6.0,60.2,1,14557.7,1,SENSOR_FAILURE
SL-5208,0.0562,228.39,19.4,14.7,1,17002.8,2,LAMP_FAILURE
SL-5209,0.2662,273.84,357.7,56.3,2,21762.0,4,VOLTAGE_ANOMALY
SL-5210,0.0493,226.21,13.4,23.6,2,56932.0,1,LAMP_FAILURE
SL-5211,0.4832,234.05,1.6,37.5,1,3366.6,1,SENSOR_FAILURE
SL-5212,0.5254,160.47,173.8,32.8,0,48813.4,0,VOLTAGE_ANOMALY
SL-5213,0.4768,228.53,620.4,39.8,0,15601.8,2,SENSOR_FAILURE
SL-5214,0.4367,230.7,948.8,35.0,0,15874.1,2,WORKING
SL-5215,0.3556,232.17,951.7,34.7,0,41892.8,2,WORKING
SL-5216,0.275,271.63,642.0,61.7,1,11294.7,1,VOLTAGE_ANOMALY
SL-5217,0.3653,301.14,450.8,69.1,0,29626.3,0,VOLTAGE_ANOMALY
SL-5218,0.668,109.11,105.1,23.4,1,39046.2,3,VOLTAGE_ANOMALY
SL-5219,0.2081,289.49,819.0,48.6,0,17884.1,1,VOLTAGE_ANOMALY
SL-5220,0.0311,236.48,8.6,26.1,2,30324.8,1,LAMP_FAILURE
SL-5221,0.0427,234.75,8.2,17.1,1,47474.1,2,LAMP_FAILURE
SL-5222,0.4203,232.79,924.3,37.3,0,6481.3,1,WORKING
SL-5223,0.2145,295.63,791.7,52.6,1,5534.0,2,VOLTAGE_ANOMALY
SL-5224,0.0338,6.88,1.2,30.1,2,3814.9,0,POWER_FAILURE
SL-5225,0.0928,228.04,37.9,25.1,2,47013.9,5,LAMP_FAILURE
SL-5226,0.0092,15.17,2.3,27.4,2,48711.1,1,POWER_FAILURE
SL-5227,0.0163,8.71,9.7,21.7,1,28694.9,0,POWER_FAILURE
SL-5228,0.0175,0.0,3.8,26.7,1,36342.5,4,POWER_FAILURE
SL-5229,0.2704,276.02,273.1,54.3,2,44813.8,0,VOLTAGE_ANOMALY
SL-5230,0.1011,224.82,50.8,28.8,1,33827.7,5,LAMP_FAILURE
SL-5231,0.3909,221.75,788.3,42.4,0,15548.2,2,WORKING
SL-5232,0.0103,235.37,1.7,33.5,2,55360.4,4,LAMP_FAILURE
SL-5233,0.3944,229.69,1624.5,29.7,0,42983.0,2,SENSOR_FAILURE
SL-5234,0.0397,233.8,10.3,34.5,1,28931.0,4,LAMP_FAILURE
SL-5235,0.3547,229.7,630.4,28.0,1,46592.9,2,WORKING
SL-5236,0.3823,228.22,759.6,28.4,0,40344.9,2,WORKING
SL-5237,0.7456,107.72,181.8,30.5,0,25294.4,3,VOLTAGE_ANOMALY
SL-5238,0.042,3.47,8.7,27.0,1,7272.9,2,POWER_FAILURE
SL-5239,0.0018,0.35,6.4,26.0,1,27490.7,4,POWER_FAILURE
SL-5240,0.2359,281.89,648.6,73.1,1,35969.6,2,VOLTAGE_ANOMALY
SL-5241,0.4729,228.72,1306.4,19.5,0,49545.2,2,SENSOR_FAILURE
SL-5242,0.1787,235.03,49.2,31.0,1,26016.2,1,LAMP_FAILURE
SL-5243,0.391,227.4,940.8,35.2,0,40755.0,1,WORKING
SL-5244,0.3966,231.0,786.4,34.3,0,3531.1,0,WORKING
SL-5245,0.4302,231.77,628.4,37.9,1,18030.9,0,WORKING
SL-5246,0.0442,231.56,8.5,21.6,0,43738.9,2,LAMP_FAILURE
SL-5247,0.3869,221.89,729.2,39.6,0,25709.0,0,WORKING
SL-5248,0.4298,174.02,244.4,35.3,0,5186.4,3,VOLTAGE_ANOMALY
SL-5249,0.4163,230.19,663.4,37.0,0,20559.4,1,WORKING
SL-5250,0.4903,233.11,731.5,45.3,0,27457.9,2,WORKING
SL-5251,0.0072,0.0,0.0,26.2,2,26443.4,3,POWER_FAILURE
SL-5252,0.2442,305.95,801.0,40.8,1,39084.9,2,VOLTAGE_ANOMALY
SL-5253,0.3813,232.94,665.2,35.6,0,26475.7,2,WORKING
SL-5254,0.0128,0.0,2.8,25.7,1,30234.3,3,POWER_FAILURE
SL-5255,0.4527,228.59,24.9,30.4,1,29853.7,0,SENSOR_FAILURE
SL-5256,0.4642,224.25,1177.0,11.1,0,42924.0,2,SENSOR_FAILURE
SL-5257,0.0119,219.76,34.4,36.9,1,13832.1,2,LAMP_FAILURE
SL-5258,0.32,227.9,0.5,46.4,2,35516.7,1,SENSOR_FAILURE
SL-5259,0.497,226.35,799.9,37.0,1,41757.9,0,WORKING
SL-5260,0.5495,161.85,257.1,35.0,1,23616.0,1,VOLTAGE_ANOMALY
SL-5261,0.1366,229.71,66.0,27.0,2,23402.2,3,LAMP_FAILURE
SL-5262,0.4311,230.87,678.2,34.7,0,35799.6,2,WORKING
SL-5263,0.3873,213.73,1230.6,38.5,1,9917.6,1,SENSOR_FAILURE
SL-5264,0.3431,305.35,795.1,58.0,1,46433.2,2,VOLTAGE_ANOMALY
SL-5265,0.0526,222.43,0.0,31.1,2,19067.8,4,LAMP_FAILURE
SL-5266,0.0015,226.97,0.0,33.7,1,56991.5,1,LAMP_FAILURE
SL-5267,0.3396,226.48,147.0,27.5,0,3477.0,0,SENSOR_FAILURE
SL-5268,0.3636,231.22,1.8,49.9,1,45559.4,2,SENSOR_FAILURE
SL-5269,0.0072,0.0,8.3,23.8,1,5993.7,1,POWER_FAILURE
SL-5270,0.3079,295.34,349.5,57.2,0,22049.8,0,VOLTAGE_ANOMALY
SL-5271,0.0262,228.66,2.5,24.2,1,45281.3,4,LAMP_FAILURE
SL-5272,0.4535,219.74,10.1,49.3,0,17093.2,0,SENSOR_FAILURE
SL-5273,0.4435,167.22,182.3,28.2,0,27936.1,3,VOLTAGE_ANOMALY
SL-5274,0.0446,238.61,52.7,36.8,1,14625.8,1,LAMP_FAILURE
SL-5275,0.0526,225.84,16.7,32.8,0,30054.7,5,LAMP_FAILURE
SL-5276,0.0099,0.08,9.7,18.3,2,5246.3,4,POWER_FAILURE
SL-5277,0.4834,233.98,816.1,38.8,0,1701.2,0,WORKING
SL-5278,0.4759,231.65,868.9,37.3,0,22998.6,0,WORKING
SL-5279,0.0303,6.18,2.2,32.3,2,13553.6,1,POWER_FAILURE
SL-5280,0.0065,2.58,6.1,35.4,1,4131.7,3,POWER_FAILURE
SL-5281,0.0038,0.0,10.2,26.6,1,36320.1,0,POWER_FAILURE
SL-5282,0.7637,119.92,166.4,25.5,1,28021.9,1,VOLTAGE_ANOMALY
SL-5283,0.2807,305.91,902.9,59.6,2,47334.5,2,VOLTAGE_ANOMALY
SL-5284,0.39,240.35,0.1,27.7,1,26571.9,2,SENSOR_FAILURE
SL-5285,0.0325,229.16,11.7,28.3,1,20867.2,4,LAMP_FAILURE
SL-5286,0.0527,220.2,0.0,21.9,1,39124.0,1,LAMP_FAILURE
SL-5287,0.4791,227.92,695.2,32.6,0,35452.9,1,WORKING
SL-5288,0.0566,231.3,24.3,16.8,2,13533.2,3,LAMP_FAILURE
SL-5289,0.0547,233.08,0.0,29.0,1,26585.1,3,LAMP_FAILURE
SL-5290,0.3629,221.7,1911.5,12.3,0,2221.2,1,SENSOR_FAILURE
SL-5291,0.4677,230.65,865.7,36.6,1,14449.3,2,WORKING
SL-5292,0.0296,8.18,2.1,27.0,2,20345.0,1,POWER_FAILURE
SL-5293,0.4592,229.53,885.5,32.8,0,11121.3,1,WORKING
SL-5294,0.7065,112.39,12.9,35.4,0,25578.5,1,VOLTAGE_ANOMALY
SL-5295,0.0,12.43,0.4,16.4,2,4797.8,3,POWER_FAILURE
SL-5296,0.5328,234.3,1627.1,56.7,0,15988.7,2,SENSOR_FAILURE
SL-5297,0.3805,240.65,0.0,19.6,2,8285.1,3,SENSOR_FAILURE
SL-5298,0.3628,227.2,1573.4,27.0,0,19733.1,0,SENSOR_FAILURE
SL-5299,0.0152,224.14,19.2,28.5,1,21768.3,3,LAMP_FAILURE
SL-5300,0.3683,229.48,27.6,35.3,2,45949.3,2,SENSOR_FAILURE
SL-5301,0.466,225.3,1661.1,47.1,2,25798.9,0,SENSOR_FAILURE
SL-5302,0.5455,124.0,219.4,29.5,1,10143.6,2,VOLTAGE_ANOMALY
SL-5303,0.43,227.79,0.8,15.5,2,28100.1,0,SENSOR_FAILURE
SL-5304,0.0,10.94,0.6,23.7,2,7422.8,4,POWER_FAILURE
SL-5305,0.0596,235.62,5.0,37.4,1,56443.6,2,LAMP_FAILURE
SL-5306,0.7136,109.27,67.9,39.7,1,19978.2,1,VOLTAGE_ANOMALY
SL-5307,0.0,13.17,4.6,26.8,2,16083.8,4,POWER_FAILURE
SL-5308,0.5824,141.73,131.6,34.2,0,19047.7,0,VOLTAGE_ANOMALY
SL-5309,0.0519,220.91,0.8,35.0,1,20233.1,2,LAMP_FAILURE
SL-5310,0.0143,231.24,11.8,19.5,1,40585.9,4,LAMP_FAILURE
SL-5311,0.4398,232.48,781.3,30.4,0,37555.3,2,WORKING
SL-5312,0.0273,223.62,8.7,27.5,1,32484.5,1,LAMP_FAILURE
SL-5313,0.0002,3.81,0.0,20.2,2,24305.5,0,POWER_FAILURE
SL-5314,0.3626,235.66,802.0,30.6,0,12904.6,1,WORKING
SL-5315,0.3903,237.24,32.8,37.5,0,8120.5,2,SENSOR_FAILURE
SL-5316,0.3944,232.06,28.0,38.1,1,36669.8,2,SENSOR_FAILURE
SL-5317,0.4296,230.49,733.8,34.6,0,1780.2,1,WORKING
SL-5318,0.0244,7.7,11.6,29.5,2,14218.4,1,POWER_FAILURE
SL-5319,0.4168,230.31,16.0,35.3,2,9754.6,3,SENSOR_FAILURE
SL-5320,0.4819,227.57,730.0,33.3,0,5518.1,2,WORKING
SL-5321,0.373,227.91,881.7,33.4,0,876.9,2,WORKING
SL-5322,0.4737,234.73,927.7,37.9,0,26344.2,1,WORKING
SL-5323,0.3943,239.26,790.7,32.6,2,12425.9,2,SENSOR_FAILURE
SL-5324,0.4967,145.42,109.0,31.4,1,8893.8,1,VOLTAGE_ANOMALY
SL-5325,0.4093,232.13,650.8,33.1,0,38944.5,1,WORKING
SL-5326,0.3583,230.19,675.4,28.5,0,15449.5,0,WORKING
SL-5327,0.3399,294.59,351.9,59.3,0,39666.6,4,VOLTAGE_ANOMALY
SL-5328,0.0148,8.74,0.0,26.4,1,32230.4,0,POWER_FAILURE
SL-5329,0.0282,221.9,14.7,36.1,1,30336.7,1,LAMP_FAILURE
SL-5330,0.3008,226.11,8.6,30.3,0,39032.0,2,SENSOR_FAILURE
SL-5331,0.3706,224.57,659.9,36.8,0,39737.0,2,WORKING
SL-5332,0.4291,143.83,173.2,32.7,0,35836.9,1,VOLTAGE_ANOMALY
SL-5333,0.371,233.41,996.7,44.6,0,47529.4,2,WORKING
SL-5334,0.0151,9.36,0.0,17.0,2,10001.4,0,POWER_FAILURE
SL-5335,0.0106,4.52,1.2,25.1,2,12137.2,1,POWER_FAILURE
SL-5336,0.3278,285.68,216.7,70.1,0,36271.0,2,VOLTAGE_ANOMALY
SL-5337,0.0056,228.94,0.0,23.1,1,19275.0,3,LAMP_FAILURE
SL-5338,0.4641,233.34,772.6,36.2,0,15828.8,2,WORKING
SL-5339,0.2664,228.95,355.8,26.2,1,32681.1,3,SENSOR_FAILURE
SL-5340,0.3656,278.04,346.7,54.1,1,20826.9,2,VOLTAGE_ANOMALY
SL-5341,0.2209,276.46,211.2,53.4,1,43621.1,1,VOLTAGE_ANOMALY
SL-5342,0.4055,225.42,21.9,41.2,2,18338.1,2,SENSOR_FAILURE
SL-5343,0.3741,220.18,2.2,28.4,2,12991.4,1,SENSOR_FAILURE
SL-5344,0.1716,221.62,47.1,25.7,1,26981.4,3,LAMP_FAILURE
SL-5345,0.2838,268.13,252.4,64.1,1,24396.1,1,VOLTAGE_ANOMALY
SL-5346,0.0099,2.72,9.8,25.0,1,32417.1,0,POWER_FAILURE
SL-5347,0.5117,237.51,30.7,39.7,2,11101.4,3,SENSOR_FAILURE
SL-5348,0.4029,231.15,1176.0,45.4,1,27482.7,3,SENSOR_FAILURE
SL-5349,0.3122,264.83,537.3,48.7,0,49002.5,2,VOLTAGE_ANOMALY
SL-5350,0.3115,303.28,266.9,31.5,2,39670.3,2,VOLTAGE_ANOMALY
SL-5351,0.3632,231.22,738.6,37.5,0,41357.1,0,WORKING
SL-5352,0.228,302.83,474.9,53.4,0,11008.2,2,VOLTAGE_ANOMALY
SL-5353,0.8098,103.26,160.2,22.7,2,21720.8,4,VOLTAGE_ANOMALY
SL-5354,0.0016,12.89,0.0,25.8,2,36738.8,3,POWER_FAILURE
SL-5355,0.0,2.49,4.7,36.7,2,40441.8,3,POWER_FAILURE
SL-5356,0.4302,234.64,1.0,42.9,0,12424.3,1,SENSOR_FAILURE
SL-5357,0.199,276.84,487.3,40.4,2,1342.3,0,VOLTAGE_ANOMALY
SL-5358,0.0378,224.97,12.3,30.1,1,25149.7,5,LAMP_FAILURE
SL-5359,0.374,213.26,1572.6,30.9,2,47798.7,3,SENSOR_FAILURE
SL-5360,0.2489,302.53,632.7,34.7,1,22581.7,0,VOLTAGE_ANOMALY
SL-5361,0.3659,172.43,311.9,38.1,0,1729.0,4,VOLTAGE_ANOMALY
SL-5362,0.005,243.54,7.5,20.8,1,53316.6,4,LAMP_FAILURE
SL-5363,0.2994,279.63,729.5,37.7,1,11645.5,1,VOLTAGE_ANOMALY
SL-5364,0.0036,237.46,6.0,31.9,1,31648.9,5,LAMP_FAILURE
SL-5365,0.3555,232.25,888.9,39.8,0,25794.5,1,WORKING
SL-5366,0.0467,224.96,11.7,30.6,1,29845.2,3,LAMP_FAILURE
SL-5367,0.1333,228.78,30.4,25.2,2,44599.2,5,LAMP_FAILURE
SL-5368,0.4624,228.93,0.0,49.3,0,35694.0,0,SENSOR_FAILURE
SL-5369,0.0,0.0,2.1,24.0,2,33480.1,4,POWER_FAILURE
SL-5370,0.5026,223.67,18.5,41.4,2,46308.6,3,SENSOR_FAILURE
SL-5371,0.4024,168.27,277.3,37.7,0,14133.8,4,VOLTAGE_ANOMALY
SL-5372,0.0351,231.38,0.1,34.1,1,44316.4,3,LAMP_FAILURE
SL-5373,0.4169,227.05,26.6,30.2,0,5702.1,0,SENSOR_FAILURE
SL-5374,0.009,12.35,4.9,30.7,2,37375.4,2,POWER_FAILURE
SL-5375,0.0,0.0,7.2,19.6,2,47090.5,0,POWER_FAILURE
SL-5376,0.4691,230.69,1173.1,46.9,1,10845.9,1,SENSOR_FAILURE
SL-5377,0.0107,3.94,1.7,29.4,2,32865.7,3,POWER_FAILURE
SL-5378,0.4142,229.82,655.0,42.5,0,15757.1,1,WORKING
SL-5379,0.0364,234.63,19.1,28.0,1,38874.5,2,LAMP_FAILURE
SL-5380,0.0253,8.47,0.8,27.8,1,48468.8,0,POWER_FAILURE
SL-5381,0.3793,233.51,609.3,39.8,0,6771.6,1,WORKING
SL-5382,0.0297,227.17,0.5,38.8,1,16410.4,1,LAMP_FAILURE
SL-5383,0.0066,237.93,4.5,28.9,1,26131.8,2,LAMP_FAILURE
SL-5384,0.39,225.63,12.0,40.6,0,35585.1,2,SENSOR_FAILURE
SL-5385,0.3318,263.96,480.5,57.1,1,38223.1,4,VOLTAGE_ANOMALY
SL-5386,0.2567,286.48,229.3,55.2,0,26577.8,0,VOLTAGE_ANOMALY
SL-5387,0.48,237.34,0.0,27.4,2,9399.9,0,SENSOR_FAILURE
SL-5388,0.0,7.32,0.0,29.4,1,5130.2,0,POWER_FAILURE
SL-5389,0.3707,226.29,1103.0,31.2,1,30525.5,2,SENSOR_FAILURE
SL-5390,0.0012,227.51,22.6,20.6,1,41385.7,2,LAMP_FAILURE
SL-5391,0.398,172.09,209.7,29.0,0,35515.7,0,VOLTAGE_ANOMALY
SL-5392,0.5864,124.69,146.2,32.7,2,3394.8,3,VOLTAGE_ANOMALY
SL-5393,0.4619,235.82,922.1,36.0,0,12239.1,0,WORKING
SL-5394,0.0085,229.36,3.4,28.7,2,24202.8,1,LAMP_FAILURE
SL-5395,0.3473,221.76,2.3,44.8,1,39630.8,3,SENSOR_FAILURE
SL-5396,0.6033,116.99,75.5,24.1,1,2590.9,2,VOLTAGE_ANOMALY
SL-5397,0.0381,238.34,2.8,39.9,1,16436.5,5,LAMP_FAILURE
SL-5398,0.0089,227.3,23.7,18.9,1,20747.3,4,LAMP_FAILURE
SL-5399,0.2677,284.27,831.4,66.0,0,24848.9,1,VOLTAGE_ANOMALY
SL-5400,0.2289,309.44,751.4,53.1,1,736.2,0,VOLTAGE_ANOMALY
SL-5401,0.4464,221.06,0.0,71.9,1,8738.2,2,SENSOR_FAILURE
SL-5402,0.4676,230.3,773.1,33.4,0,36492.6,2,WORKING
SL-5403,0.0118,226.9,7.9,40.4,2,19429.0,5,LAMP_FAILURE
SL-5404,0.2485,309.13,290.0,67.6,1,47548.1,4,VOLTAGE_ANOMALY
SL-5405,0.3647,230.96,11.3,84.6,0,38872.2,0,SENSOR_FAILURE
SL-5406,0.5051,221.84,816.2,53.7,1,5752.4,1,SENSOR_FAILURE
SL-5407,0.478,233.05,982.4,27.5,1,28090.6,2,WORKING
SL-5408,0.0,0.0,1.4,25.9,1,45977.5,1,POWER_FAILURE
SL-5409,0.0211,12.91,0.7,30.3,0,13384.4,1,POWER_FAILURE
SL-5410,0.2641,298.68,399.7,57.9,1,21740.9,1,VOLTAGE_ANOMALY
SL-5411,0.3985,229.03,979.3,41.9,0,31680.4,1,SENSOR_FAILURE
SL-5412,0.4173,230.06,635.1,37.6,0,11660.6,2,WORKING
SL-5413,0.0555,228.9,31.2,19.3,1,48525.1,4,LAMP_FAILURE
SL-5414,0.4328,231.74,995.2,39.9,0,31937.1,0,WORKING
SL-5415,0.3981,230.55,769.6,36.0,0,24438.4,0,WORKING
SL-5416,0.599,141.52,79.2,31.6,1,25796.1,4,VOLTAGE_ANOMALY
SL-5417,0.6638,129.19,152.0,39.1,1,25470.4,1,VOLTAGE_ANOMALY
SL-5418,0.3492,226.0,7.7,37.3,1,37739.7,1,SENSOR_FAILURE
SL-5419,0.0181,229.27,13.4,30.4,1,56628.3,5,LAMP_FAILURE
SL-5420,0.4502,226.22,1015.0,33.4,2,49602.1,3,SENSOR_FAILURE
SL-5421,0.0112,1.82,3.2,21.9,1,35735.5,0,POWER_FAILURE
SL-5422,0.4772,228.25,623.6,45.4,0,23663.4,2,WORKING
SL-5423,0.018,0.22,5.9,21.3,1,36210.2,3,POWER_FAILURE
SL-5424,0.0,0.61,0.0,20.0,2,33177.1,2,POWER_FAILURE
SL-5425,0.0,2.39,0.0,30.1,1,36674.1,2,POWER_FAILURE
SL-5426,0.4347,233.54,665.6,29.3,0,39181.7,1,WORKING
SL-5427,0.6409,120.09,275.3,26.8,0,26396.6,2,VOLTAGE_ANOMALY
SL-5428,0.55,144.33,238.4,35.9,0,27035.3,0,VOLTAGE_ANOMALY
SL-5429,0.4777,227.57,672.5,35.0,1,2835.1,2,WORKING
SL-5430,0.3511,232.34,668.4,29.3,0,17661.4,0,WORKING
SL-5431,0.1125,227.52,26.0,28.1,1,11268.2,1,LAMP_FAILURE
SL-5432,0.4662,224.24,1950.0,46.0,2,42385.5,1,SENSOR_FAILURE
SL-5433,0.3544,233.36,782.8,37.4,0,49309.5,0,WORKING
SL-5434,0.3861,234.84,786.7,28.2,0,45686.6,2,WORKING
SL-5435,0.3264,231.49,1344.1,40.4,0,995.2,0,SENSOR_FAILURE
SL-5436,0.5573,224.33,1339.2,68.0,1,36143.3,1,SENSOR_FAILURE
SL-5437,0.1799,217.18,68.9,34.0,1,20147.3,1,LAMP_FAILURE
SL-5438,0.0074,0.04,0.0,24.6,1,31101.2,2,POWER_FAILURE
SL-5439,0.3952,235.62,0.0,45.8,0,1877.2,3,SENSOR_FAILURE
SL-5440,0.4887,227.92,784.7,25.5,1,31562.8,1,WORKING
SL-5441,0.0,0.0,0.0,21.1,1,8877.1,1,POWER_FAILURE
SL-5442,0.4894,234.23,768.6,34.5,0,889.3,1,WORKING
SL-5443,0.4623,229.61,17.8,37.5,0,2079.0,2,SENSOR_FAILURE
SL-5444,0.4382,227.56,881.1,26.8,0,48449.6,2,WORKING
SL-5445,0.4409,236.19,987.4,28.8,0,3806.8,2,WORKING
SL-5446,0.0129,21.52,5.8,22.9,0,42599.0,4,POWER_FAILURE
SL-5447,0.3774,231.14,957.8,33.0,0,37254.8,1,WORKING
SL-5448,0.1463,229.24,20.2,35.3,2,14937.6,3,LAMP_FAILURE
SL-5449,0.363,226.82,3.4,37.9,0,37039.1,1,SENSOR_FAILURE
SL-5450,0.3543,228.12,19.5,39.6,2,27086.1,3,SENSOR_FAILURE
SL-5451,0.0375,224.82,17.8,27.8,1,5250.1,5,LAMP_FAILURE
SL-5452,0.0,6.06,0.4,32.6,2,3487.9,1,POWER_FAILURE
SL-5453,0.0113,1.72,7.7,25.5,2,31003.3,1,POWER_FAILURE
SL-5454,0.5276,142.79,122.0,35.9,1,27693.1,3,VOLTAGE_ANOMALY
SL-5455,0.0028,0.0,10.8,15.1,1,23359.6,1,POWER_FAILURE
SL-5456,0.1696,232.05,67.7,28.2,1,22509.3,4,LAMP_FAILURE
SL-5457,0.4166,228.65,778.7,37.1,0,48836.2,1,WORKING
SL-5458,0.0,0.0,0.0,26.1,1,25599.9,1,POWER_FAILURE
SL-5459,0.0148,236.47,0.1,26.7,1,48965.3,4,LAMP_FAILURE
SL-5460,0.3743,229.16,641.6,32.9,0,11111.0,1,WORKING
SL-5461,0.0532,227.48,16.4,39.6,1,38933.8,5,LAMP_FAILURE
SL-5462,0.428,214.89,1981.1,62.6,2,37279.4,3,SENSOR_FAILURE
SL-5463,0.3466,260.17,359.0,55.2,1,36225.8,1,VOLTAGE_ANOMALY
SL-5464,0.4992,237.11,0.0,16.6,2,25699.6,1,SENSOR_FAILURE
SL-5465,0.0204,229.75,0.0,24.9,1,53077.6,4,LAMP_FAILURE
SL-5466,0.0457,1.27,1.1,19.6,1,38951.2,3,POWER_FAILURE
SL-5467,0.2461,304.57,559.0,57.5,1,24148.1,0,VOLTAGE_ANOMALY
SL-5468,0.2722,281.88,214.2,55.2,0,24180.0,2,VOLTAGE_ANOMALY
SL-5469,0.3717,229.51,1034.0,35.1,0,39619.7,0,SENSOR_FAILURE
SL-5470,0.4336,234.37,1493.6,41.3,0,37177.0,3,SENSOR_FAILURE
SL-5471,0.3244,233.78,16.7,21.6,2,22659.1,2,SENSOR_FAILURE
SL-5472,0.4801,231.67,733.8,38.2,0,49374.9,2,WORKING
SL-5473,0.0418,228.67,0.0,32.4,1,52147.9,3,LAMP_FAILURE
SL-5474,0.009,230.31,6.3,27.7,1,27511.7,4,LAMP_FAILURE
SL-5475,0.0,3.84,0.0,22.4,1,39340.7,2,POWER_FAILURE
SL-5476,0.4262,230.26,842.9,30.4,0,39711.8,0,WORKING
SL-5477,0.4094,232.23,1086.3,44.0,1,39215.4,1,SENSOR_FAILURE
SL-5478,0.3784,228.03,625.1,33.4,0,37562.2,0,WORKING
SL-5479,0.3702,227.99,894.1,30.5,0,16711.5,3,SENSOR_FAILURE
SL-5480,0.3906,227.17,696.4,36.8,1,41499.7,1,WORKING
SL-5481,0.016,225.4,0.5,34.5,0,43397.2,4,LAMP_FAILURE
SL-5482,0.0275,5.69,12.7,24.2,1,49763.1,2,POWER_FAILURE
SL-5483,0.3831,219.74,973.1,52.5,2,26505.3,1,SENSOR_FAILURE
SL-5484,0.0594,231.44,0.0,38.3,2,49442.1,4,LAMP_FAILURE
SL-5485,0.4087,225.36,703.9,33.9,0,36752.2,2,WORKING
SL-5486,0.4217,224.21,782.0,55.7,0,44157.0,1,SENSOR_FAILURE
SL-5487,0.0,4.7,1.4,32.9,1,22770.7,2,POWER_FAILURE
SL-5488,0.0258,0.74,8.3,27.3,1,13168.8,2,POWER_FAILURE
SL-5489,0.0265,230.39,8.4,26.9,1,32681.9,3,LAMP_FAILURE
SL-5490,0.0574,222.65,21.9,33.5,2,28856.3,2,LAMP_FAILURE
SL-5491,0.0044,0.0,0.0,31.8,1,48185.3,4,POWER_FAILURE
SL-5492,0.3192,305.53,339.6,58.5,2,44308.5,0,VOLTAGE_ANOMALY
SL-5493,0.4731,224.43,614.2,38.8,0,21453.6,0,WORKING
SL-5494,0.3913,234.83,955.2,37.4,0,47226.5,3,SENSOR_FAILURE
SL-5495,0.4909,217.78,1005.8,58.4,0,39117.1,0,SENSOR_FAILURE
SL-5496,0.387,229.88,635.9,34.4,0,23732.5,1,WORKING
SL-5497,0.3405,230.97,1377.6,20.6,0,2001.3,1,SENSOR_FAILURE
SL-5498,0.3688,228.63,5.4,37.2,2,9432.0,2,SENSOR_FAILURE
SL-5499,0.015,8.63,2.0,19.5,2,30564.8,0,POWER_FAILURE
SL-5500,0.4046,231.4,836.0,41.7,0,42584.1,0,WORKING
SL-5501,0.5045,224.0,0.1,36.6,2,17623.1,1,SENSOR_FAILURE
SL-5502,0.4025,228.49,266.6,30.2,0,36773.8,0,SENSOR_FAILURE
SL-5503,0.0,0.0,3.3,23.1,1,44012.4,2,POWER_FAILURE
SL-5504,0.1748,298.19,435.0,35.2,0,29042.0,3,VOLTAGE_ANOMALY
SL-5505,0.423,233.13,782.9,40.5,1,45921.9,1,WORKING
SL-5506,0.0191,13.15,3.6,28.7,2,27748.6,3,POWER_FAILURE
SL-5507,0.0,9.96,9.6,20.9,1,26604.0,3,POWER_FAILURE
SL-5508,0.2684,266.93,723.7,43.3,0,32996.6,1,VOLTAGE_ANOMALY
SL-5509,0.27,262.47,728.8,71.2,1,46548.2,0,VOLTAGE_ANOMALY
SL-5510,0.4681,233.08,933.3,38.6,0,47217.3,2,WORKING
SL-5511,0.4666,228.41,6.3,20.8,0,9342.5,0,SENSOR_FAILURE
SL-5512,0.0541,220.4,18.7,27.4,2,47473.9,3,LAMP_FAILURE
SL-5513,0.3309,309.34,522.4,65.6,0,41848.5,2,VOLTAGE_ANOMALY
SL-5514,0.0,0.0,0.0,32.1,1,38951.1,1,POWER_FAILURE
SL-5515,0.4837,233.32,198.9,37.4,1,6041.7,0,SENSOR_FAILURE
SL-5516,0.3926,230.2,634.2,43.4,0,46735.0,1,WORKING
SL-5517,0.4637,229.43,626.6,37.7,0,25285.7,1,WORKING
SL-5518,0.4448,233.87,943.3,31.3,0,41345.1,2,WORKING
SL-5519,0.3883,231.83,1270.1,68.2,1,14885.0,2,SENSOR_FAILURE
SL-5520,0.0901,230.22,30.4,23.3,1,45970.1,3,LAMP_FAILURE
SL-5521,0.0012,223.25,11.7,28.9,1,46931.3,2,LAMP_FAILURE
SL-5522,0.3261,231.59,1793.3,45.0,1,19128.2,1,SENSOR_FAILURE
SL-5523,0.042,225.07,0.0,37.1,1,43036.2,3,LAMP_FAILURE
SL-5524,0.5932,122.64,108.2,20.1,2,47458.7,4,VOLTAGE_ANOMALY
SL-5525,0.455,230.21,648.7,30.6,0,48096.3,2,WORKING
SL-5526,0.0305,221.89,15.5,26.9,2,47007.9,1,LAMP_FAILURE
SL-5527,0.0153,11.87,2.0,18.9,1,35177.4,3,POWER_FAILURE
SL-5528,0.022,231.18,0.8,43.3,1,55715.5,4,LAMP_FAILURE
SL-5529,0.0406,3.72,1.2,26.8,2,23682.0,2,POWER_FAILURE
SL-5530,0.0,2.22,0.0,24.5,2,14337.1,2,POWER_FAILURE
SL-5531,0.4033,222.04,266.4,26.5,1,45757.8,3,SENSOR_FAILURE
SL-5532,0.489,230.22,919.7,33.8,0,39302.7,2,WORKING
SL-5533,0.0382,1.72,0.0,23.4,1,16305.6,2,POWER_FAILURE
SL-5534,0.4052,228.01,873.6,45.6,0,11423.9,0,WORKING
SL-5535,0.0236,218.53,20.3,23.9,2,5574.9,2,LAMP_FAILURE
SL-5536,0.0568,223.42,7.4,30.0,2,58330.7,5,LAMP_FAILURE
SL-5537,0.0576,224.48,18.9,26.1,0,48650.6,1,LAMP_FAILURE
SL-5538,0.0,17.43,0.0,22.8,2,2149.1,3,POWER_FAILURE
SL-5539,0.4921,224.67,890.4,42.4,0,20937.2,1,WORKING
SL-5540,0.0175,6.41,3.5,23.5,2,9489.4,2,POWER_FAILURE
SL-5541,0.0081,230.22,21.1,24.9,2,6713.1,4,LAMP_FAILURE
SL-5542,0.4152,224.68,602.8,45.5,0,18339.4,0,WORKING
SL-5543,0.0128,228.15,15.6,36.3,1,56623.7,3,LAMP_FAILURE
SL-5544,0.0524,228.09,13.0,25.3,1,51256.5,2,LAMP_FAILURE
SL-5545,0.021,227.89,20.9,34.0,2,28516.7,3,LAMP_FAILURE
SL-5546,0.4479,226.06,6.6,39.0,1,30031.3,0,SENSOR_FAILURE
SL-5547,0.4547,231.62,913.1,35.9,0,11624.5,0,WORKING
SL-5548,0.0203,0.0,2.8,17.5,1,2275.4,1,POWER_FAILURE
SL-5549,0.3855,229.21,836.2,35.4,1,42336.8,2,WORKING
SL-5550,0.0032,225.96,19.6,24.4,1,29939.8,4,LAMP_FAILURE
SL-5551,0.0,0.68,1.9,25.8,1,34091.4,0,POWER_FAILURE
SL-5552,0.3608,230.02,842.5,33.6,1,3304.2,0,WORKING
SL-5553,0.2714,272.49,835.5,70.8,2,14390.8,0,VOLTAGE_ANOMALY
SL-5554,0.4027,241.22,0.0,62.7,0,30979.6,0,SENSOR_FAILURE
SL-5555,0.0042,0.0,5.6,26.5,1,14544.1,0,POWER_FAILURE
SL-5556,0.4981,174.54,99.4,31.5,0,31007.9,1,VOLTAGE_ANOMALY
SL-5557,0.3428,215.52,1413.6,34.6,0,735.4,1,SENSOR_FAILURE
SL-5558,0.0468,230.05,0.0,24.2,1,33708.7,5,LAMP_FAILURE
SL-5559,0.4093,232.29,888.3,35.7,0,8994.1,1,WORKING
SL-5560,0.39,234.63,504.5,36.1,1,18422.9,3,SENSOR_FAILURE
SL-5561,0.4392,231.84,810.2,30.1,0,43045.1,1,WORKING
SL-5562,0.3709,228.59,702.3,26.3,0,19106.4,0,WORKING
SL-5563,0.0,8.42,0.0,31.9,0,39295.0,1,POWER_FAILURE
SL-5564,0.2955,264.67,345.2,55.4,0,38194.7,2,VOLTAGE_ANOMALY
SL-5565,0.6597,124.37,190.2,32.6,1,18166.5,0,VOLTAGE_ANOMALY
SL-5566,0.3768,231.32,670.8,38.9,0,19495.5,2,WORKING
SL-5567,0.3593,230.49,873.9,32.7,1,25438.2,1,WORKING
SL-5568,0.4014,226.81,1922.8,22.2,1,15024.5,2,SENSOR_FAILURE
SL-5569,0.0087,0.0,7.3,26.4,1,38649.6,3,POWER_FAILURE
SL-5570,0.4885,228.96,770.7,36.0,0,5918.1,2,WORKING
SL-5571,0.3841,229.78,648.3,28.5,0,40331.0,0,WORKING
SL-5572,0.0,0.0,0.0,24.0,1,1476.1,0,POWER_FAILURE
SL-5573,0.0144,237.86,5.1,20.9,1,19853.3,1,LAMP_FAILURE
SL-5574,0.463,237.15,932.2,68.5,0,2759.9,3,SENSOR_FAILURE
SL-5575,0.4055,229.13,942.9,38.2,0,18293.9,0,WORKING
SL-5576,0.3642,239.53,0.0,77.2,2,31592.4,0,SENSOR_FAILURE
SL-5577,0.0458,229.86,20.1,20.3,1,38563.0,4,LAMP_FAILURE
SL-5578,0.7226,115.79,283.9,31.6,2,29412.5,3,VOLTAGE_ANOMALY
SL-5579,0.4016,230.08,0.0,43.4,2,43594.0,2,SENSOR_FAILURE
SL-5580,0.0,9.52,0.0,30.4,2,15333.1,4,POWER_FAILURE
SL-5581,0.4497,228.0,1649.9,34.8,0,1037.5,0,SENSOR_FAILURE
SL-5582,0.1188,226.44,28.2,17.7,2,5519.9,4,LAMP_FAILURE
SL-5583,0.2694,291.67,389.7,57.4,1,47434.5,0,VOLTAGE_ANOMALY
SL-5584,0.4811,224.42,708.4,43.4,0,24918.6,2,WORKING
SL-5585,0.3056,223.04,1079.2,65.0,1,34635.3,2,SENSOR_FAILURE
SL-5586,0.5163,228.29,7.1,21.1,0,33496.7,0,SENSOR_FAILURE
SL-5587,0.0107,225.32,11.6,20.0,1,13685.4,5,LAMP_FAILURE
SL-5588,0.0,0.91,0.3,32.3,2,29677.7,1,POWER_FAILURE
SL-5589,0.0045,233.45,13.8,23.1,2,50617.1,5,LAMP_FAILURE
SL-5590,0.1564,297.36,700.6,66.2,0,46967.6,2,VOLTAGE_ANOMALY
SL-5591,0.4348,230.6,653.3,38.8,0,3442.4,0,WORKING
SL-5592,0.3624,281.87,701.4,63.3,1,1189.2,0,VOLTAGE_ANOMALY
SL-5593,0.5339,233.06,1884.8,21.7,2,47531.9,2,SENSOR_FAILURE
SL-5594,0.5704,135.58,223.0,39.9,1,25940.3,0,VOLTAGE_ANOMALY
SL-5595,0.0,0.0,0.8,23.2,2,4543.0,2,POWER_FAILURE
SL-5596,0.0306,4.16,10.3,22.9,1,26956.8,1,POWER_FAILURE
SL-5597,0.2218,305.34,598.0,49.5,2,13633.1,2,VOLTAGE_ANOMALY
SL-5598,0.4012,233.56,723.7,35.2,0,43166.8,2,WORKING
SL-5599,0.4252,226.73,1598.4,21.0,2,39267.3,2,SENSOR_FAILURE
SL-5600,0.2899,304.93,922.6,59.4,0,24573.9,3,VOLTAGE_ANOMALY
SL-5601,0.679,119.9,265.8,23.2,1,26742.0,1,VOLTAGE_ANOMALY
SL-5602,0.2424,306.38,672.4,49.0,1,44130.7,2,VOLTAGE_ANOMALY
SL-5603,0.0107,2.58,0.0,35.6,2,44098.2,4,POWER_FAILURE
SL-5604,0.0,0.0,9.1,29.3,2,19842.3,1,POWER_FAILURE
SL-5605,0.0969,232.4,25.9,29.0,1,6671.6,4,LAMP_FAILURE
SL-5606,0.4433,225.16,1297.6,76.6,1,2865.9,2,SENSOR_FAILURE
SL-5607,0.0097,6.28,7.2,26.3,1,26586.0,2,POWER_FAILURE
SL-5608,0.3934,235.83,1010.4,36.9,0,25099.0,1,WORKING
SL-5609,0.0,8.76,5.0,18.8,1,46767.6,4,POWER_FAILURE
SL-5610,0.3732,231.64,687.9,35.9,0,13715.9,0,WORKING
SL-5611,0.3426,260.52,744.0,44.4,0,21377.4,2,VOLTAGE_ANOMALY
SL-5612,0.3446,225.46,14.8,44.5,0,48465.0,0,SENSOR_FAILURE
SL-5613,0.0544,228.3,0.0,28.1,1,30425.6,3,LAMP_FAILURE
SL-5614,0.4014,226.09,751.0,40.1,0,35572.9,1,WORKING
SL-5615,0.3655,223.89,962.6,31.7,0,40901.6,2,WORKING
SL-5616,0.4193,226.67,953.8,32.7,0,15674.4,2,WORKING
SL-5617,0.4191,215.93,132.8,36.9,1,8390.0,3,SENSOR_FAILURE
SL-5618,0.0,4.49,0.0,19.4,1,16255.1,4,POWER_FAILURE
SL-5619,0.4932,232.48,954.6,28.1,1,33211.1,0,WORKING
SL-5620,0.008,227.36,9.6,18.8,2,47803.6,4,LAMP_FAILURE
SL-5621,0.4546,176.97,182.8,37.8,0,11908.8,1,VOLTAGE_ANOMALY
SL-5622,0.4894,215.06,565.8,45.4,1,44417.7,1,SENSOR_FAILURE
SL-5623,0.029,0.0,12.9,16.7,1,16745.8,2,POWER_FAILURE
SL-5624,0.5481,126.48,346.7,23.6,0,26852.0,0,VOLTAGE_ANOMALY
SL-5625,0.4863,224.04,1373.6,19.3,1,25714.8,0,SENSOR_FAILURE
SL-5626,0.6479,132.81,373.7,39.8,1,16702.0,2,VOLTAGE_ANOMALY
SL-5627,0.0509,223.02,4.3,30.6,2,20133.1,5,LAMP_FAILURE
SL-5628,0.497,160.5,116.9,32.0,0,20953.3,0,VOLTAGE_ANOMALY
SL-5629,0.389,232.7,833.5,35.1,0,12011.8,2,WORKING
SL-5630,0.0187,0.0,0.0,25.6,1,7076.5,3,POWER_FAILURE
SL-5631,0.2467,295.81,361.2,57.9,0,37937.3,2,VOLTAGE_ANOMALY
SL-5632,0.0,1.28,0.0,21.7,1,39588.3,4,POWER_FAILURE
SL-5633,0.6775,111.81,354.3,23.7,1,33166.0,2,VOLTAGE_ANOMALY
SL-5634,0.4161,239.96,295.8,70.3,1,36186.8,2,SENSOR_FAILURE
SL-5635,0.3702,231.59,946.1,42.7,0,44036.6,0,WORKING
SL-5636,0.0528,229.22,0.0,29.6,1,8401.8,1,LAMP_FAILURE
SL-5637,0.0859,229.54,61.0,19.8,1,59330.4,2,LAMP_FAILURE
SL-5638,0.409,230.69,732.4,39.6,1,30803.5,0,WORKING
SL-5639,0.0167,6.51,4.4,26.8,2,45265.1,3,POWER_FAILURE
SL-5640,0.4471,225.14,678.5,34.4,0,33393.4,2,WORKING
SL-5641,0.3589,234.8,666.9,36.0,0,4158.7,0,WORKING
SL-5642,0.4589,228.89,594.3,35.7,0,46087.7,0,WORKING
SL-5643,0.5637,172.29,335.2,31.5,0,47934.6,1,VOLTAGE_ANOMALY
SL-5644,0.3967,234.03,80.6,53.2,1,12807.3,1,SENSOR_FAILURE
SL-5645,0.0252,27.11,3.1,30.3,2,14622.3,1,POWER_FAILURE
SL-5646,0.0576,229.95,11.2,43.0,2,26718.1,5,LAMP_FAILURE
SL-5647,0.0144,0.0,9.2,17.1,2,38973.4,2,POWER_FAILURE
SL-5648,0.4313,237.9,835.7,40.0,0,27669.0,0,WORKING
SL-5649,0.4333,155.76,354.2,30.5,2,34774.4,0,VOLTAGE_ANOMALY
SL-5650,0.3772,228.41,873.1,29.7,0,1726.0,2,WORKING
SL-5651,0.4494,227.92,992.3,28.4,0,43946.3,2,WORKING
SL-5652,0.4344,231.07,821.9,31.7,0,10675.1,0,WORKING
SL-5653,0.4332,230.42,884.3,35.4,1,25266.2,0,WORKING
SL-5654,0.0329,231.63,22.8,33.7,1,58059.2,3,LAMP_FAILURE
SL-5655,0.6083,116.22,122.0,39.3,1,36028.3,1,VOLTAGE_ANOMALY
SL-5656,0.0066,230.6,3.9,21.5,2,16591.7,2,LAMP_FAILURE
SL-5657,0.4081,214.37,1137.9,27.9,0,8673.1,2,SENSOR_FAILURE
SL-5658,0.3692,234.88,910.9,48.0,0,47696.4,2,WORKING
SL-5659,0.3561,238.3,899.7,39.4,0,29764.4,0,WORKING
SL-5660,0.3818,226.2,0.0,27.0,0,33463.8,0,SENSOR_FAILURE
SL-5661,0.3541,232.32,856.8,31.4,0,31904.0,2,WORKING
SL-5662,0.4904,230.4,883.0,34.3,0,42287.0,0,WORKING
SL-5663,0.3802,260.91,271.2,69.5,0,26603.5,0,VOLTAGE_ANOMALY
SL-5664,0.4809,231.33,677.4,33.7,0,12173.2,0,WORKING
SL-5665,0.4103,225.57,744.7,41.4,0,29563.6,2,WORKING
SL-5666,0.0,0.0,2.4,18.4,2,24077.4,3,POWER_FAILURE
SL-5667,0.0422,221.44,0.0,27.2,1,34040.5,5,LAMP_FAILURE
SL-5668,0.0279,231.91,27.2,29.3,0,22701.8,4,LAMP_FAILURE
SL-5669,0.2302,295.56,512.6,68.5,0,46212.3,0,VOLTAGE_ANOMALY
SL-5670,0.0262,215.09,9.7,32.1,2,7907.2,1,LAMP_FAILURE
SL-5671,0.033,224.33,15.1,23.2,2,30149.5,3,LAMP_FAILURE
SL-5672,0.4503,229.49,720.5,42.2,1,31628.8,2,WORKING
SL-5673,0.4257,233.61,808.1,35.7,0,10465.0,1,WORKING
SL-5674,0.0553,224.79,27.9,21.5,1,52605.1,1,LAMP_FAILURE
SL-5675,0.4038,236.99,693.2,26.3,0,16236.5,0,WORKING
SL-5676,0.2586,278.89,545.9,52.5,1,21860.7,4,VOLTAGE_ANOMALY
SL-5677,0.0,0.0,0.8,22.5,2,707.4,3,POWER_FAILURE
SL-5678,0.2985,266.42,777.0,39.2,0,48184.9,4,VOLTAGE_ANOMALY
SL-5679,0.0255,232.51,0.0,33.8,2,19351.7,4,LAMP_FAILURE
SL-5680,0.0395,221.13,1.9,30.1,2,55366.1,4,LAMP_FAILURE
SL-5681,0.3532,230.6,981.2,34.3,0,16605.8,2,WORKING
SL-5682,0.4703,229.47,638.5,34.0,0,45858.2,0,WORKING
SL-5683,0.4428,230.95,1229.6,26.5,2,36252.5,0,SENSOR_FAILURE
SL-5684,0.0436,235.2,17.5,29.5,1,18282.4,3,LAMP_FAILURE
SL-5685,0.033,5.02,8.1,28.6,1,21239.4,3,POWER_FAILURE
SL-5686,0.6568,115.91,108.4,32.0,1,4027.2,0,VOLTAGE_ANOMALY
SL-5687,0.0131,6.39,0.0,26.4,1,20659.5,1,POWER_FAILURE
SL-5688,0.0236,0.0,0.0,22.2,2,45305.2,0,POWER_FAILURE
SL-5689,0.3016,276.48,774.4,62.8,0,17717.8,3,VOLTAGE_ANOMALY
SL-5690,0.2925,223.41,517.3,49.0,0,24872.2,2,SENSOR_FAILURE
SL-5691,0.4106,229.24,5.2,48.1,2,32594.0,0,SENSOR_FAILURE
SL-5692,0.0599,227.56,5.6,21.7,2,22251.3,2,LAMP_FAILURE
SL-5693,0.0132,0.0,8.7,33.3,2,46313.1,1,POWER_FAILURE
SL-5694,0.4571,152.02,58.5,33.5,0,17238.3,3,VOLTAGE_ANOMALY
SL-5695,0.0052,236.07,17.9,31.3,2,33985.3,5,LAMP_FAILURE
SL-5696,0.3566,232.01,744.5,25.1,0,43442.5,0,WORKING
SL-5697,0.1252,227.29,32.4,22.4,2,19405.4,3,LAMP_FAILURE
SL-5698,0.0,4.11,5.0,30.3,2,6278.4,1,POWER_FAILURE
SL-5699,0.5337,174.5,196.7,29.0,1,31265.1,1,VOLTAGE_ANOMALY
SL-5700,0.0125,231.04,0.0,19.3,1,56198.4,4,LAMP_FAILURE
SL-5701,0.3248,271.63,696.3,47.1,1,15636.0,2,VOLTAGE_ANOMALY
SL-5702,0.0,12.38,4.5,29.4,2,18766.8,0,POWER_FAILURE
SL-5703,0.4381,230.1,837.5,30.8,0,15513.3,0,WORKING
SL-5704,0.3734,234.31,27.8,43.8,1,4493.7,1,SENSOR_FAILURE
SL-5705,0.3204,289.49,457.2,59.8,1,30623.6,2,VOLTAGE_ANOMALY
SL-5706,0.0182,4.69,5.8,27.4,2,28897.2,4,POWER_FAILURE
SL-5707,0.4734,229.73,730.2,30.0,0,47408.4,2,WORKING
SL-5708,0.7155,115.34,299.4,32.3,0,31898.8,4,VOLTAGE_ANOMALY
SL-5709,0.0,9.9,0.0,29.6,1,7886.2,1,POWER_FAILURE
SL-5710,0.3763,230.78,969.4,34.8,0,23838.5,1,WORKING
SL-5711,0.0525,221.17,2.7,21.7,1,34693.0,4,LAMP_FAILURE
SL-5712,0.0356,2.17,3.5,30.4,2,20592.8,3,POWER_FAILURE
SL-5713,0.0264,227.83,6.2,33.0,1,36507.4,3,LAMP_FAILURE
SL-5714,0.0623,9.29,7.1,30.1,2,38031.6,1,POWER_FAILURE
SL-5715,0.0495,224.34,27.6,25.8,2,55422.1,3,LAMP_FAILURE
SL-5716,0.3736,231.89,625.3,34.4,0,35865.4,2,WORKING
SL-5717,0.3982,226.02,374.5,17.2,2,38809.0,0,SENSOR_FAILURE
SL-5718,0.3156,283.78,182.9,55.6,0,4919.4,3,VOLTAGE_ANOMALY
SL-5719,0.3651,230.8,926.1,27.6,0,39810.6,2,WORKING
SL-5720,0.254,269.89,424.2,73.1,0,8694.0,1,VOLTAGE_ANOMALY
SL-5721,0.3269,224.79,629.7,34.0,2,42818.8,2,SENSOR_FAILURE
SL-5722,0.0039,4.08,3.1,21.9,1,26091.9,1,POWER_FAILURE
SL-5723,0.0491,232.81,25.7,26.6,1,39408.3,5,LAMP_FAILURE
SL-5724,0.0,0.0,0.0,31.0,1,4048.0,0,POWER_FAILURE
SL-5725,0.3729,227.76,8.7,16.4,2,14451.7,0,SENSOR_FAILURE
SL-5726,0.2116,263.79,615.1,57.9,0,4823.6,0,VOLTAGE_ANOMALY
SL-5727,0.6591,122.97,233.4,40.6,1,23091.7,4,VOLTAGE_ANOMALY
SL-5728,0.004,0.11,0.5,29.0,1,1414.4,1,POWER_FAILURE
SL-5729,0.3966,225.25,615.0,50.9,0,3228.6,2,WORKING
SL-5730,0.0,6.99,0.0,21.7,2,30568.2,0,POWER_FAILURE
SL-5731,0.4008,228.95,1215.1,47.2,1,45258.2,1,SENSOR_FAILURE
SL-5732,0.007,17.54,13.9,27.6,1,7162.0,4,POWER_FAILURE
SL-5733,0.4241,230.63,916.9,38.8,0,7750.0,0,WORKING
SL-5734,0.0191,0.0,2.7,21.7,1,6714.7,1,POWER_FAILURE
SL-5735,0.4752,233.65,990.1,31.8,0,9664.2,1,WORKING
SL-5736,0.0176,0.0,5.3,11.6,2,31873.7,1,POWER_FAILURE
SL-5737,0.0415,9.89,10.3,19.5,1,19815.8,0,POWER_FAILURE
SL-5738,0.0,9.28,0.0,24.5,2,15834.4,2,POWER_FAILURE
SL-5739,0.1232,232.79,40.9,17.9,1,7458.3,2,LAMP_FAILURE
SL-5740,0.0246,227.44,0.0,21.7,2,49330.1,5,LAMP_FAILURE
SL-5741,0.3574,225.63,694.8,34.1,0,28002.8,1,WORKING
SL-5742,0.3986,222.67,0.0,43.5,1,33252.0,0,SENSOR_FAILURE
SL-5743,0.2366,288.9,884.8,60.1,1,15110.5,0,VOLTAGE_ANOMALY
SL-5744,0.0,8.31,17.9,20.2,1,3875.4,1,POWER_FAILURE
SL-5745,0.4069,228.27,21.3,48.2,1,31244.6,0,SENSOR_FAILURE
SL-5746,0.4377,231.92,878.6,35.7,1,5833.6,2,WORKING
SL-5747,0.0103,13.67,0.4,24.0,2,13577.8,1,POWER_FAILURE
SL-5748,0.497,232.38,958.5,29.9,0,39682.8,1,WORKING
SL-5749,0.4832,228.61,632.3,41.4,1,41823.2,0,WORKING
SL-5750,0.3834,230.11,177.1,56.5,1,12052.3,3,SENSOR_FAILURE
SL-5751,0.22,306.81,649.5,40.0,0,35624.1,2,VOLTAGE_ANOMALY
SL-5752,0.5455,147.1,276.2,36.0,0,11730.4,1,VOLTAGE_ANOMALY
SL-5753,0.3006,280.17,534.5,57.1,2,45314.7,1,VOLTAGE_ANOMALY
SL-5754,0.3666,231.67,878.2,31.4,0,8415.4,1,WORKING
SL-5755,0.0153,228.66,16.5,29.9,2,32198.7,5,LAMP_FAILURE
SL-5756,0.3128,273.64,216.0,58.3,1,7955.1,3,VOLTAGE_ANOMALY
SL-5757,0.1636,230.0,61.2,29.4,2,30634.8,4,LAMP_FAILURE
SL-5758,0.459,224.51,925.0,40.0,0,19952.9,1,WORKING
SL-5759,0.0,0.0,2.8,28.0,2,37583.3,1,POWER_FAILURE
SL-5760,0.425,224.78,0.0,40.0,1,7084.5,1,SENSOR_FAILURE
SL-5761,0.3568,234.97,775.9,40.0,0,2725.2,2,WORKING
SL-5762,0.4347,229.41,799.6,43.6,0,13022.9,0,WORKING
SL-5763,0.4595,215.05,1025.8,31.9,2,2682.0,2,SENSOR_FAILURE
SL-5764,0.0454,0.0,0.0,27.0,2,14995.4,3,POWER_FAILURE
SL-5765,0.0,0.6,8.3,27.7,2,7863.2,3,POWER_FAILURE
SL-5766,0.4525,228.7,924.8,40.2,0,25141.6,1,WORKING
SL-5767,0.0553,222.0,0.0,35.6,1,24245.7,1,LAMP_FAILURE
SL-5768,0.3145,301.64,737.1,59.8,1,40852.2,0,VOLTAGE_ANOMALY
SL-5769,0.0551,227.8,22.6,21.8,2,46655.8,4,LAMP_FAILURE
SL-5770,0.4125,230.62,751.5,30.3,0,22623.7,0,WORKING
SL-5771,0.018,11.32,0.0,25.2,2,19192.7,0,POWER_FAILURE
SL-5772,0.483,230.13,697.2,33.6,0,31644.0,0,WORKING
SL-5773,0.0555,229.93,21.0,29.6,2,25891.5,2,LAMP_FAILURE
SL-5774,0.0,2.22,4.4,20.0,1,17262.6,3,POWER_FAILURE
SL-5775,0.4078,229.79,728.8,32.5,0,12641.5,1,WORKING
SL-5776,0.0316,232.4,39.9,30.5,1,39352.2,1,LAMP_FAILURE
SL-5777,0.0,14.46,6.3,31.2,2,26348.6,3,POWER_FAILURE
SL-5778,0.0098,228.76,14.9,35.5,1,52261.8,5,LAMP_FAILURE
SL-5779,0.048,3.99,3.5,26.8,2,21897.6,0,POWER_FAILURE
SL-5780,0.0455,0.0,0.0,28.7,2,46850.6,0,POWER_FAILURE
SL-5781,0.006,234.9,6.9,36.8,0,39473.6,1,LAMP_FAILURE
SL-5782,0.3512,309.58,777.4,55.9,0,10316.9,3,VOLTAGE_ANOMALY
SL-5783,0.0,4.91,9.1,23.5,1,47813.2,2,POWER_FAILURE
SL-5784,0.4762,228.68,946.8,21.1,0,36343.2,2,WORKING
SL-5785,0.044,4.88,1.7,26.6,0,19474.4,4,POWER_FAILURE
SL-5786,0.3988,226.54,1204.7,28.4,2,36806.3,3,SENSOR_FAILURE
SL-5787,0.3756,230.78,776.5,41.4,0,39633.6,2,WORKING
SL-5788,0.5212,236.55,1638.1,42.4,2,10008.6,3,SENSOR_FAILURE
SL-5789,0.3415,241.45,34.2,25.7,2,1436.4,2,SENSOR_FAILURE
SL-5790,0.5282,164.91,269.9,35.0,1,24288.5,0,VOLTAGE_ANOMALY
SL-5791,0.0061,0.0,0.0,18.5,2,44849.7,0,POWER_FAILURE
SL-5792,0.0434,219.42,0.0,23.5,0,50824.2,5,LAMP_FAILURE
SL-5793,0.4296,230.12,590.6,31.3,0,48788.4,2,SENSOR_FAILURE
SL-5794,0.0013,8.9,5.6,15.0,1,45310.0,2,POWER_FAILURE
SL-5795,0.3327,231.4,1.4,24.6,1,49073.0,0,SENSOR_FAILURE
SL-5796,0.0,8.29,4.7,25.4,1,44656.9,2,POWER_FAILURE
SL-5797,0.4001,226.77,664.0,35.8,0,30719.5,2,WORKING
SL-5798,0.2818,281.71,703.4,45.5,0,5718.4,2,VOLTAGE_ANOMALY
SL-5799,0.4999,236.62,800.2,36.9,1,39508.8,0,WORKING
SL-5800,0.6736,106.11,300.6,29.8,1,28154.0,1,VOLTAGE_ANOMALY
SL-5801,0.2385,275.51,544.5,51.3,1,31142.3,2,VOLTAGE_ANOMALY
SL-5802,0.5845,144.86,84.5,30.3,0,42759.1,1,VOLTAGE_ANOMALY
SL-5803,0.2864,280.0,817.4,70.4,0,27664.2,0,VOLTAGE_ANOMALY
SL-5804,0.4516,229.83,821.6,38.7,0,28053.6,1,WORKING
SL-5805,0.5324,148.8,189.5,23.5,0,23908.0,4,VOLTAGE_ANOMALY
SL-5806,0.4676,230.16,775.0,38.9,0,1625.7,2,WORKING
SL-5807,0.0391,225.32,38.1,32.2,0,37571.8,3,LAMP_FAILURE
SL-5808,0.0519,223.95,0.0,23.7,2,11127.0,4,LAMP_FAILURE
SL-5809,0.4478,229.73,917.7,40.8,0,47227.0,2,WORKING
SL-5810,0.6155,124.03,109.8,28.6,2,18945.4,2,VOLTAGE_ANOMALY
SL-5811,0.4807,239.45,0.0,38.3,2,20585.2,0,SENSOR_FAILURE
SL-5812,0.4085,230.03,915.1,31.4,0,18983.8,0,WORKING
SL-5813,0.4791,163.27,155.8,35.0,1,9911.9,0,VOLTAGE_ANOMALY
SL-5814,0.4825,225.18,916.9,35.2,0,21876.7,0,WORKING
SL-5815,0.0017,13.85,0.0,11.6,1,29771.8,2,POWER_FAILURE
SL-5816,0.4282,233.41,2.3,42.8,1,32929.7,3,SENSOR_FAILURE
SL-5817,0.3778,226.95,660.7,41.8,0,25586.5,1,WORKING
SL-5818,0.3771,228.63,918.5,25.9,0,15290.8,1,WORKING
SL-5819,0.4966,238.02,759.7,28.3,0,19698.7,0,WORKING
SL-5820,0.1144,223.95,46.0,17.5,2,48451.2,4,LAMP_FAILURE
SL-5821,0.021,223.96,0.0,28.8,2,51160.0,2,LAMP_FAILURE
SL-5822,0.2999,267.38,878.4,72.1,2,3562.5,0,VOLTAGE_ANOMALY
SL-5823,0.0227,223.81,17.3,27.2,1,50363.1,2,LAMP_FAILURE
SL-5824,0.3573,231.86,949.1,33.0,0,28900.7,2,WORKING
SL-5825,0.4069,228.81,753.4,37.0,0,21112.1,1,WORKING
SL-5826,0.3297,268.2,751.3,49.9,0,8030.9,2,VOLTAGE_ANOMALY
SL-5827,0.4267,227.64,1569.3,35.8,0,40756.4,1,SENSOR_FAILURE
SL-5828,0.4774,227.84,690.2,35.9,0,38944.8,1,WORKING
SL-5829,0.4533,240.75,0.0,22.5,2,15351.1,0,SENSOR_FAILURE
SL-5830,0.4575,233.67,691.6,37.0,0,41887.9,2,WORKING
SL-5831,0.0373,226.33,1.6,27.7,1,57356.3,3,LAMP_FAILURE
SL-5832,0.0193,9.88,0.0,23.1,2,24349.1,1,POWER_FAILURE
SL-5833,0.0564,231.93,0.0,28.6,1,52305.6,2,LAMP_FAILURE
SL-5834,0.3926,231.14,945.9,37.3,0,36682.4,0,WORKING
SL-5835,0.4252,231.43,712.5,39.5,0,26858.4,0,WORKING
SL-5836,0.0459,226.77,24.4,21.1,2,29926.2,1,LAMP_FAILURE
SL-5837,0.0528,225.47,3.1,27.8,1,50781.9,2,LAMP_FAILURE
SL-5838,0.3859,230.58,1593.1,41.8,2,12577.7,2,SENSOR_FAILURE
SL-5839,0.0485,230.4,0.0,31.7,2,25306.8,3,LAMP_FAILURE
SL-5840,0.0077,11.13,0.0,21.4,2,42589.9,4,POWER_FAILURE
SL-5841,0.0407,222.8,11.8,21.8,0,23106.3,5,LAMP_FAILURE
SL-5842,0.4158,231.82,896.3,39.7,0,37723.4,1,WORKING
SL-5843,0.025,11.85,0.0,24.0,1,27698.5,3,POWER_FAILURE
SL-5844,0.381,233.86,701.2,33.9,0,45521.3,1,WORKING
SL-5845,0.256,271.47,921.5,61.9,1,28780.7,1,VOLTAGE_ANOMALY
SL-5846,0.0157,216.81,11.9,32.2,1,34662.5,2,LAMP_FAILURE
SL-5847,0.3328,232.81,553.3,80.0,0,47218.1,0,SENSOR_FAILURE
SL-5848,0.42,230.41,0.0,33.9,0,18232.3,2,SENSOR_FAILURE
SL-5849,0.4172,233.87,707.8,43.8,0,49953.4,2,WORKING
SL-5850,0.3064,269.79,651.9,68.1,0,25238.8,1,VOLTAGE_ANOMALY
SL-5851,0.5274,228.2,893.0,29.3,0,17339.1,0,SENSOR_FAILURE
SL-5852,0.0285,239.09,23.7,29.0,0,34504.7,3,LAMP_FAILURE
SL-5853,0.0158,230.08,21.8,34.0,1,13086.5,4,LAMP_FAILURE
SL-5854,0.469,231.66,791.6,37.6,0,10380.9,2,WORKING
SL-5855,0.3337,231.24,25.1,28.1,2,5128.1,1,SENSOR_FAILURE
SL-5856,0.7405,102.05,124.4,30.9,0,15038.2,0,VOLTAGE_ANOMALY
SL-5857,0.4706,224.84,864.8,35.2,0,36649.4,1,WORKING
SL-5858,0.4659,236.63,626.4,34.0,0,43602.7,1,WORKING
SL-5859,0.1507,295.69,526.2,46.6,2,20075.5,1,VOLTAGE_ANOMALY
SL-5860,0.0241,1.72,0.7,20.3,2,10623.5,3,POWER_FAILURE
SL-5861,0.2643,261.17,535.0,41.8,0,28200.9,3,VOLTAGE_ANOMALY
SL-5862,0.0801,227.17,20.9,32.6,2,25191.6,1,LAMP_FAILURE
SL-5863,0.5678,133.59,49.4,22.3,0,24948.9,3,VOLTAGE_ANOMALY
SL-5864,0.3803,230.54,1340.8,35.2,1,44858.8,1,SENSOR_FAILURE
SL-5865,0.3524,227.78,777.9,33.1,0,20104.7,1,WORKING
SL-5866,0.4056,228.63,932.1,34.3,0,32008.9,2,WORKING
SL-5867,0.0103,0.0,14.1,27.7,2,16625.2,0,POWER_FAILURE
SL-5868,0.0065,5.2,4.6,25.2,2,43456.0,0,POWER_FAILURE
SL-5869,0.4689,233.33,1295.2,44.5,0,32383.8,2,SENSOR_FAILURE
SL-5870,0.2296,281.43,541.4,49.5,1,46532.3,0,VOLTAGE_ANOMALY
SL-5871,0.4163,227.48,5.1,38.6,1,48026.8,1,SENSOR_FAILURE
SL-5872,0.0446,232.93,24.4,27.9,1,57082.1,2,LAMP_FAILURE
SL-5873,0.4387,231.17,756.9,42.4,0,24815.9,0,WORKING
SL-5874,0.0274,1.62,2.7,26.0,2,14563.4,2,POWER_FAILURE
SL-5875,0.0005,10.31,4.5,25.3,1,18459.9,0,POWER_FAILURE
SL-5876,0.3868,229.93,16.1,33.0,0,16748.4,0,SENSOR_FAILURE
SL-5877,0.0,11.18,7.1,32.9,0,39199.3,0,POWER_FAILURE
SL-5878,0.4658,246.79,20.4,29.4,2,21861.2,1,SENSOR_FAILURE
SL-5879,0.3518,231.49,890.7,34.1,0,5564.5,2,WORKING
SL-5880,0.4098,228.53,596.0,35.9,0,18561.0,1,WORKING
SL-5881,0.4398,162.5,108.6,28.9,1,28365.9,0,VOLTAGE_ANOMALY
SL-5882,0.3346,285.09,284.5,54.8,0,33868.0,0,VOLTAGE_ANOMALY
SL-5883,0.2581,290.0,501.9,45.2,2,3716.1,3,VOLTAGE_ANOMALY
SL-5884,0.3013,308.38,667.7,66.6,0,21641.8,2,VOLTAGE_ANOMALY
SL-5885,0.5481,151.72,250.2,33.5,0,7874.7,3,VOLTAGE_ANOMALY
SL-5886,0.3168,230.52,134.2,39.0,2,29858.1,2,SENSOR_FAILURE
SL-5887,0.4785,229.73,775.1,27.5,0,18138.0,1,WORKING
SL-5888,0.024,225.03,6.2,26.5,2,51743.9,5,LAMP_FAILURE
SL-5889,0.0177,224.72,7.0,29.1,1,34901.8,1,LAMP_FAILURE
SL-5890,0.485,238.25,1301.7,48.6,1,33615.3,2,SENSOR_FAILURE
SL-5891,0.0154,10.21,1.2,28.1,1,12578.8,3,POWER_FAILURE
SL-5892,0.0422,226.71,10.6,22.1,0,47540.5,3,LAMP_FAILURE
SL-5893,0.0349,229.14,15.3,23.0,1,49512.0,3,LAMP_FAILURE
SL-5894,0.0189,218.71,10.5,25.2,1,53261.2,2,LAMP_FAILURE
SL-5895,0.4938,232.83,969.1,35.8,0,36972.9,2,WORKING
SL-5896,0.0023,238.66,17.2,34.6,1,30137.1,2,LAMP_FAILURE
SL-5897,0.0,11.04,0.0,26.3,1,15981.7,2,POWER_FAILURE
SL-5898,0.0448,0.0,4.1,22.3,2,33139.0,3,POWER_FAILURE
SL-5899,0.4464,227.32,1448.3,34.4,2,32522.6,3,SENSOR_FAILURE
SL-5900,0.3853,228.39,658.3,36.8,0,41324.4,0,WORKING
SL-5901,0.2894,273.54,480.3,58.7,0,44921.5,4,VOLTAGE_ANOMALY
SL-5902,0.0106,13.1,5.2,19.1,1,27791.4,3,POWER_FAILURE
SL-5903,0.003,19.6,3.6,29.0,2,7812.8,4,POWER_FAILURE
SL-5904,0.4133,232.25,10.0,58.6,0,44297.1,3,SENSOR_FAILURE
SL-5905,0.4502,235.26,991.6,42.8,0,11852.3,2,WORKING
SL-5906,0.4891,230.04,759.5,34.7,0,18209.2,1,WORKING
SL-5907,0.4741,229.88,664.5,47.9,0,17441.3,2,WORKING
SL-5908,0.0,0.17,14.2,29.8,1,39404.0,4,POWER_FAILURE
SL-5909,0.003,21.0,0.0,16.4,2,30351.4,3,POWER_FAILURE
SL-5910,0.3515,219.21,7.4,78.9,0,44876.8,1,SENSOR_FAILURE
SL-5911,0.5059,173.9,184.8,35.8,1,25675.5,1,VOLTAGE_ANOMALY
SL-5912,0.3144,226.62,0.0,34.5,0,31542.7,1,SENSOR_FAILURE
SL-5913,0.3897,232.73,770.9,40.3,0,33194.7,2,WORKING
SL-5914,0.0,9.18,0.9,28.0,1,46962.0,4,POWER_FAILURE
SL-5915,0.6643,121.09,98.8,23.2,0,5024.5,3,VOLTAGE_ANOMALY
SL-5916,0.8399,100.26,237.5,33.5,1,46503.7,3,VOLTAGE_ANOMALY
SL-5917,0.0589,228.71,44.7,26.6,2,44683.6,2,LAMP_FAILURE
SL-5918,0.4121,232.72,679.2,37.8,0,47914.4,2,WORKING
SL-5919,0.3976,229.08,634.8,34.2,0,14850.3,1,WORKING
SL-5920,0.4042,281.47,544.1,55.9,1,48351.7,1,VOLTAGE_ANOMALY
SL-5921,0.0009,230.08,8.6,17.1,2,31395.7,5,LAMP_FAILURE
SL-5922,0.1598,220.49,24.4,18.5,1,55673.9,4,LAMP_FAILURE
SL-5923,0.0061,231.83,0.8,27.4,1,53108.4,4,LAMP_FAILURE
SL-5924,0.0,15.33,3.5,19.3,1,6523.6,1,POWER_FAILURE
SL-5925,0.464,226.83,987.8,37.5,1,19600.1,1,WORKING
SL-5926,0.0114,5.77,0.0,21.2,2,19160.4,2,POWER_FAILURE
SL-5927,0.3082,179.69,244.3,28.3,2,655.5,2,VOLTAGE_ANOMALY
SL-5928,0.2983,233.68,878.6,62.0,0,13938.6,2,SENSOR_FAILURE
SL-5929,0.407,231.39,0.0,39.5,0,33820.6,2,SENSOR_FAILURE
SL-5930,0.552,148.17,313.1,30.8,1,8391.9,1,VOLTAGE_ANOMALY
SL-5931,0.0215,17.56,0.0,24.3,1,16329.7,1,POWER_FAILURE
SL-5932,0.0421,0.0,5.3,27.2,2,6883.4,2,POWER_FAILURE
SL-5933,0.2796,274.69,460.8,63.6,1,17482.1,4,VOLTAGE_ANOMALY
SL-5934,0.0252,3.19,5.6,29.4,2,39228.7,0,POWER_FAILURE
SL-5935,0.4014,229.47,708.1,25.3,0,17995.7,1,WORKING
SL-5936,0.4536,222.13,629.6,22.2,1,8726.5,3,SENSOR_FAILURE
SL-5937,0.0,0.0,6.6,27.2,1,6065.4,3,POWER_FAILURE
SL-5938,0.2764,297.19,816.5,68.3,2,8206.7,2,VOLTAGE_ANOMALY
SL-5939,0.0,3.27,4.0,23.1,2,34661.7,4,POWER_FAILURE
SL-5940,0.45,232.39,1.1,31.3,0,15373.7,0,SENSOR_FAILURE
SL-5941,0.4178,175.11,338.6,24.4,0,12489.5,1,VOLTAGE_ANOMALY
SL-5942,0.1617,227.32,44.1,28.0,2,51310.6,5,LAMP_FAILURE
SL-5943,0.0248,235.76,23.9,30.0,2,29171.2,3,LAMP_FAILURE
SL-5944,0.3888,223.68,8.6,36.7,1,39591.7,1,SENSOR_FAILURE
SL-5945,0.4451,228.36,4.4,39.1,0,13911.5,1,SENSOR_FAILURE
SL-5946,0.0361,230.62,0.0,26.7,2,50169.7,2,LAMP_FAILURE
SL-5947,0.4529,230.57,1428.2,75.9,0,16071.6,3,SENSOR_FAILURE
SL-5948,0.4791,228.39,615.4,35.5,0,17075.7,2,WORKING
SL-5949,0.5465,176.66,340.2,35.0,0,3335.2,4,VOLTAGE_ANOMALY
SL-5950,0.0123,223.84,1.0,18.2,2,26749.2,3,LAMP_FAILURE
SL-5951,0.4091,230.61,778.9,30.9,0,33045.7,1,WORKING
SL-5952,0.2369,270.6,339.7,65.5,0,48176.9,2,VOLTAGE_ANOMALY
SL-5953,0.5616,234.64,441.1,37.7,0,44790.9,2,SENSOR_FAILURE
SL-5954,0.3759,226.14,616.7,31.0,0,24754.0,2,WORKING
SL-5955,0.4516,168.21,165.2,22.5,0,46824.1,3,VOLTAGE_ANOMALY
SL-5956,0.0395,11.37,5.3,33.3,2,39665.6,4,POWER_FAILURE
SL-5957,0.4923,233.19,699.5,35.5,0,19883.7,0,WORKING
SL-5958,0.0529,0.0,0.0,22.9,2,18164.9,4,POWER_FAILURE
SL-5959,0.0626,2.25,0.0,20.6,0,7703.4,4,POWER_FAILURE
SL-5960,0.007,0.91,0.0,27.9,1,20144.1,3,POWER_FAILURE
SL-5961,0.121,215.05,40.7,19.9,0,9592.7,3,LAMP_FAILURE
SL-5962,0.033,230.55,14.2,21.9,1,39176.2,4,LAMP_FAILURE
SL-5963,0.0255,0.09,11.7,20.3,1,6517.2,1,POWER_FAILURE
SL-5964,0.3532,179.26,306.3,22.6,0,16853.1,3,VOLTAGE_ANOMALY
SL-5965,0.4243,230.63,670.7,33.4,0,14693.8,2,WORKING
SL-5966,0.3731,227.68,777.1,41.8,0,37494.7,2,WORKING
SL-5967,0.4815,148.02,352.2,27.0,0,28655.7,0,VOLTAGE_ANOMALY
SL-5968,0.0585,229.91,9.2,31.1,0,31698.5,4,LAMP_FAILURE
SL-5969,0.0092,233.51,7.6,20.8,1,13574.9,5,LAMP_FAILURE
SL-5970,0.5149,233.87,0.0,81.3,0,29581.3,2,SENSOR_FAILURE
SL-5971,0.3899,231.39,1279.8,21.8,0,10336.9,2,SENSOR_FAILURE
SL-5972,0.3571,229.16,815.1,30.4,0,33834.3,1,WORKING
SL-5973,0.0364,5.22,0.0,21.1,2,33229.3,4,POWER_FAILURE
SL-5974,0.0,12.84,0.0,31.9,2,19224.2,0,POWER_FAILURE
SL-5975,0.4357,228.0,831.8,39.4,0,49878.4,2,WORKING
SL-5976,0.4131,227.91,693.0,40.7,0,34277.9,1,WORKING
SL-5977,0.504,150.19,136.9,32.9,0,16026.1,1,VOLTAGE_ANOMALY
SL-5978,0.0229,223.73,0.0,24.5,1,28947.4,1,LAMP_FAILURE
SL-5979,0.372,223.6,37.2,33.8,0,12978.5,0,SENSOR_FAILURE
SL-5980,0.3395,267.68,671.6,46.8,1,11996.1,2,VOLTAGE_ANOMALY
SL-5981,0.4032,227.54,890.2,31.4,1,31221.9,2,WORKING
SL-5982,0.0526,228.72,0.0,31.5,2,5171.2,2,LAMP_FAILURE
SL-5983,0.4066,229.74,639.3,27.8,0,6351.5,1,WORKING
SL-5984,0.3707,233.42,806.6,33.9,0,22318.0,1,WORKING
SL-5985,0.3638,230.99,762.3,34.2,0,34197.2,1,WORKING
SL-5986,0.2978,207.9,889.1,65.4,1,28667.8,0,SENSOR_FAILURE
SL-5987,0.4709,229.41,773.9,39.5,0,24640.5,0,WORKING
SL-5988,0.0,0.0,0.0,22.8,1,37229.4,2,POWER_FAILURE
SL-5989,0.4897,168.63,221.6,40.9,0,34249.7,3,VOLTAGE_ANOMALY
SL-5990,0.487,153.54,57.7,31.0,0,25369.7,2,VOLTAGE_ANOMALY
SL-5991,0.4257,230.26,884.9,32.6,0,8545.4,0,WORKING
SL-5992,0.2752,230.12,29.0,46.5,0,44056.2,3,SENSOR_FAILURE
SL-5993,0.097,236.54,29.1,26.4,1,27100.6,4,LAMP_FAILURE
SL-5994,0.3897,230.91,929.2,42.1,0,36907.7,0,WORKING
SL-5995,0.0551,227.45,16.2,30.9,0,58153.5,3,LAMP_FAILURE
SL-5996,0.4767,232.91,897.2,35.7,0,14049.5,2,WORKING
SL-5997,0.4964,231.26,837.0,31.7,0,12176.9,1,WORKING
SL-5998,0.0105,6.55,7.1,30.4,1,27961.2,0,POWER_FAILURE
SL-5999,0.4154,227.85,1366.6,30.9,1,47192.7,1,SENSOR_FAILURE
SL-6000,0.3808,230.08,768.9,35.8,0,18428.2,0,WORKING
SL-6001,0.3983,226.98,1693.8,33.0,0,41564.8,2,SENSOR_FAILURE
SL-6002,0.0244,0.57,1.2,16.3,2,47230.8,0,POWER_FAILURE
SL-6003,0.0,0.0,4.3,19.0,2,42792.3,2,POWER_FAILURE
SL-6004,0.0317,227.87,23.4,21.0,1,9018.3,3,LAMP_FAILURE
SL-6005,0.3112,231.08,0.0,40.0,0,14040.9,0,SENSOR_FAILURE
SL-6006,0.3979,228.24,911.9,30.8,0,34800.1,0,WORKING
SL-6007,0.0364,0.0,1.2,28.8,1,11134.3,3,POWER_FAILURE
SL-6008,0.0402,5.39,0.0,29.3,2,40407.4,3,POWER_FAILURE
SL-6009,0.4106,224.97,1626.5,45.9,0,25531.9,0,SENSOR_FAILURE
SL-6010,0.5022,136.11,158.1,26.5,1,17635.0,2,VOLTAGE_ANOMALY
SL-6011,0.1084,231.77,52.0,25.1,2,6496.6,1,LAMP_FAILURE
SL-6012,0.4507,232.35,1285.2,19.7,2,20989.3,3,SENSOR_FAILURE
SL-6013,0.4117,229.43,0.0,31.1,0,37443.4,2,SENSOR_FAILURE
SL-6014,0.468,235.01,930.8,33.9,0,21056.2,2,WORKING
SL-6015,0.2122,286.92,693.4,46.1,0,34419.5,2,VOLTAGE_ANOMALY
SL-6016,0.2509,273.08,254.1,68.5,0,13427.1,4,VOLTAGE_ANOMALY
SL-6017,0.39,236.0,9.9,43.8,0,25202.7,2,SENSOR_FAILURE
SL-6018,0.0918,226.8,79.7,29.0,1,24789.1,5,LAMP_FAILURE
SL-6019,0.4765,235.33,767.2,30.1,0,49259.8,0,WORKING
SL-6020,0.4628,228.53,670.4,42.4,0,45939.3,0,WORKING
SL-6021,0.0017,229.44,16.2,30.1,1,25811.8,5,LAMP_FAILURE
SL-6022,0.3787,228.52,864.2,29.1,0,36107.3,0,WORKING
SL-6023,0.0125,222.38,0.0,35.4,2,19417.1,3,LAMP_FAILURE
SL-6024,0.0517,222.96,30.3,26.5,0,21489.3,5,LAMP_FAILURE
SL-6025,0.1022,233.73,45.9,24.5,1,35517.0,5,LAMP_FAILURE
SL-6026,0.0113,11.61,0.0,21.2,2,24593.5,3,POWER_FAILURE
SL-6027,0.2211,291.98,446.4,59.2,0,12124.4,2,VOLTAGE_ANOMALY
SL-6028,0.0064,3.63,3.4,20.0,2,46993.7,3,POWER_FAILURE
SL-6029,0.0054,3.88,3.7,23.1,1,21249.7,2,POWER_FAILURE
SL-6030,0.0306,230.4,16.0,27.4,1,53180.8,3,LAMP_FAILURE
SL-6031,0.0347,0.0,0.0,22.2,2,8979.9,1,POWER_FAILURE
SL-6032,0.4901,216.66,1151.7,17.3,2,26319.7,0,SENSOR_FAILURE
SL-6033,0.298,295.52,511.5,45.6,1,837.2,0,VOLTAGE_ANOMALY
SL-6034,0.5094,152.84,177.3,33.8,0,7383.6,0,VOLTAGE_ANOMALY
SL-6035,0.3938,232.73,707.9,36.9,0,26566.5,2,WORKING
SL-6036,0.0143,5.02,6.1,26.4,2,976.0,0,POWER_FAILURE
SL-6037,0.0492,231.54,17.7,35.1,1,55195.9,1,LAMP_FAILURE
SL-6038,0.0092,9.14,3.3,23.4,1,21111.2,3,POWER_FAILURE
SL-6039,0.0088,9.55,0.0,30.8,2,43251.9,3,POWER_FAILURE
SL-6040,0.2614,309.7,561.3,54.3,1,19356.3,3,VOLTAGE_ANOMALY
SL-6041,0.3761,236.16,6.5,38.1,0,21759.0,1,SENSOR_FAILURE
SL-6042,0.4005,230.32,905.2,38.2,0,46737.2,1,WORKING
SL-6043,0.1195,216.64,45.1,37.6,2,13581.3,2,LAMP_FAILURE
SL-6044,0.3831,266.99,933.8,72.3,1,49060.4,2,VOLTAGE_ANOMALY
SL-6045,0.4211,229.65,957.7,29.8,0,23022.6,2,WORKING
SL-6046,0.0453,231.81,4.6,31.5,1,51992.8,1,LAMP_FAILURE
SL-6047,0.1329,235.17,49.7,36.1,1,14851.5,1,LAMP_FAILURE
SL-6048,0.0582,233.74,16.9,23.4,1,42092.5,2,LAMP_FAILURE
SL-6049,0.0,0.02,5.0,21.8,1,33746.9,1,POWER_FAILURE
SL-6050,0.4899,235.9,764.1,33.8,1,4900.5,1,WORKING
SL-6051,0.5097,157.23,21.9,16.2,0,21643.6,1,VOLTAGE_ANOMALY
SL-6052,0.2959,283.24,628.4,69.0,0,9315.4,3,VOLTAGE_ANOMALY
SL-6053,0.2268,309.35,213.0,51.5,1,12362.7,3,VOLTAGE_ANOMALY
SL-6054,0.0036,13.89,0.6,27.3,1,4483.0,4,POWER_FAILURE
SL-6055,0.3587,223.14,1419.3,31.5,1,7915.5,3,SENSOR_FAILURE
SL-6056,0.4518,225.92,1270.6,37.2,0,11379.7,1,SENSOR_FAILURE
SL-6057,0.3587,226.97,869.7,29.5,0,39889.4,2,WORKING
SL-6058,0.2775,283.98,612.6,61.8,0,44979.0,4,VOLTAGE_ANOMALY
SL-6059,0.2504,303.37,493.4,56.9,0,26874.0,3,VOLTAGE_ANOMALY
SL-6060,0.0343,226.79,4.3,38.8,2,49421.1,5,LAMP_FAILURE
SL-6061,0.0431,223.13,0.0,25.1,0,27438.8,2,LAMP_FAILURE
SL-6062,0.4529,230.34,605.8,35.1,0,12653.9,2,WORKING
SL-6063,0.2389,285.74,544.1,77.4,0,48017.3,0,VOLTAGE_ANOMALY
SL-6064,0.0482,224.07,35.4,40.9,1,54813.7,1,LAMP_FAILURE
SL-6065,0.5168,237.98,3.7,48.6,2,30661.8,1,SENSOR_FAILURE
SL-6066,0.4047,233.85,1325.1,32.2,2,16839.7,2,SENSOR_FAILURE
SL-6067,0.2377,287.85,500.7,60.9,0,20420.5,1,VOLTAGE_ANOMALY
SL-6068,0.0073,0.0,1.5,24.4,1,1157.2,4,POWER_FAILURE
SL-6069,0.402,230.65,955.6,32.5,0,42916.1,1,WORKING
SL-6070,0.0307,230.17,2.1,34.3,2,11277.9,3,LAMP_FAILURE
SL-6071,0.4074,235.63,1005.7,38.8,0,43787.4,1,WORKING
SL-6072,0.0,2.81,0.6,17.7,2,43170.4,4,POWER_FAILURE
SL-6073,0.3695,228.3,1003.7,39.3,0,48159.0,1,WORKING
SL-6074,0.0388,13.17,4.6,27.1,1,42507.3,2,POWER_FAILURE
SL-6075,0.4977,230.27,847.5,47.2,1,11605.0,1,WORKING
SL-6076,0.4535,231.89,1538.9,46.1,0,46460.5,3,SENSOR_FAILURE
SL-6077,0.4309,221.78,4.5,44.6,2,18337.9,2,SENSOR_FAILURE
SL-6078,0.0011,1.02,3.4,29.1,1,8586.4,4,POWER_FAILURE
SL-6079,0.4219,229.36,1777.3,29.0,1,22231.6,0,SENSOR_FAILURE
SL-6080,0.0284,7.42,1.3,26.8,2,25855.3,2,POWER_FAILURE
SL-6081,0.3982,226.9,787.3,34.7,0,21464.7,1,WORKING
SL-6082,0.4203,232.57,1010.5,35.2,0,10519.8,2,WORKING
SL-6083,0.6693,127.89,52.7,22.5,0,47687.3,2,VOLTAGE_ANOMALY
SL-6084,0.4848,226.63,680.7,34.7,0,7039.3,2,WORKING
SL-6085,0.4998,223.67,792.5,34.7,0,44816.8,0,WORKING
SL-6086,0.0076,4.82,2.9,19.5,2,11214.4,3,POWER_FAILURE
SL-6087,0.4083,233.53,1610.0,37.7,0,4541.4,1,SENSOR_FAILURE
SL-6088,0.5487,224.13,971.6,29.5,1,19146.5,0,SENSOR_FAILURE
SL-6089,0.0184,8.38,0.0,27.9,2,24367.6,1,POWER_FAILURE
SL-6090,0.3536,225.29,716.6,30.2,1,2844.7,2,WORKING
SL-6091,0.4102,160.27,143.4,30.0,1,16440.1,0,VOLTAGE_ANOMALY
SL-6092,0.6186,123.15,346.6,22.6,0,12999.2,0,VOLTAGE_ANOMALY
SL-6093,0.3575,230.63,984.5,39.2,0,9176.6,0,WORKING
SL-6094,0.0347,224.49,0.0,20.3,0,5714.3,4,LAMP_FAILURE
SL-6095,0.3743,224.33,0.0,30.5,0,26931.4,2,SENSOR_FAILURE
SL-6096,0.4632,228.43,829.7,37.0,1,3735.8,2,WORKING
SL-6097,0.4193,233.18,924.7,38.3,0,30675.8,2,WORKING
SL-6098,0.0369,4.65,7.1,23.3,1,2176.6,1,POWER_FAILURE
SL-6099,0.4147,228.03,664.8,32.7,0,42662.5,0,WORKING
SL-6100,0.0386,229.16,19.9,30.2,2,24952.7,3,LAMP_FAILURE
SL-6101,0.0293,4.07,1.8,23.5,2,42708.0,3,POWER_FAILURE
SL-6102,0.4359,173.57,94.7,34.9,0,15528.1,0,VOLTAGE_ANOMALY
SL-6103,0.0297,222.43,32.5,25.8,2,18529.8,2,LAMP_FAILURE
SL-6104,0.0545,229.14,0.0,33.3,1,35497.1,2,LAMP_FAILURE
SL-6105,0.3865,226.01,979.0,38.9,0,11573.1,2,WORKING
SL-6106,0.0,16.09,0.3,21.5,1,3972.1,2,POWER_FAILURE
SL-6107,0.0,0.0,3.2,18.3,0,47551.7,0,POWER_FAILURE
SL-6108,0.0235,14.06,1.3,24.1,2,17281.6,4,POWER_FAILURE
SL-6109,0.4788,225.98,776.5,35.4,0,12614.1,0,WORKING
SL-6110,0.032,227.29,0.0,29.4,1,12582.8,4,LAMP_FAILURE
SL-6111,0.4942,230.6,946.4,28.3,0,25766.0,0,WORKING
SL-6112,0.0354,229.15,6.1,31.0,1,27541.7,5,LAMP_FAILURE
SL-6113,0.0363,235.43,0.0,21.7,1,52166.2,1,LAMP_FAILURE
SL-6114,0.0435,219.32,14.5,27.8,1,32184.6,3,LAMP_FAILURE
SL-6115,0.3788,230.41,594.7,38.7,0,3935.6,1,WORKING
SL-6116,0.4434,220.86,0.0,39.9,2,30352.2,0,SENSOR_FAILURE
SL-6117,0.0306,215.06,3.3,24.8,1,18370.1,1,LAMP_FAILURE
SL-6118,0.4069,228.57,582.3,31.9,1,12920.7,3,SENSOR_FAILURE
SL-6119,0.5488,136.64,250.0,29.2,1,38312.6,2,VOLTAGE_ANOMALY
SL-6120,0.3994,234.51,8.3,34.8,1,13522.1,0,SENSOR_FAILURE
SL-6121,0.0127,228.36,0.0,21.0,1,24248.7,1,LAMP_FAILURE
SL-6122,0.3869,232.22,665.5,33.8,0,4014.6,2,WORKING
SL-6123,0.4497,228.65,827.6,40.3,0,39403.4,2,WORKING
SL-6124,0.0433,227.92,0.0,21.5,1,45836.2,4,LAMP_FAILURE
SL-6125,0.0,0.0,0.0,19.4,1,8806.2,2,POWER_FAILURE
SL-6126,0.3793,226.95,1756.5,35.0,2,7555.9,1,SENSOR_FAILURE
SL-6127,0.0036,228.79,15.7,26.9,1,45681.3,2,LAMP_FAILURE
SL-6128,0.0318,228.97,3.3,27.2,0,51451.5,1,LAMP_FAILURE
SL-6129,0.4912,227.52,738.1,34.3,0,25060.7,2,WORKING
SL-6130,0.8171,114.77,100.5,33.7,1,35490.5,2,VOLTAGE_ANOMALY
SL-6131,0.4754,231.22,778.4,40.3,0,24645.8,1,WORKING
SL-6132,0.0082,6.36,0.6,22.0,2,28687.3,2,POWER_FAILURE
SL-6133,0.0038,0.0,10.3,25.6,2,20079.2,0,POWER_FAILURE
SL-6134,0.3568,232.28,872.6,37.1,0,33729.5,1,WORKING
SL-6135,0.0073,15.02,0.0,25.5,2,35217.3,4,POWER_FAILURE
SL-6136,0.3795,234.23,975.0,45.3,0,5828.4,2,WORKING
SL-6137,0.4212,244.48,1469.6,34.1,1,31758.7,3,SENSOR_FAILURE
SL-6138,0.4276,228.99,1468.6,35.1,1,48692.6,1,SENSOR_FAILURE
SL-6139,0.345,232.44,20.2,22.4,1,17906.2,2,SENSOR_FAILURE
SL-6140,0.0,5.71,0.0,18.1,2,47775.0,0,POWER_FAILURE
SL-6141,0.0402,227.22,7.1,27.8,2,44489.9,1,LAMP_FAILURE
SL-6142,0.5403,234.42,1215.1,28.8,1,47508.5,3,SENSOR_FAILURE
SL-6143,0.4056,228.41,718.3,26.7,0,45122.8,2,WORKING
SL-6144,0.0178,14.36,8.0,18.7,2,27234.3,1,POWER_FAILURE
SL-6145,0.4583,225.89,12.2,29.9,2,19724.6,3,SENSOR_FAILURE
SL-6146,0.3981,227.04,945.4,33.9,0,23845.9,1,WORKING
SL-6147,0.454,224.6,629.6,36.1,0,21525.5,1,WORKING
SL-6148,0.2892,283.42,848.3,46.5,2,2729.4,2,VOLTAGE_ANOMALY
SL-6149,0.2859,270.56,319.8,55.7,2,22737.5,0,VOLTAGE_ANOMALY
SL-6150,0.0339,3.47,3.3,27.4,2,13643.2,2,POWER_FAILURE
SL-6151,0.0172,227.44,43.2,31.1,2,38038.2,3,LAMP_FAILURE
SL-6152,0.2639,282.01,751.8,72.1,0,40508.6,0,VOLTAGE_ANOMALY
SL-6153,0.3057,280.03,452.3,58.3,0,29027.7,3,VOLTAGE_ANOMALY
SL-6154,0.0179,220.43,0.0,18.2,0,11238.8,3,LAMP_FAILURE
SL-6155,0.3688,233.7,912.7,33.2,0,5735.5,0,WORKING
SL-6156,0.0272,11.49,0.1,22.5,2,42564.9,4,POWER_FAILURE
SL-6157,0.0195,234.78,8.6,26.3,0,59179.3,5,LAMP_FAILURE
SL-6158,0.3624,230.52,0.0,40.5,0,30852.7,2,SENSOR_FAILURE
SL-6159,0.3925,229.16,925.3,37.2,0,24494.1,0,WORKING
SL-6160,0.4658,228.91,981.7,41.1,0,7214.3,0,WORKING
SL-6161,0.0086,0.0,12.1,22.4,1,46276.0,0,POWER_FAILURE
SL-6162,0.421,229.57,1874.1,31.5,0,33916.6,1,SENSOR_FAILURE
SL-6163,0.39,234.24,633.6,40.7,0,45081.9,0,WORKING
SL-6164,0.0395,228.75,7.2,11.5,2,9507.5,3,LAMP_FAILURE
SL-6165,0.2877,298.81,211.0,58.0,1,29718.4,4,VOLTAGE_ANOMALY
SL-6166,0.4791,232.26,630.3,30.8,0,1184.4,2,WORKING
SL-6167,0.009,0.27,8.0,21.5,1,7893.5,3,POWER_FAILURE
SL-6168,0.0331,232.25,20.6,36.5,1,24255.3,3,LAMP_FAILURE
SL-6169,0.0,8.35,3.2,24.5,2,41168.3,1,POWER_FAILURE
SL-6170,0.0064,236.13,0.0,34.3,1,59363.3,1,LAMP_FAILURE
SL-6171,0.0309,0.0,6.9,28.4,1,18628.7,4,POWER_FAILURE
SL-6172,0.0151,3.83,0.9,18.4,1,37556.4,3,POWER_FAILURE
SL-6173,0.3688,219.93,1806.1,37.6,0,11331.8,1,SENSOR_FAILURE
SL-6174,0.3461,222.35,1.9,37.4,2,19051.2,3,SENSOR_FAILURE
SL-6175,0.011,0.0,3.8,23.6,0,2089.3,0,POWER_FAILURE
SL-6176,0.0544,223.75,20.5,29.5,1,24134.4,2,LAMP_FAILURE
SL-6177,0.3986,236.9,721.2,35.6,0,17337.0,1,WORKING
SL-6178,0.0184,224.85,9.6,31.5,1,23409.4,5,LAMP_FAILURE
SL-6179,0.0,9.69,0.0,17.5,2,35340.5,2,POWER_FAILURE
SL-6180,0.3762,227.58,804.4,37.4,0,34093.0,2,WORKING
SL-6181,0.0357,31.44,7.4,24.4,2,45351.3,2,POWER_FAILURE
SL-6182,0.2907,304.84,740.9,54.3,0,11151.3,2,VOLTAGE_ANOMALY
SL-6183,0.4409,228.08,661.5,36.6,0,34924.4,2,WORKING
SL-6184,0.1716,286.17,480.8,47.8,1,46412.9,3,VOLTAGE_ANOMALY
SL-6185,0.0247,5.94,9.1,35.7,2,6308.2,1,POWER_FAILURE
SL-6186,0.0029,228.0,0.0,34.4,1,20609.9,2,LAMP_FAILURE
SL-6187,0.5261,171.44,119.2,37.0,0,27550.1,4,VOLTAGE_ANOMALY
SL-6188,0.5347,150.85,131.7,32.8,0,17809.5,2,VOLTAGE_ANOMALY
SL-6189,0.4377,233.44,813.6,27.9,0,15697.8,0,WORKING
SL-6190,0.4517,227.37,0.0,31.0,1,11720.2,3,SENSOR_FAILURE
SL-6191,0.0,3.11,4.0,23.3,1,48365.7,1,POWER_FAILURE
SL-6192,0.1966,305.87,647.2,70.4,0,1292.3,0,VOLTAGE_ANOMALY
SL-6193,0.2949,293.37,552.4,51.5,1,28815.2,0,VOLTAGE_ANOMALY
SL-6194,0.5408,145.8,323.0,31.9,1,34122.7,0,VOLTAGE_ANOMALY
SL-6195,0.0024,223.87,7.3,26.0,1,43384.5,3,LAMP_FAILURE
SL-6196,0.2033,280.53,378.7,62.9,1,39643.0,3,VOLTAGE_ANOMALY
SL-6197,0.0285,5.4,16.7,18.9,1,42860.4,2,POWER_FAILURE
SL-6198,0.0427,232.45,19.5,26.5,0,43920.6,4,LAMP_FAILURE
SL-6199,0.4172,230.41,963.8,40.7,0,14331.4,1,WORKING
SL-6200,0.0551,214.15,7.4,33.3,1,16300.5,1,LAMP_FAILURE
SL-6201,0.4091,230.27,823.8,33.8,0,33229.9,1,WORKING
SL-6202,0.4217,222.19,768.4,35.4,0,48137.8,0,WORKING
SL-6203,0.0291,13.45,5.5,19.0,1,24900.0,4,POWER_FAILURE
SL-6204,0.4275,232.36,784.4,47.8,0,15935.2,2,WORKING
SL-6205,0.3641,233.63,1803.1,60.0,2,1572.6,2,SENSOR_FAILURE
SL-6206,0.6228,129.04,154.4,19.2,2,26112.3,3,VOLTAGE_ANOMALY
SL-6207,0.0,6.21,5.4,32.7,0,34207.7,4,POWER_FAILURE
SL-6208,0.0375,221.86,9.0,27.3,2,31736.2,2,LAMP_FAILURE
SL-6209,0.3645,229.36,1001.8,37.2,0,19387.2,2,WORKING
SL-6210,0.2598,281.11,432.0,41.3,1,36631.5,4,VOLTAGE_ANOMALY
SL-6211,0.0107,7.8,0.3,35.5,2,11583.1,3,POWER_FAILURE
SL-6212,0.025,0.0,3.8,28.2,1,36558.0,4,POWER_FAILURE
SL-6213,0.384,231.89,960.9,32.3,0,17854.7,2,WORKING
SL-6214,0.0184,4.36,2.6,22.5,2,24590.8,0,POWER_FAILURE
SL-6215,0.0563,0.0,0.0,26.5,1,4308.1,3,POWER_FAILURE
SL-6216,0.1708,226.74,68.9,21.0,2,20866.2,2,LAMP_FAILURE
SL-6217,0.477,237.99,1.7,23.1,2,14415.7,0,SENSOR_FAILURE
SL-6218,0.2199,301.64,215.3,50.1,1,26197.0,3,VOLTAGE_ANOMALY
SL-6219,0.3945,234.08,25.0,24.1,2,5307.0,1,SENSOR_FAILURE
SL-6220,0.0373,234.53,0.0,20.6,1,26145.6,2,LAMP_FAILURE
SL-6221,0.0515,228.69,3.0,37.9,0,52021.8,5,LAMP_FAILURE
SL-6222,0.3629,232.43,687.6,26.1,0,40107.9,1,WORKING
SL-6223,0.5145,168.04,283.1,31.5,1,10551.3,4,VOLTAGE_ANOMALY
SL-6224,0.3932,225.34,705.5,32.2,0,31464.1,0,WORKING
SL-6225,0.3293,300.84,570.7,60.3,2,41631.3,2,VOLTAGE_ANOMALY
SL-6226,0.4152,231.69,844.2,44.8,0,33136.4,0,WORKING
SL-6227,0.0,12.95,0.0,36.9,1,11740.4,4,POWER_FAILURE
SL-6228,0.0142,210.08,0.0,39.1,2,47525.4,2,LAMP_FAILURE
SL-6229,0.4659,224.31,632.4,41.4,0,2797.7,0,WORKING
SL-6230,0.0094,228.81,13.2,17.9,1,49848.2,4,LAMP_FAILURE
SL-6231,0.5194,233.07,0.6,23.9,0,10477.5,2,SENSOR_FAILURE
SL-6232,0.3007,273.8,469.9,75.6,1,36350.9,0,VOLTAGE_ANOMALY
SL-6233,0.4947,163.37,384.0,43.5,1,42403.5,4,VOLTAGE_ANOMALY
SL-6234,0.0321,0.0,0.0,29.1,2,19841.9,0,POWER_FAILURE
SL-6235,0.4394,232.36,972.9,34.5,0,4768.5,1,WORKING
SL-6236,0.4294,232.73,661.1,29.3,1,6932.3,0,WORKING
SL-6237,0.0242,234.24,9.2,21.2,0,22111.0,1,LAMP_FAILURE
SL-6238,0.0134,10.15,0.0,30.3,1,40586.2,1,POWER_FAILURE
SL-6239,0.4333,227.09,658.8,35.7,0,7305.6,2,WORKING
SL-6240,0.0,13.5,5.1,22.7,2,26522.1,0,POWER_FAILURE
SL-6241,0.0002,0.0,1.6,26.2,2,6923.7,1,POWER_FAILURE
SL-6242,0.4456,226.86,704.3,32.2,0,49599.1,2,WORKING
SL-6243,0.0,0.0,8.0,24.8,2,13198.9,0,POWER_FAILURE
SL-6244,0.7165,122.92,240.5,28.9,1,41518.4,1,VOLTAGE_ANOMALY
SL-6245,0.4688,235.94,41.1,74.5,0,12485.5,1,SENSOR_FAILURE
SL-6246,0.0486,13.71,2.4,22.0,2,30856.0,4,POWER_FAILURE
SL-6247,0.3953,230.32,745.5,37.3,0,43376.5,0,WORKING
SL-6248,0.0341,0.0,7.7,22.0,1,29863.2,2,POWER_FAILURE
SL-6249,0.4865,229.92,33.9,29.1,2,34223.7,1,SENSOR_FAILURE
SL-6250,0.5317,224.15,692.7,84.7,0,26432.7,0,SENSOR_FAILURE
SL-6251,0.058,231.25,10.0,23.5,1,15699.5,2,LAMP_FAILURE
SL-6252,0.4081,226.83,599.8,39.2,1,1381.6,1,WORKING
SL-6253,0.3252,234.67,1609.2,41.6,2,1439.3,1,SENSOR_FAILURE
SL-6254,0.4985,147.62,161.7,28.7,2,36117.4,4,VOLTAGE_ANOMALY
SL-6255,0.4748,159.4,285.4,22.1,1,7372.7,3,VOLTAGE_ANOMALY
SL-6256,0.0,0.0,5.7,27.1,2,671.1,0,POWER_FAILURE
SL-6257,0.0063,0.0,7.4,27.7,2,32256.0,1,POWER_FAILURE
SL-6258,0.6436,119.99,332.8,33.4,1,27024.6,3,VOLTAGE_ANOMALY
SL-6259,0.496,217.94,17.6,45.8,0,22842.1,0,SENSOR_FAILURE
SL-6260,0.3548,233.23,1.0,34.6,1,29136.2,3,SENSOR_FAILURE
SL-6261,0.2698,270.61,258.2,46.2,0,44031.0,3,VOLTAGE_ANOMALY
SL-6262,0.0342,229.91,13.7,27.7,1,49112.5,5,LAMP_FAILURE
SL-6263,0.5157,230.45,1941.1,8.1,1,8824.7,0,SENSOR_FAILURE
SL-6264,0.4461,224.31,688.8,35.7,1,41752.0,2,WORKING
SL-6265,0.3204,269.91,660.6,41.4,2,28902.4,3,VOLTAGE_ANOMALY
SL-6266,0.6282,152.6,256.6,27.2,1,30094.8,4,VOLTAGE_ANOMALY
SL-6267,0.0351,2.45,5.4,32.4,1,15164.2,2,POWER_FAILURE
SL-6268,0.1743,295.2,175.9,49.3,0,11673.9,1,VOLTAGE_ANOMALY
SL-6269,0.3627,231.75,752.3,34.8,0,19820.5,2,WORKING
SL-6270,0.4608,227.41,939.5,37.5,0,10475.2,2,WORKING
SL-6271,0.0119,8.44,8.3,17.9,2,34777.1,4,POWER_FAILURE
SL-6272,0.4716,227.98,797.3,42.1,0,17068.0,1,WORKING
SL-6273,0.2803,266.86,552.6,63.4,1,4496.7,2,VOLTAGE_ANOMALY
SL-6274,0.6649,110.13,306.0,32.0,0,35536.6,3,VOLTAGE_ANOMALY
SL-6275,0.0012,4.35,2.5,23.5,2,28500.2,0,POWER_FAILURE
SL-6276,0.0403,1.05,14.3,29.5,2,10330.7,2,POWER_FAILURE
SL-6277,0.3932,231.98,967.1,39.2,0,48896.6,0,WORKING
SL-6278,0.4365,242.64,1609.5,21.3,1,18416.7,3,SENSOR_FAILURE
SL-6279,0.0192,231.24,0.0,30.7,1,19452.9,4,LAMP_FAILURE
SL-6280,0.1965,285.31,791.8,42.7,0,14460.1,4,VOLTAGE_ANOMALY
SL-6281,0.0085,221.86,17.5,28.4,1,35524.1,4,LAMP_FAILURE
SL-6282,0.6098,126.17,106.6,38.0,1,22820.0,2,VOLTAGE_ANOMALY
SL-6283,0.0313,225.16,10.3,22.5,1,12077.2,5,LAMP_FAILURE
SL-6284,0.0263,9.72,12.6,20.0,1,33346.5,0,POWER_FAILURE
SL-6285,0.0,12.6,15.2,28.1,1,4557.4,4,POWER_FAILURE
SL-6286,0.4919,224.72,801.3,30.8,0,41509.4,0,WORKING
SL-6287,0.4273,225.32,977.6,45.0,0,24169.4,1,WORKING
SL-6288,0.0184,6.77,0.0,33.2,2,2056.4,4,POWER_FAILURE
SL-6289,0.2416,296.39,524.7,73.7,0,43570.3,4,VOLTAGE_ANOMALY
SL-6290,0.0,0.0,2.9,37.9,2,11103.3,2,POWER_FAILURE
SL-6291,0.0,6.76,13.8,37.9,2,45226.3,1,POWER_FAILURE
SL-6292,0.3778,222.53,1884.2,31.1,0,39659.2,3,SENSOR_FAILURE
SL-6293,0.2455,303.08,750.6,57.9,2,26798.8,0,VOLTAGE_ANOMALY
SL-6294,0.469,227.87,730.8,34.7,0,5379.4,1,SENSOR_FAILURE
SL-6295,0.6044,129.38,96.5,21.6,0,31185.4,0,VOLTAGE_ANOMALY
SL-6296,0.4844,228.24,812.0,39.5,1,26000.8,1,WORKING
SL-6297,0.4503,230.63,989.0,38.9,0,25306.8,1,WORKING
SL-6298,0.479,230.34,903.3,36.7,0,5775.1,2,WORKING
SL-6299,0.4047,221.34,1900.3,37.3,0,21476.8,1,SENSOR_FAILURE
SL-6300,0.4567,215.65,1679.3,49.1,1,3508.4,1,SENSOR_FAILURE
SL-6301,0.8365,100.57,105.0,23.3,2,8107.1,0,VOLTAGE_ANOMALY
SL-6302,0.0461,218.28,0.0,30.3,1,12512.1,4,LAMP_FAILURE
SL-6303,0.4562,227.44,617.1,25.4,0,48300.7,0,WORKING
SL-6304,0.4331,232.62,993.8,42.2,1,15725.7,1,WORKING
SL-6305,0.3826,229.35,778.6,32.5,0,35011.0,0,WORKING
SL-6306,0.3908,223.08,0.0,22.4,1,24982.6,2,SENSOR_FAILURE
SL-6307,0.0188,4.47,6.9,31.6,1,38212.1,3,POWER_FAILURE
SL-6308,0.0322,7.47,8.4,23.8,1,30059.2,3,POWER_FAILURE
SL-6309,0.0529,231.75,15.4,35.3,2,43770.4,1,LAMP_FAILURE
SL-6310,0.3891,233.97,847.5,41.1,0,7728.6,1,WORKING
SL-6311,0.0453,225.05,14.7,35.4,2,30795.4,3,LAMP_FAILURE
SL-6312,0.5436,136.28,132.1,30.6,1,16077.3,4,VOLTAGE_ANOMALY
SL-6313,0.3996,221.23,0.0,22.4,1,17730.5,0,SENSOR_FAILURE
SL-6314,0.0,8.57,0.0,14.6,1,5335.1,1,POWER_FAILURE
SL-6315,0.0266,2.34,1.0,24.7,0,20706.8,1,POWER_FAILURE
SL-6316,0.0326,223.37,11.8,32.4,2,53278.8,2,LAMP_FAILURE
SL-6317,0.3971,230.63,1012.1,63.6,0,4325.3,2,SENSOR_FAILURE
SL-6318,0.0104,8.69,0.0,23.5,2,21914.1,1,POWER_FAILURE
SL-6319,0.4948,232.99,774.7,36.9,0,37109.7,0,WORKING
SL-6320,0.45,156.82,336.8,24.8,1,24989.0,0,VOLTAGE_ANOMALY
SL-6321,0.0475,225.56,11.1,32.7,1,42601.8,2,LAMP_FAILURE
SL-6322,0.406,229.61,906.8,41.1,1,34563.3,2,WORKING
SL-6323,0.4192,230.73,881.3,42.2,0,8515.6,2,WORKING
SL-6324,0.1306,220.74,29.4,27.5,2,5485.0,1,LAMP_FAILURE
SL-6325,0.2186,298.25,679.6,44.9,2,13814.6,2,VOLTAGE_ANOMALY
SL-6326,0.2504,294.6,382.4,42.6,1,29099.1,4,VOLTAGE_ANOMALY
SL-6327,0.4158,230.47,863.4,35.6,0,2698.1,1,WORKING
SL-6328,0.0,0.0,1.6,21.8,2,13023.4,4,POWER_FAILURE
SL-6329,0.0261,8.7,0.0,28.8,2,30509.4,0,POWER_FAILURE
SL-6330,0.17,305.6,443.7,49.9,0,1486.1,2,VOLTAGE_ANOMALY
SL-6331,0.0,13.81,9.3,26.1,1,23549.8,0,POWER_FAILURE
SL-6332,0.001,0.0,1.1,29.7,2,30719.7,1,POWER_FAILURE
SL-6333,0.0569,233.16,27.6,26.2,2,18562.1,4,LAMP_FAILURE
SL-6334,0.0306,1.57,6.2,24.2,2,14593.6,3,POWER_FAILURE
SL-6335,0.4559,233.16,926.1,25.3,0,23722.0,0,WORKING
SL-6336,0.3828,232.64,0.0,38.9,0,43845.0,1,SENSOR_FAILURE
SL-6337,0.2326,276.71,326.1,46.3,1,42487.8,4,VOLTAGE_ANOMALY
SL-6338,0.2935,262.64,669.3,59.8,0,1367.7,2,VOLTAGE_ANOMALY
SL-6339,0.3802,231.78,994.4,31.0,1,10672.1,3,SENSOR_FAILURE
SL-6340,0.0059,7.75,0.0,27.8,2,9494.6,4,POWER_FAILURE
SL-6341,0.5745,156.16,263.2,27.8,0,5602.6,1,VOLTAGE_ANOMALY
SL-6342,0.0094,0.0,0.0,25.5,2,30400.4,4,POWER_FAILURE
SL-6343,0.0443,230.28,5.3,24.6,1,22855.8,2,LAMP_FAILURE
SL-6344,0.1519,236.1,79.3,34.9,2,33978.9,1,LAMP_FAILURE
SL-6345,0.2574,297.24,861.0,72.3,0,41079.5,3,VOLTAGE_ANOMALY
SL-6346,0.4813,231.13,949.8,31.3,0,44944.1,0,WORKING
SL-6347,0.0594,231.55,0.0,42.5,2,27870.8,4,LAMP_FAILURE
SL-6348,0.3638,226.77,591.6,27.0,0,29063.9,0,WORKING
SL-6349,0.4568,225.35,11.1,38.9,2,13407.7,0,SENSOR_FAILURE
SL-6350,0.5016,136.37,207.2,36.6,1,13691.0,0,VOLTAGE_ANOMALY
SL-6351,0.416,223.34,821.5,40.6,0,34697.3,2,WORKING
SL-6352,0.0,1.82,0.0,22.8,1,1240.8,4,POWER_FAILURE
SL-6353,0.0131,0.0,10.6,35.8,1,39110.9,3,POWER_FAILURE
SL-6354,0.3148,298.01,613.1,48.8,0,28559.8,1,VOLTAGE_ANOMALY
SL-6355,0.0244,224.66,5.5,28.3,2,19272.7,4,LAMP_FAILURE
SL-6356,0.035,9.24,7.9,18.8,2,3710.7,4,POWER_FAILURE
SL-6357,0.2934,266.17,721.7,38.1,2,8570.0,2,VOLTAGE_ANOMALY
SL-6358,0.4715,225.12,737.8,32.3,0,20667.4,2,WORKING
SL-6359,0.0174,13.23,10.2,19.8,2,4070.0,4,POWER_FAILURE
SL-6360,0.4373,231.06,8.6,29.3,2,22487.5,2,SENSOR_FAILURE
SL-6361,0.3811,231.78,5.1,26.1,0,39073.3,2,SENSOR_FAILURE
SL-6362,0.515,144.22,239.5,22.4,1,10356.1,3,VOLTAGE_ANOMALY
SL-6363,0.4156,236.8,776.5,31.9,0,14422.1,2,WORKING
SL-6364,0.4051,236.79,0.0,24.3,1,17737.6,1,SENSOR_FAILURE
SL-6365,0.0524,233.24,6.1,38.6,1,24375.5,5,LAMP_FAILURE
SL-6366,0.0194,4.96,0.0,24.1,2,16219.0,2,POWER_FAILURE
SL-6367,0.0524,223.41,0.0,25.9,1,24945.4,2,LAMP_FAILURE
SL-6368,0.3587,229.98,764.1,38.7,0,8786.8,2,WORKING
SL-6369,0.3946,240.25,24.0,38.1,1,34260.9,3,SENSOR_FAILURE
SL-6370,0.3439,273.53,595.7,47.1,1,47200.8,4,VOLTAGE_ANOMALY
SL-6371,0.0108,230.69,0.0,30.4,1,9458.1,1,LAMP_FAILURE
SL-6372,0.0138,228.16,0.0,26.0,2,37700.8,1,LAMP_FAILURE
SL-6373,0.0325,226.96,5.4,30.9,0,24722.4,5,LAMP_FAILURE
SL-6374,0.3733,232.03,874.7,23.3,0,19232.7,0,WORKING
SL-6375,0.0428,232.95,6.6,13.1,1,9947.1,5,LAMP_FAILURE
SL-6376,0.0432,227.93,0.0,21.9,2,57172.3,4,LAMP_FAILURE
SL-6377,0.4344,231.14,801.5,25.1,0,15588.3,2,WORKING
SL-6378,0.2641,288.58,623.4,42.5,0,48621.4,1,VOLTAGE_ANOMALY
SL-6379,0.0209,4.87,0.0,29.2,2,9454.8,2,POWER_FAILURE
SL-6380,0.474,234.5,921.6,37.3,0,46087.2,2,WORKING
SL-6381,0.4201,228.04,858.1,27.5,0,30705.3,0,WORKING
SL-6382,0.3589,284.51,755.8,51.0,2,20874.8,0,VOLTAGE_ANOMALY
SL-6383,0.0253,222.94,36.3,24.8,0,41888.0,4,LAMP_FAILURE
SL-6384,0.0003,0.0,0.0,27.0,2,645.8,3,POWER_FAILURE
SL-6385,0.0087,230.96,45.1,31.5,1,16294.6,2,LAMP_FAILURE
SL-6386,0.0111,230.98,0.0,39.0,2,44193.6,2,LAMP_FAILURE
SL-6387,0.0557,226.23,6.1,19.6,2,32874.8,5,LAMP_FAILURE
SL-6388,0.0,6.82,0.0,24.3,2,5585.6,2,POWER_FAILURE
SL-6389,0.0209,218.69,6.8,27.9,0,33427.3,1,LAMP_FAILURE
SL-6390,0.0,2.58,5.3,26.7,2,26376.4,2,POWER_FAILURE
SL-6391,0.0121,5.61,3.1,26.2,1,48973.7,1,POWER_FAILURE
SL-6392,0.0924,226.29,79.1,22.5,1,26782.9,4,LAMP_FAILURE
SL-6393,0.0163,228.49,6.5,33.2,2,47373.5,5,LAMP_FAILURE
SL-6394,0.0429,232.89,6.5,26.3,1,39316.8,5,LAMP_FAILURE
SL-6395,0.0319,4.65,10.8,22.9,1,7221.7,0,POWER_FAILURE
SL-6396,0.5609,236.6,838.3,52.6,0,34409.1,3,SENSOR_FAILURE
SL-6397,0.3953,229.79,826.3,32.8,0,2792.8,2,WORKING
SL-6398,0.3258,274.82,236.9,74.1,1,44093.3,2,VOLTAGE_ANOMALY
SL-6399,0.2122,285.83,406.8,53.2,1,30545.6,2,VOLTAGE_ANOMALY
SL-6400,0.3688,220.31,1780.4,26.4,2,43784.0,0,SENSOR_FAILURE
SL-6401,0.7362,105.02,150.1,27.1,1,29504.3,4,VOLTAGE_ANOMALY
SL-6402,0.2777,297.48,287.2,48.4,2,19711.2,4,VOLTAGE_ANOMALY
SL-6403,0.3848,231.18,6.0,63.6,1,33684.9,0,SENSOR_FAILURE
SL-6404,0.4736,237.73,389.1,50.4,2,35741.8,3,SENSOR_FAILURE
SL-6405,0.4384,226.37,612.5,30.0,0,25434.2,2,WORKING
SL-6406,0.6025,124.77,126.9,23.4,2,20335.5,3,VOLTAGE_ANOMALY
SL-6407,0.5412,146.87,318.5,28.4,2,13040.2,2,VOLTAGE_ANOMALY
SL-6408,0.3293,221.33,0.0,32.6,2,11470.3,0,SENSOR_FAILURE
SL-6409,0.4645,229.47,634.3,33.2,0,42468.2,0,WORKING
SL-6410,0.6716,122.27,301.0,35.4,1,24567.1,2,VOLTAGE_ANOMALY
SL-6411,0.0454,222.44,9.4,33.3,2,54686.3,1,LAMP_FAILURE
SL-6412,0.0,1.3,0.0,26.0,1,6374.2,2,POWER_FAILURE
SL-6413,0.0,16.56,0.0,17.8,2,41258.8,1,POWER_FAILURE
SL-6414,0.4569,165.33,307.2,37.6,0,7750.6,0,VOLTAGE_ANOMALY
SL-6415,0.0,1.76,4.3,29.5,2,7946.5,2,POWER_FAILURE
SL-6416,0.0,10.39,2.6,19.7,1,42371.7,0,POWER_FAILURE
SL-6417,0.2949,229.06,13.3,33.4,0,31967.7,1,SENSOR_FAILURE
SL-6418,0.0256,223.82,6.9,38.3,1,24565.7,3,LAMP_FAILURE
SL-6419,0.3921,231.46,769.4,37.2,0,35625.2,0,WORKING
SL-6420,0.0013,0.0,0.0,18.4,2,21296.9,4,POWER_FAILURE
SL-6421,0.3579,230.04,697.8,49.0,0,40548.7,0,WORKING
SL-6422,0.4348,231.52,1340.8,38.2,0,628.6,2,SENSOR_FAILURE
SL-6423,0.4974,227.04,623.5,41.5,0,43490.8,2,WORKING
SL-6424,0.0014,16.85,0.0,23.3,0,37756.7,1,POWER_FAILURE
SL-6425,0.0069,5.52,0.0,30.8,1,34294.0,4,POWER_FAILURE
SL-6426,0.0086,0.0,7.7,18.5,2,25678.6,1,POWER_FAILURE
SL-6427,0.0244,225.95,0.0,24.2,1,9203.1,3,LAMP_FAILURE
SL-6428,0.0052,226.55,7.4,17.0,1,27328.1,5,LAMP_FAILURE
SL-6429,0.3507,227.89,765.1,35.6,0,37165.2,0,WORKING
SL-6430,0.0141,0.0,3.4,28.1,2,25993.1,2,POWER_FAILURE
SL-6431,0.3899,228.77,19.7,35.4,1,42914.7,1,SENSOR_FAILURE
SL-6432,0.4903,233.59,0.0,64.3,0,49554.0,3,SENSOR_FAILURE
SL-6433,0.412,226.98,839.5,24.6,1,42552.9,2,WORKING
SL-6434,0.3942,231.89,739.1,40.1,0,40026.7,0,WORKING
SL-6435,0.5829,232.98,1507.7,28.8,0,36058.6,2,SENSOR_FAILURE
SL-6436,0.0144,0.0,5.0,19.1,2,26521.7,0,POWER_FAILURE
SL-6437,0.4332,234.27,775.9,32.9,1,46447.5,2,WORKING
SL-6438,0.4639,218.45,0.0,37.4,2,8522.4,0,SENSOR_FAILURE
SL-6439,0.025,13.47,7.5,16.9,0,43315.9,0,POWER_FAILURE
SL-6440,0.0016,0.0,0.0,30.0,2,33071.1,0,POWER_FAILURE
SL-6441,0.0545,231.61,15.2,36.0,2,49419.7,5,LAMP_FAILURE
SL-6442,0.6175,153.09,217.9,35.4,0,38332.8,3,VOLTAGE_ANOMALY
SL-6443,0.4886,227.48,772.4,39.9,0,21351.8,0,WORKING
SL-6444,0.4177,241.18,1716.9,29.5,1,531.7,0,SENSOR_FAILURE
SL-6445,0.5006,155.61,241.9,27.2,0,38838.7,4,VOLTAGE_ANOMALY
SL-6446,0.4269,231.47,1483.1,42.3,1,22346.0,3,SENSOR_FAILURE
SL-6447,0.2723,286.84,841.9,53.9,0,7680.9,0,VOLTAGE_ANOMALY
SL-6448,0.6323,131.87,265.7,29.5,1,33815.3,3,VOLTAGE_ANOMALY
SL-6449,0.0485,222.26,0.5,24.2,1,51915.5,5,LAMP_FAILURE
SL-6450,0.0097,217.18,18.9,29.1,1,39324.3,1,LAMP_FAILURE
SL-6451,0.4299,225.86,996.9,38.2,0,39317.8,0,WORKING
SL-6452,0.4312,224.42,0.0,55.3,0,42426.2,2,SENSOR_FAILURE
SL-6453,0.0335,231.1,19.5,28.2,1,39914.6,5,LAMP_FAILURE
SL-6454,0.4334,176.26,248.4,26.7,1,23935.1,0,VOLTAGE_ANOMALY
SL-6455,0.4394,220.28,924.8,34.1,2,7604.4,1,SENSOR_FAILURE
SL-6456,0.3273,243.48,1783.4,40.7,0,8192.8,3,SENSOR_FAILURE
SL-6457,0.3199,262.23,302.2,63.3,1,10504.0,1,VOLTAGE_ANOMALY
SL-6458,0.0,0.0,0.0,20.2,1,20368.7,1,POWER_FAILURE
SL-6459,0.4094,231.5,899.3,35.4,0,18876.4,2,WORKING
SL-6460,0.0977,232.17,40.4,29.0,2,36479.5,4,LAMP_FAILURE
SL-6461,0.0179,14.63,4.0,17.5,1,42145.1,1,POWER_FAILURE
SL-6462,0.3949,236.89,21.0,22.0,0,20130.9,3,SENSOR_FAILURE
SL-6463,0.2283,298.52,846.1,53.0,0,32525.4,4,VOLTAGE_ANOMALY
SL-6464,0.4558,230.22,953.3,36.6,0,34921.1,1,WORKING
SL-6465,0.4609,229.86,1702.7,27.9,0,29967.8,2,SENSOR_FAILURE
SL-6466,0.0408,8.48,2.2,24.3,2,13400.6,4,POWER_FAILURE
SL-6467,0.0019,18.58,0.0,40.8,1,2921.3,1,POWER_FAILURE
SL-6468,0.455,228.08,23.2,69.2,1,39379.6,0,SENSOR_FAILURE
SL-6469,0.049,232.93,0.0,26.5,2,8260.4,2,LAMP_FAILURE
SL-6470,0.36,233.07,693.4,31.8,0,6012.9,1,WORKING
SL-6471,0.0,7.18,11.0,24.3,2,38500.5,1,POWER_FAILURE
SL-6472,0.0186,10.0,8.8,20.7,2,11663.1,4,POWER_FAILURE
SL-6473,0.032,6.05,4.2,28.0,2,32772.5,1,POWER_FAILURE
SL-6474,0.0435,223.25,0.0,17.6,1,11225.2,2,LAMP_FAILURE
SL-6475,0.3366,232.69,1389.3,35.8,1,38757.9,3,SENSOR_FAILURE
SL-6476,0.0109,0.0,12.0,21.4,1,30747.3,3,POWER_FAILURE
SL-6477,0.4565,225.71,732.2,43.4,0,23816.8,0,WORKING
SL-6478,0.4813,223.22,1539.8,59.7,1,32850.7,3,SENSOR_FAILURE
SL-6479,0.0556,227.91,13.2,26.2,1,31841.7,1,LAMP_FAILURE
SL-6480,0.0472,230.96,0.0,40.0,1,13220.0,2,LAMP_FAILURE
SL-6481,0.2717,296.28,742.3,42.9,0,14597.3,2,VOLTAGE_ANOMALY
SL-6482,0.3607,234.82,1493.3,36.6,1,47733.6,0,SENSOR_FAILURE
SL-6483,0.5389,133.49,125.2,23.4,0,12090.6,3,VOLTAGE_ANOMALY
SL-6484,0.0312,224.8,12.8,18.9,2,7439.5,4,LAMP_FAILURE
SL-6485,0.4471,227.7,1174.5,53.2,2,42259.6,1,SENSOR_FAILURE
SL-6486,0.3666,229.66,900.8,43.0,0,20096.3,0,WORKING
SL-6487,0.2471,272.9,367.4,55.6,0,48769.3,2,VOLTAGE_ANOMALY
SL-6488,0.0188,3.22,0.0,27.7,1,44501.4,3,POWER_FAILURE
SL-6489,0.4124,231.3,993.6,30.1,0,24635.7,2,WORKING
SL-6490,0.6934,123.97,229.0,23.4,0,21508.7,2,VOLTAGE_ANOMALY
SL-6491,0.0,13.16,7.9,20.7,2,49011.0,0,POWER_FAILURE
SL-6492,0.2443,288.82,522.7,47.7,1,7274.7,0,VOLTAGE_ANOMALY
SL-6493,0.0002,229.03,13.7,26.6,2,9906.6,5,LAMP_FAILURE
SL-6494,0.0467,230.26,26.0,31.9,1,55423.1,3,LAMP_FAILURE
SL-6495,0.0477,231.02,13.2,17.7,2,30807.3,5,LAMP_FAILURE
SL-6496,0.0,3.02,9.6,30.0,1,34662.2,2,POWER_FAILURE
SL-6497,0.3554,229.61,744.4,35.3,0,12103.7,2,WORKING
SL-6498,0.3873,229.94,830.7,32.7,0,9636.9,1,WORKING
SL-6499,0.8085,102.04,89.2,26.9,0,9657.4,4,VOLTAGE_ANOMALY
SL-6500,0.0088,229.27,0.0,26.8,2,17258.4,5,LAMP_FAILURE
SL-6501,0.4692,231.2,896.2,33.1,0,12255.8,2,WORKING
SL-6502,0.0166,229.33,7.6,21.7,2,18072.7,4,LAMP_FAILURE
SL-6503,0.4883,223.59,772.8,38.5,0,36379.3,1,WORKING
SL-6504,0.4987,156.4,261.2,22.0,0,27592.2,4,VOLTAGE_ANOMALY
SL-6505,0.009,7.52,0.0,22.7,1,6230.4,4,POWER_FAILURE
SL-6506,0.5216,231.44,6.5,48.6,0,850.8,2,SENSOR_FAILURE
SL-6507,0.4243,230.14,747.9,33.3,0,19223.5,0,WORKING
SL-6508,0.4096,223.63,0.5,43.3,0,22161.6,0,SENSOR_FAILURE
SL-6509,0.4938,228.19,639.7,29.2,0,30059.3,0,WORKING
SL-6510,0.0139,0.0,3.3,25.5,2,37182.6,4,POWER_FAILURE
SL-6511,0.0108,15.16,0.0,25.7,1,23500.5,2,POWER_FAILURE
SL-6512,0.4628,225.06,602.6,34.7,0,4142.4,0,WORKING
SL-6513,0.019,3.3,0.0,23.1,2,2476.2,3,POWER_FAILURE
SL-6514,0.4486,222.61,0.0,32.8,2,3832.2,0,SENSOR_FAILURE
SL-6515,0.0,0.0,6.2,26.1,2,615.4,1,POWER_FAILURE
SL-6516,0.493,227.93,814.9,36.4,0,30824.8,1,WORKING
SL-6517,0.1767,306.87,355.7,66.0,1,17370.5,4,VOLTAGE_ANOMALY
SL-6518,0.2577,290.14,734.8,47.0,1,37242.3,2,VOLTAGE_ANOMALY
SL-6519,0.0544,224.19,9.5,26.3,1,22836.4,5,LAMP_FAILURE
SL-6520,0.0337,225.34,17.9,28.4,1,13854.5,4,LAMP_FAILURE
SL-6521,0.0,4.91,4.4,31.8,0,37130.0,0,POWER_FAILURE
SL-6522,0.2671,237.02,291.9,34.0,1,28861.0,3,SENSOR_FAILURE
SL-6523,0.2279,280.33,506.5,63.4,1,34169.0,0,VOLTAGE_ANOMALY
SL-6524,0.4955,171.5,180.7,26.7,0,8445.9,1,VOLTAGE_ANOMALY
SL-6525,0.6584,135.57,66.2,34.5,0,23977.5,2,VOLTAGE_ANOMALY
SL-6526,0.4101,236.02,20.4,36.6,0,38726.5,0,SENSOR_FAILURE
SL-6527,0.4725,235.61,32.6,65.9,1,6036.8,2,SENSOR_FAILURE
SL-6528,0.0289,0.0,3.3,34.2,0,14422.9,3,POWER_FAILURE
SL-6529,0.0301,11.51,3.0,17.9,1,3873.6,3,POWER_FAILURE
SL-6530,0.4057,231.86,17.0,49.3,0,3678.2,0,SENSOR_FAILURE
SL-6531,0.0595,234.48,0.0,18.2,2,37383.5,5,LAMP_FAILURE
SL-6532,0.0304,9.59,3.9,19.3,2,4369.1,3,POWER_FAILURE
SL-6533,0.0208,11.33,1.7,19.0,2,26486.0,1,POWER_FAILURE
SL-6534,0.7198,126.98,258.6,27.9,1,2742.9,1,VOLTAGE_ANOMALY
SL-6535,0.3294,228.8,63.4,32.2,0,13394.6,0,SENSOR_FAILURE
SL-6536,0.5174,150.56,276.9,26.8,0,37372.7,3,VOLTAGE_ANOMALY
SL-6537,0.4802,221.06,1851.5,28.4,0,46085.8,2,SENSOR_FAILURE
SL-6538,0.4943,160.93,251.6,32.3,0,30452.6,4,VOLTAGE_ANOMALY
SL-6539,0.5042,239.93,23.1,48.1,1,8298.2,1,SENSOR_FAILURE
SL-6540,0.0,6.1,4.0,22.6,2,26875.1,4,POWER_FAILURE
SL-6541,0.2588,305.55,409.6,26.2,0,15089.5,3,VOLTAGE_ANOMALY
SL-6542,0.4697,170.87,295.7,30.3,1,3083.6,1,VOLTAGE_ANOMALY
SL-6543,0.327,299.82,358.3,58.9,0,10025.3,1,VOLTAGE_ANOMALY
SL-6544,0.3545,270.61,533.7,51.0,0,31488.4,3,VOLTAGE_ANOMALY
SL-6545,0.498,227.86,663.3,40.1,0,42873.6,2,WORKING
SL-6546,0.7042,111.2,100.7,36.4,0,17650.6,2,VOLTAGE_ANOMALY
SL-6547,0.7143,111.99,352.7,25.4,1,48155.3,4,VOLTAGE_ANOMALY
SL-6548,0.4288,222.86,714.8,24.2,0,22310.1,0,WORKING
SL-6549,0.3103,235.3,2.2,11.1,1,46539.3,1,SENSOR_FAILURE
SL-6550,0.2111,264.52,771.3,48.2,1,40911.8,1,VOLTAGE_ANOMALY
SL-6551,0.3422,230.09,26.6,55.8,0,48806.8,0,SENSOR_FAILURE
SL-6552,0.0,1.97,2.8,34.0,1,19458.5,3,POWER_FAILURE
SL-6553,0.4555,238.33,5.3,29.7,2,4925.1,2,SENSOR_FAILURE
SL-6554,0.0,5.81,6.2,30.8,2,42461.2,0,POWER_FAILURE
SL-6555,0.4958,229.05,982.2,38.1,0,7009.9,0,WORKING
SL-6556,0.4305,234.27,719.0,39.6,0,35515.4,0,WORKING
SL-6557,0.0155,11.61,0.0,16.9,2,4463.0,1,POWER_FAILURE
SL-6558,0.0364,230.83,12.8,23.2,2,46316.4,2,LAMP_FAILURE
SL-6559,0.4354,221.1,1338.7,73.5,1,31348.7,3,SENSOR_FAILURE
SL-6560,0.4149,219.67,1399.3,47.0,0,42743.1,2,SENSOR_FAILURE
SL-6561,0.6304,132.33,354.3,46.1,0,15797.8,3,VOLTAGE_ANOMALY
SL-6562,0.0401,5.54,14.2,22.6,2,45283.3,4,POWER_FAILURE
SL-6563,0.0,1.05,7.9,17.0,1,39607.5,0,POWER_FAILURE
SL-6564,0.0014,221.31,4.1,36.3,0,18373.9,1,LAMP_FAILURE
SL-6565,0.2999,273.41,398.6,59.7,0,3256.3,0,VOLTAGE_ANOMALY
SL-6566,0.02,224.61,9.5,27.8,2,11506.7,3,LAMP_FAILURE
SL-6567,0.06,226.42,27.3,35.0,1,10412.2,5,LAMP_FAILURE
SL-6568,0.3574,226.18,774.5,38.6,0,2292.1,0,WORKING
SL-6569,0.363,179.44,284.6,31.1,0,19253.4,2,VOLTAGE_ANOMALY
SL-6570,0.4196,230.65,660.2,34.5,0,34650.6,0,WORKING
SL-6571,0.0344,0.0,0.4,30.3,0,6959.1,3,POWER_FAILURE
SL-6572,0.0428,1.23,0.0,31.8,2,2652.2,3,POWER_FAILURE
SL-6573,0.6321,140.54,96.9,32.7,2,35141.6,1,VOLTAGE_ANOMALY
SL-6574,0.1033,232.74,62.6,31.1,1,51698.1,2,LAMP_FAILURE
SL-6575,0.0309,222.53,0.0,17.3,1,22741.0,2,LAMP_FAILURE
SL-6576,0.4876,229.8,1866.2,34.4,0,36637.2,0,SENSOR_FAILURE
SL-6577,0.0211,0.0,3.5,29.2,2,11754.1,2,POWER_FAILURE
SL-6578,0.0165,1.07,4.0,28.1,2,5502.4,0,POWER_FAILURE
SL-6579,0.0,5.55,0.0,18.7,2,4202.1,0,POWER_FAILURE
SL-6580,0.0,3.77,0.0,26.9,2,20867.2,4,POWER_FAILURE
SL-6581,0.4864,130.7,212.1,37.6,0,27293.2,2,VOLTAGE_ANOMALY
SL-6582,0.4448,231.33,2.8,63.3,2,13775.0,3,SENSOR_FAILURE
SL-6583,0.4138,229.83,821.4,46.6,0,35293.0,0,SENSOR_FAILURE
SL-6584,0.0326,0.0,2.6,28.5,2,34869.7,2,POWER_FAILURE
SL-6585,0.4581,231.26,943.6,36.0,0,4564.8,1,WORKING
SL-6586,0.1653,231.63,57.5,29.5,1,27636.4,4,LAMP_FAILURE
SL-6587,0.6303,123.6,40.6,43.3,1,12535.5,3,VOLTAGE_ANOMALY
SL-6588,0.3995,225.51,630.3,38.5,1,19900.3,1,WORKING
SL-6589,0.3555,299.79,571.9,65.5,2,13539.2,3,VOLTAGE_ANOMALY
SL-6590,0.0031,13.44,5.0,18.4,1,47507.2,4,POWER_FAILURE
SL-6591,0.0572,222.04,31.6,32.4,0,53826.5,1,LAMP_FAILURE
SL-6592,0.4167,240.36,140.1,57.1,2,11486.9,0,SENSOR_FAILURE
SL-6593,0.0551,0.0,0.0,21.8,1,45881.0,4,POWER_FAILURE
SL-6594,0.0465,5.38,0.0,24.5,1,29450.6,0,POWER_FAILURE
SL-6595,0.0388,222.21,21.9,25.7,1,43195.2,1,LAMP_FAILURE
SL-6596,0.3847,229.86,721.8,26.5,0,42386.7,0,WORKING
SL-6597,0.4595,228.14,879.9,29.3,0,34933.0,1,WORKING
SL-6598,0.3729,226.66,784.5,22.0,1,18205.1,0,WORKING
SL-6599,0.0048,228.49,8.2,23.5,2,59972.3,5,LAMP_FAILURE
SL-6600,0.1808,305.95,545.0,59.5,0,30394.0,0,VOLTAGE_ANOMALY
SL-6601,0.0531,238.71,0.0,29.2,1,20464.9,5,LAMP_FAILURE
SL-6602,0.262,268.0,626.3,54.9,0,47108.9,1,VOLTAGE_ANOMALY
SL-6603,0.005,222.63,0.0,29.3,1,40446.5,2,LAMP_FAILURE
SL-6604,0.3676,227.25,938.2,36.2,0,39008.1,0,WORKING
SL-6605,0.0174,223.22,14.6,28.3,2,38683.7,4,LAMP_FAILURE
SL-6606,0.4693,230.82,758.0,28.9,0,18352.5,1,WORKING
SL-6607,0.369,231.63,660.6,34.1,0,6791.8,1,WORKING
SL-6608,0.4228,232.8,1627.5,35.1,0,21114.9,0,SENSOR_FAILURE
SL-6609,0.0174,4.78,3.4,20.5,2,12984.3,2,POWER_FAILURE
SL-6610,0.0589,233.62,0.0,24.8,1,35856.8,5,LAMP_FAILURE
SL-6611,0.2579,306.48,497.1,86.2,0,42061.6,0,VOLTAGE_ANOMALY
SL-6612,0.5667,153.24,109.7,34.8,0,705.7,4,VOLTAGE_ANOMALY
SL-6613,0.3843,233.25,632.7,34.3,1,654.7,3,SENSOR_FAILURE
SL-6614,0.023,232.33,7.3,23.1,2,14835.9,3,LAMP_FAILURE
SL-6615,0.0,19.48,0.0,12.2,1,1151.3,0,POWER_FAILURE
SL-6616,0.3348,305.46,338.0,68.4,0,13738.0,2,VOLTAGE_ANOMALY
SL-6617,0.0198,225.39,30.0,23.7,2,59951.8,5,LAMP_FAILURE
SL-6618,0.0513,229.21,10.3,16.0,2,18217.1,4,LAMP_FAILURE
SL-6619,0.3617,228.2,856.9,32.6,0,7474.1,1,WORKING
SL-6620,0.2514,291.65,486.9,50.0,1,43617.8,2,VOLTAGE_ANOMALY
SL-6621,0.0209,228.07,7.2,23.7,0,19517.2,4,LAMP_FAILURE
SL-6622,0.3952,224.08,657.2,39.6,0,37554.7,1,WORKING
SL-6623,0.0144,0.86,4.8,21.6,1,34255.8,1,POWER_FAILURE
SL-6624,0.0,2.46,2.8,23.7,1,36494.5,0,POWER_FAILURE
SL-6625,0.0965,220.55,29.4,27.7,2,58991.8,2,LAMP_FAILURE
SL-6626,0.0499,232.33,43.9,36.4,2,57636.4,2,LAMP_FAILURE
SL-6627,0.6475,124.81,165.7,38.5,1,40222.7,1,VOLTAGE_ANOMALY
SL-6628,0.248,260.77,901.2,70.3,1,10809.5,0,VOLTAGE_ANOMALY
SL-6629,0.6971,109.95,254.6,30.1,0,32001.8,4,VOLTAGE_ANOMALY
SL-6630,0.1358,227.42,60.1,22.3,1,51499.4,2,LAMP_FAILURE
SL-6631,0.4769,227.96,10.3,79.0,0,48104.2,1,SENSOR_FAILURE
SL-6632,0.3175,233.78,0.0,73.0,0,12305.6,2,SENSOR_FAILURE
SL-6633,0.5347,226.5,18.7,37.9,0,27283.7,1,SENSOR_FAILURE
SL-6634,0.7458,106.95,265.8,31.7,0,1599.1,2,VOLTAGE_ANOMALY
SL-6635,0.2585,279.64,829.1,68.7,0,48146.4,4,VOLTAGE_ANOMALY
SL-6636,0.3911,231.4,4.0,49.4,1,28576.9,1,SENSOR_FAILURE
SL-6637,0.0575,228.44,4.6,25.8,0,50559.0,3,LAMP_FAILURE
SL-6638,0.6321,128.44,109.0,34.9,0,5976.1,3,VOLTAGE_ANOMALY
SL-6639,0.0147,234.68,24.9,27.9,2,47855.3,2,LAMP_FAILURE
SL-6640,0.0259,219.78,27.9,42.0,2,36200.7,5,LAMP_FAILURE
SL-6641,0.4878,228.85,0.0,33.7,1,16954.3,2,SENSOR_FAILURE
SL-6642,0.0195,2.89,0.2,26.5,2,33307.9,1,POWER_FAILURE
SL-6643,0.0012,229.33,9.2,35.0,1,18176.8,4,LAMP_FAILURE
SL-6644,0.0337,232.15,41.1,38.0,1,23322.4,3,LAMP_FAILURE
SL-6645,0.0399,226.4,8.9,27.7,2,22667.5,4,LAMP_FAILURE
SL-6646,0.4249,220.88,22.8,34.0,0,30522.9,0,SENSOR_FAILURE
SL-6647,0.1402,230.75,63.1,19.7,1,45010.7,4,LAMP_FAILURE
SL-6648,0.4296,229.19,719.1,39.8,0,11000.6,0,WORKING
SL-6649,0.0319,233.01,1.6,16.2,1,27051.4,2,LAMP_FAILURE
SL-6650,0.4495,230.69,946.9,43.8,0,25704.5,2,WORKING
SL-6651,0.0449,240.16,15.6,23.9,2,21210.2,1,LAMP_FAILURE
SL-6652,0.057,229.94,18.6,31.9,2,12622.1,3,LAMP_FAILURE
SL-6653,0.4866,230.75,799.5,42.3,0,11727.8,1,WORKING
SL-6654,0.4425,228.24,853.9,28.4,0,3246.3,2,WORKING
SL-6655,0.3683,229.84,974.1,32.7,0,46081.2,0,WORKING
SL-6656,0.4416,230.52,734.3,36.9,0,38370.0,0,WORKING
SL-6657,0.0558,225.67,9.1,30.0,1,49806.3,2,LAMP_FAILURE
SL-6658,0.3223,275.35,607.3,75.7,1,16591.5,2,VOLTAGE_ANOMALY
SL-6659,0.509,230.08,1142.1,33.0,1,18675.3,3,SENSOR_FAILURE
SL-6660,0.4282,232.62,162.7,20.6,0,27717.9,3,SENSOR_FAILURE
SL-6661,0.4864,235.72,352.3,41.7,1,49946.8,3,SENSOR_FAILURE
SL-6662,0.4743,232.74,800.3,40.8,0,31882.1,0,WORKING
SL-6663,0.2266,266.3,685.2,59.8,0,21512.0,4,VOLTAGE_ANOMALY
SL-6664,0.0458,223.98,12.0,26.2,1,5007.6,5,LAMP_FAILURE
SL-6665,0.3425,225.72,20.7,32.2,2,29518.1,1,SENSOR_FAILURE
SL-6666,0.6304,149.73,285.0,26.1,0,29757.8,0,VOLTAGE_ANOMALY
SL-6667,0.035,236.89,2.2,23.0,2,35949.0,4,LAMP_FAILURE
SL-6668,0.0288,229.77,0.0,30.4,1,58094.1,3,LAMP_FAILURE
SL-6669,0.0,6.24,0.0,27.5,1,2358.5,0,POWER_FAILURE
SL-6670,0.0578,231.51,0.0,15.0,2,48382.0,2,LAMP_FAILURE
SL-6671,0.0162,0.0,3.4,31.7,1,8410.9,1,POWER_FAILURE
SL-6672,0.0304,0.0,4.7,27.8,2,16197.5,3,POWER_FAILURE
SL-6673,0.059,223.65,5.3,26.5,0,41271.5,3,LAMP_FAILURE
SL-6674,0.031,0.0,4.3,34.5,2,28926.1,4,POWER_FAILURE
SL-6675,0.51,156.88,288.0,29.6,0,34849.6,1,VOLTAGE_ANOMALY
SL-6676,0.024,221.3,6.1,30.1,2,45859.7,1,LAMP_FAILURE
SL-6677,0.4833,225.2,819.6,41.2,0,2791.6,2,WORKING
SL-6678,0.0236,227.18,25.3,35.1,1,52122.9,2,LAMP_FAILURE
SL-6679,0.0889,217.69,29.5,35.1,1,43187.3,5,LAMP_FAILURE
SL-6680,0.469,229.66,867.1,36.1,0,17620.6,2,WORKING
SL-6681,0.044,232.27,7.0,33.4,1,7395.8,5,LAMP_FAILURE
SL-6682,0.032,0.69,9.9,23.1,1,13951.7,1,POWER_FAILURE
SL-6683,0.4382,220.34,512.5,40.4,1,37389.7,1,SENSOR_FAILURE
SL-6684,0.5012,235.99,675.8,24.7,1,25365.8,0,SENSOR_FAILURE
SL-6685,0.6188,145.42,272.7,31.5,0,49836.3,1,VOLTAGE_ANOMALY
SL-6686,0.0016,6.13,2.4,23.4,2,15332.9,2,POWER_FAILURE
SL-6687,0.0126,0.0,3.0,25.1,2,3570.4,0,POWER_FAILURE
SL-6688,0.0,6.8,1.3,17.5,0,21130.1,2,POWER_FAILURE
SL-6689,0.4615,231.46,887.1,37.1,0,18245.6,2,WORKING
SL-6690,0.0088,232.4,0.0,19.1,2,50383.8,1,LAMP_FAILURE
SL-6691,0.0578,229.55,16.3,19.1,1,58818.5,3,LAMP_FAILURE
SL-6692,0.0428,222.97,27.2,25.6,2,16839.2,1,LAMP_FAILURE
SL-6693,0.0224,230.0,31.4,30.9,1,35107.5,5,LAMP_FAILURE
SL-6694,0.4964,231.5,655.7,30.1,0,37357.0,2,WORKING
SL-6695,0.4433,225.52,10.1,45.3,0,33098.0,0,SENSOR_FAILURE
SL-6696,0.6932,111.91,150.7,29.6,0,21932.9,2,VOLTAGE_ANOMALY
SL-6697,0.0131,4.64,4.1,20.5,2,16590.2,3,POWER_FAILURE
SL-6698,0.0003,225.01,33.5,31.9,1,36063.3,5,LAMP_FAILURE
SL-6699,0.4493,224.44,917.4,40.5,0,45689.9,2,WORKING
SL-6700,0.112,239.08,47.4,17.0,2,50441.7,5,LAMP_FAILURE
SL-6701,0.4019,223.79,1795.2,22.5,0,28203.3,2,SENSOR_FAILURE
SL-6702,0.0119,0.0,6.4,35.8,2,24863.7,3,POWER_FAILURE
SL-6703,0.3558,231.72,842.7,31.8,0,28637.1,1,WORKING
SL-6704,0.3519,227.79,18.0,36.9,0,32552.5,0,SENSOR_FAILURE
SL-6705,0.3054,303.35,733.1,52.7,1,7254.8,2,VOLTAGE_ANOMALY
SL-6706,0.236,279.22,785.4,64.3,0,42473.5,2,VOLTAGE_ANOMALY
SL-6707,0.4969,231.87,965.6,38.2,0,14951.2,1,WORKING
SL-6708,0.0099,0.0,0.0,19.7,1,12065.8,4,POWER_FAILURE
SL-6709,0.4803,224.36,1620.2,49.5,0,7242.6,2,SENSOR_FAILURE
SL-6710,0.3895,223.47,12.1,41.7,0,47047.6,3,SENSOR_FAILURE
SL-6711,0.3041,294.13,577.1,54.3,2,48387.8,3,VOLTAGE_ANOMALY
SL-6712,0.0108,224.04,0.0,27.7,2,19057.4,4,LAMP_FAILURE
SL-6713,0.0,1.46,0.2,19.6,2,13953.0,3,POWER_FAILURE
SL-6714,0.3827,225.48,1.6,30.2,2,26862.5,1,SENSOR_FAILURE
SL-6715,0.0498,232.58,8.1,25.0,1,6824.3,3,LAMP_FAILURE
SL-6716,0.2686,306.55,575.7,69.6,0,15125.5,0,VOLTAGE_ANOMALY
SL-6717,0.0442,227.34,5.9,34.5,2,53173.5,3,LAMP_FAILURE
SL-6718,0.2786,231.55,0.0,55.9,2,37559.0,0,SENSOR_FAILURE
SL-6719,0.0046,0.0,2.8,29.1,1,47224.3,1,POWER_FAILURE
SL-6720,0.3722,230.4,801.1,36.0,1,23752.0,0,WORKING
SL-6721,0.156,236.01,23.5,30.8,0,14844.1,2,LAMP_FAILURE
SL-6722,0.0,3.75,10.4,19.4,1,11602.0,2,POWER_FAILURE
SL-6723,0.7829,122.89,119.9,30.1,0,1176.4,4,VOLTAGE_ANOMALY
SL-6724,0.2444,278.24,189.3,31.1,1,21937.7,2,VOLTAGE_ANOMALY
SL-6725,0.0119,9.2,3.5,22.2,2,22400.4,2,POWER_FAILURE
SL-6726,0.4066,225.82,6.5,30.7,0,19454.3,3,SENSOR_FAILURE
SL-6727,0.3853,229.06,763.7,27.2,0,43506.1,0,WORKING
SL-6728,0.3906,229.68,654.0,35.4,0,16284.3,0,WORKING
SL-6729,0.0258,5.54,0.6,18.7,2,31725.3,4,POWER_FAILURE
SL-6730,0.0511,0.0,0.0,23.3,1,31508.7,0,POWER_FAILURE
SL-6731,0.4776,171.31,196.3,27.6,0,41639.4,3,VOLTAGE_ANOMALY
SL-6732,0.4195,228.61,1796.8,58.4,2,17021.9,0,SENSOR_FAILURE
SL-6733,0.0098,229.95,25.9,26.8,1,8346.7,5,LAMP_FAILURE
SL-6734,0.0089,232.45,6.5,23.1,1,50595.4,3,LAMP_FAILURE
SL-6735,0.2492,292.1,619.6,57.3,1,21149.7,2,VOLTAGE_ANOMALY
SL-6736,0.8512,100.01,223.9,30.8,0,37469.8,0,VOLTAGE_ANOMALY
SL-6737,0.0049,228.73,12.2,25.6,1,13269.7,1,LAMP_FAILURE
SL-6738,0.3723,267.16,339.8,51.7,2,31293.8,2,VOLTAGE_ANOMALY
SL-6739,0.4223,229.05,716.3,29.1,0,14118.3,2,WORKING
SL-6740,0.4875,232.99,781.3,33.0,0,19350.1,1,WORKING
SL-6741,0.3558,229.26,800.7,29.6,0,27694.1,1,WORKING
SL-6742,0.0,9.48,6.3,24.3,1,41187.9,3,POWER_FAILURE
SL-6743,0.2015,266.37,719.0,52.7,1,14056.9,0,VOLTAGE_ANOMALY
SL-6744,0.0291,224.24,17.8,41.1,1,5563.9,3,LAMP_FAILURE
SL-6745,0.0162,226.37,30.0,26.6,2,58443.7,3,LAMP_FAILURE
SL-6746,0.3692,226.78,761.9,35.7,0,31634.3,2,WORKING
SL-6747,0.4041,227.0,326.4,61.3,1,33240.8,1,SENSOR_FAILURE
SL-6748,0.3719,230.65,948.5,31.4,0,17831.2,2,WORKING
SL-6749,0.2925,268.86,250.4,50.2,0,7562.6,2,VOLTAGE_ANOMALY
SL-6750,0.0552,225.05,28.4,38.7,1,34770.0,3,LAMP_FAILURE
SL-6751,0.0,17.25,0.9,27.8,2,1874.5,0,POWER_FAILURE
SL-6752,0.3889,227.69,757.5,40.1,0,2240.2,0,WORKING
SL-6753,0.0179,0.0,1.9,20.6,2,25009.5,2,POWER_FAILURE
SL-6754,0.4037,233.27,121.0,62.0,1,32380.0,1,SENSOR_FAILURE
SL-6755,0.1171,242.98,54.0,32.9,0,22432.4,3,LAMP_FAILURE
SL-6756,0.0,12.82,0.0,21.2,1,11349.1,2,POWER_FAILURE
SL-6757,0.035,237.44,0.0,33.2,1,46734.5,3,LAMP_FAILURE
SL-6758,0.0068,230.66,11.0,12.9,2,59955.5,3,LAMP_FAILURE
SL-6759,0.4755,229.35,686.5,34.8,0,12917.8,0,WORKING
SL-6760,0.0,9.63,3.8,27.1,1,22871.7,2,POWER_FAILURE
SL-6761,0.0224,6.18,0.0,28.5,1,33072.4,2,POWER_FAILURE
SL-6762,0.3882,222.5,1109.1,27.7,0,41111.4,1,SENSOR_FAILURE
SL-6763,0.4789,177.58,212.2,21.3,1,18778.6,0,VOLTAGE_ANOMALY
SL-6764,0.0,15.86,5.0,27.0,1,32775.5,2,POWER_FAILURE
SL-6765,0.3598,241.1,1650.8,29.3,1,30041.6,3,SENSOR_FAILURE
SL-6766,0.0193,0.0,7.5,22.9,2,6783.9,1,POWER_FAILURE
SL-6767,0.0043,3.82,1.6,20.2,2,40771.3,4,POWER_FAILURE
SL-6768,0.393,230.28,701.0,33.7,0,42358.8,2,WORKING
SL-6769,0.494,230.21,833.7,35.7,0,3061.9,2,WORKING
SL-6770,0.5611,145.95,0.0,35.5,0,37272.1,3,VOLTAGE_ANOMALY
SL-6771,0.4681,228.98,988.0,25.8,1,36436.9,1,WORKING
SL-6772,0.4644,224.74,1326.9,38.0,0,4108.6,2,SENSOR_FAILURE
SL-6773,0.3677,226.99,0.0,77.5,1,26656.0,2,SENSOR_FAILURE
SL-6774,0.4335,233.32,0.0,42.5,0,7588.9,1,SENSOR_FAILURE
SL-6775,0.433,162.55,279.8,17.4,2,5177.5,1,VOLTAGE_ANOMALY
SL-6776,0.3649,221.6,61.2,26.4,2,15784.9,1,SENSOR_FAILURE
SL-6777,0.5752,140.6,377.1,25.2,1,43123.4,2,VOLTAGE_ANOMALY
SL-6778,0.0113,227.58,12.2,33.4,1,13710.9,3,LAMP_FAILURE
SL-6779,0.4093,235.05,861.1,45.7,1,9431.4,1,WORKING
SL-6780,0.0,0.0,3.9,27.7,1,23374.6,1,POWER_FAILURE
SL-6781,0.4708,239.26,0.0,36.0,0,7106.9,1,SENSOR_FAILURE
SL-6782,0.4919,164.63,268.4,31.9,0,41850.6,2,VOLTAGE_ANOMALY
SL-6783,0.3739,232.11,2.3,7.5,2,33473.4,1,SENSOR_FAILURE
SL-6784,0.4625,218.38,0.0,16.9,0,23538.8,3,SENSOR_FAILURE
SL-6785,0.0506,228.19,0.0,23.1,2,41536.1,5,LAMP_FAILURE
SL-6786,0.4849,218.84,415.0,31.3,2,12281.8,0,SENSOR_FAILURE
SL-6787,0.0011,221.36,23.5,30.1,2,24601.8,4,LAMP_FAILURE
SL-6788,0.4579,231.74,737.3,29.8,0,34952.4,2,WORKING
SL-6789,0.4787,228.94,893.8,27.9,0,42943.1,1,WORKING
SL-6790,0.4139,224.05,1365.9,27.6,0,49813.4,1,SENSOR_FAILURE
SL-6791,0.4546,233.14,951.9,29.1,0,19983.0,2,WORKING
SL-6792,0.0186,0.31,0.0,30.2,1,36351.9,0,POWER_FAILURE
SL-6793,0.4586,227.08,9.9,31.5,0,33106.5,1,SENSOR_FAILURE
SL-6794,0.4911,224.78,848.0,36.2,0,30486.1,2,WORKING
SL-6795,0.4963,228.01,993.2,33.9,0,12325.1,0,WORKING
SL-6796,0.4555,236.79,10.0,38.4,0,18361.1,0,SENSOR_FAILURE
SL-6797,0.4329,229.01,926.6,31.5,0,15889.2,1,WORKING
SL-6798,0.0282,228.0,0.0,25.9,1,56265.1,4,LAMP_FAILURE
SL-6799,0.0238,0.0,0.0,27.4,2,35644.4,1,POWER_FAILURE
SL-6800,0.4438,234.51,883.7,35.1,1,34176.9,1,WORKING
SL-6801,0.0027,225.83,0.0,28.9,2,36014.6,5,LAMP_FAILURE
SL-6802,0.3849,228.24,697.6,32.1,0,29571.7,0,WORKING
SL-6803,0.658,117.37,238.3,21.1,2,47758.7,0,VOLTAGE_ANOMALY
SL-6804,0.3552,228.39,658.0,42.8,1,1652.3,0,WORKING
SL-6805,0.011,230.39,13.6,34.1,1,45883.4,5,LAMP_FAILURE
SL-6806,0.0187,1.02,13.8,13.9,2,46451.5,4,POWER_FAILURE
SL-6807,0.5013,178.28,235.9,29.7,2,49484.9,2,VOLTAGE_ANOMALY
SL-6808,0.1075,231.35,77.6,27.4,1,47771.2,2,LAMP_FAILURE
SL-6809,0.026,5.03,3.4,25.7,1,27049.0,2,POWER_FAILURE
SL-6810,0.0551,11.52,11.6,22.2,2,49497.3,3,POWER_FAILURE
SL-6811,0.0375,228.71,29.4,23.0,1,17886.5,5,LAMP_FAILURE
SL-6812,0.3232,283.1,805.3,66.3,1,43786.5,3,VOLTAGE_ANOMALY
SL-6813,0.4894,224.45,1061.2,28.9,2,29450.9,1,SENSOR_FAILURE
SL-6814,0.3914,230.5,845.5,42.6,0,17535.7,0,WORKING
SL-6815,0.751,109.51,64.1,34.5,2,22360.9,2,VOLTAGE_ANOMALY
SL-6816,0.0581,233.19,15.0,30.4,0,14482.6,4,LAMP_FAILURE
SL-6817,0.0556,229.6,28.8,31.4,1,41144.6,4,LAMP_FAILURE
SL-6818,0.3834,266.52,407.4,58.8,1,7296.7,1,VOLTAGE_ANOMALY
SL-6819,0.4368,230.82,715.2,32.2,0,24690.9,2,WORKING
SL-6820,0.0316,8.46,2.4,22.2,2,26759.9,4,POWER_FAILURE
SL-6821,0.0004,10.01,9.3,23.1,1,17042.7,0,POWER_FAILURE
SL-6822,0.4355,228.18,11.8,38.9,2,49331.8,3,SENSOR_FAILURE
SL-6823,0.2812,275.34,391.4,70.0,1,3605.7,0,VOLTAGE_ANOMALY
SL-6824,0.0114,234.7,15.0,38.5,1,54943.6,2,LAMP_FAILURE
SL-6825,0.0119,232.57,21.1,29.6,2,36440.4,2,LAMP_FAILURE
SL-6826,0.0227,0.0,0.0,18.8,2,42632.3,1,POWER_FAILURE
SL-6827,0.1322,229.78,57.0,31.5,1,6482.8,1,LAMP_FAILURE
SL-6828,0.4072,233.66,1547.3,31.3,2,23866.1,2,SENSOR_FAILURE
SL-6829,0.0366,229.98,4.6,24.0,2,59260.5,1,LAMP_FAILURE
SL-6830,0.3874,235.66,0.0,28.5,0,948.2,2,SENSOR_FAILURE
SL-6831,0.3306,279.35,287.8,73.9,1,34196.4,2,VOLTAGE_ANOMALY
SL-6832,0.0084,221.89,0.0,32.5,2,48639.1,4,LAMP_FAILURE
SL-6833,0.4506,164.36,329.0,32.2,2,42880.1,3,VOLTAGE_ANOMALY
SL-6834,0.0008,11.88,2.8,32.4,2,49100.1,1,POWER_FAILURE
SL-6835,0.0222,0.0,0.8,30.5,1,47326.7,0,POWER_FAILURE
SL-6836,0.3369,224.33,0.0,21.8,1,28761.0,2,SENSOR_FAILURE
SL-6837,0.4673,230.12,812.3,29.6,0,38289.6,2,WORKING
SL-6838,0.0213,3.8,0.0,20.2,2,6745.8,1,POWER_FAILURE
SL-6839,0.2777,220.05,0.0,85.9,0,561.5,0,SENSOR_FAILURE
SL-6840,0.0318,235.57,23.4,23.4,1,51376.6,1,LAMP_FAILURE
SL-6841,0.3639,231.53,832.9,35.2,0,44240.9,1,WORKING
SL-6842,0.3016,296.82,703.6,52.7,1,44355.9,2,VOLTAGE_ANOMALY
SL-6843,0.4949,236.0,741.3,31.6,0,17762.6,1,WORKING
SL-6844,0.4339,227.05,825.6,37.6,0,32702.0,2,WORKING
SL-6845,0.4722,225.18,644.7,36.9,0,45072.0,1,WORKING
SL-6846,0.4017,229.14,1615.5,28.5,2,44624.6,2,SENSOR_FAILURE
SL-6847,0.0519,223.47,16.5,33.1,0,17627.4,3,LAMP_FAILURE
SL-6848,0.0054,5.31,9.2,34.6,1,6116.2,4,POWER_FAILURE
SL-6849,0.459,222.41,1534.4,35.6,2,37392.9,0,SENSOR_FAILURE
SL-6850,0.0,14.01,1.5,25.2,1,39535.2,4,POWER_FAILURE
SL-6851,0.4241,232.64,674.8,36.3,0,32706.4,0,WORKING
SL-6852,0.3717,234.1,1404.6,66.9,0,26397.1,0,SENSOR_FAILURE
SL-6853,0.3568,238.31,8.4,52.7,0,34309.6,3,SENSOR_FAILURE
SL-6854,0.3642,230.36,976.3,40.1,0,17736.8,0,WORKING
SL-6855,0.0309,228.32,0.5,21.6,1,47442.5,3,LAMP_FAILURE
SL-6856,0.4572,172.24,171.7,28.1,1,43079.7,4,VOLTAGE_ANOMALY
SL-6857,0.6808,134.76,175.0,26.3,1,24302.0,3,VOLTAGE_ANOMALY
SL-6858,0.0466,225.27,0.0,25.9,2,5223.7,5,LAMP_FAILURE
SL-6859,0.0498,2.74,4.5,25.7,2,25126.3,2,POWER_FAILURE
SL-6860,0.4224,216.16,0.0,47.4,0,18889.6,1,SENSOR_FAILURE
SL-6861,0.5416,161.56,132.4,31.6,2,41595.7,1,VOLTAGE_ANOMALY
SL-6862,0.049,223.01,6.6,22.3,2,21613.8,2,LAMP_FAILURE
SL-6863,0.6669,128.69,220.1,41.7,1,15353.4,0,VOLTAGE_ANOMALY
SL-6864,0.0415,233.49,16.0,18.4,1,28291.5,3,LAMP_FAILURE
SL-6865,0.5678,159.31,324.2,28.7,0,46811.8,0,VOLTAGE_ANOMALY
SL-6866,0.4359,234.38,1630.8,29.3,1,39729.9,3,SENSOR_FAILURE
SL-6867,0.3247,278.6,794.6,48.1,1,8937.6,0,VOLTAGE_ANOMALY
SL-6868,0.0353,231.1,1.8,36.1,2,31210.5,3,LAMP_FAILURE
SL-6869,0.3957,233.62,708.3,35.7,0,38503.9,0,WORKING
SL-6870,0.3934,227.22,592.0,43.9,0,38889.3,0,WORKING
SL-6871,0.4262,228.38,1594.4,26.8,2,43872.2,0,SENSOR_FAILURE
SL-6872,0.4032,223.24,17.6,33.0,0,14126.7,0,SENSOR_FAILURE
SL-6873,0.4459,228.22,1115.9,41.6,1,15723.6,3,SENSOR_FAILURE
SL-6874,0.3407,229.72,8.9,26.9,1,21823.0,1,SENSOR_FAILURE
SL-6875,0.4448,159.32,128.7,25.8,1,43516.4,1,VOLTAGE_ANOMALY
SL-6876,0.0,8.89,8.6,19.1,2,31355.9,3,POWER_FAILURE
SL-6877,0.5253,162.39,114.2,17.2,1,6065.0,2,VOLTAGE_ANOMALY
SL-6878,0.4487,231.16,959.9,32.1,0,10861.9,0,WORKING
SL-6879,0.0519,222.6,2.1,19.4,2,36387.2,3,LAMP_FAILURE
SL-6880,0.008,227.12,0.0,20.2,0,5971.8,2,LAMP_FAILURE
SL-6881,0.015,8.37,0.0,29.4,2,5141.3,4,POWER_FAILURE
SL-6882,0.0071,0.0,3.8,32.7,2,27661.9,4,POWER_FAILURE
SL-6883,0.4047,225.82,799.0,37.4,0,20381.8,1,WORKING
SL-6884,0.0,10.76,9.8,18.7,2,39524.4,1,POWER_FAILURE
SL-6885,0.4671,226.11,857.0,30.6,0,3137.9,0,WORKING
SL-6886,0.4661,223.44,964.0,36.0,0,13484.7,0,WORKING
SL-6887,0.4304,231.43,616.0,32.0,0,13295.4,0,WORKING
SL-6888,0.0107,231.74,1.0,24.8,1,44810.1,1,LAMP_FAILURE
SL-6889,0.3806,235.81,16.9,62.7,2,44877.5,0,SENSOR_FAILURE
SL-6890,0.379,237.17,949.1,38.6,0,41406.6,0,WORKING
SL-6891,0.4667,159.51,220.4,19.7,1,32190.6,0,VOLTAGE_ANOMALY
SL-6892,0.0,17.58,1.6,20.7,1,24593.0,3,POWER_FAILURE
SL-6893,0.0165,234.92,20.5,31.1,1,9636.8,2,LAMP_FAILURE
SL-6894,0.415,230.2,1262.1,48.3,1,25127.0,2,SENSOR_FAILURE
SL-6895,0.5041,225.1,637.7,19.5,1,44865.5,1,SENSOR_FAILURE
SL-6896,0.0165,7.42,13.2,29.7,2,13033.9,2,POWER_FAILURE
SL-6897,0.0008,3.4,0.0,20.4,2,12875.9,4,POWER_FAILURE
SL-6898,0.0168,4.6,7.5,25.2,1,10760.8,3,POWER_FAILURE
SL-6899,0.0509,221.14,0.0,26.1,1,51147.2,2,LAMP_FAILURE
SL-6900,0.0,0.0,0.0,30.1,2,16947.7,2,POWER_FAILURE
SL-6901,0.2794,263.92,764.4,52.9,0,40989.1,0,VOLTAGE_ANOMALY
SL-6902,0.3412,233.93,0.0,35.0,0,19064.2,3,SENSOR_FAILURE
SL-6903,0.0085,229.36,21.0,29.9,1,42791.8,3,LAMP_FAILURE
SL-6904,0.0578,214.89,10.3,16.0,1,45305.3,4,LAMP_FAILURE
SL-6905,0.4579,237.66,197.8,46.1,1,4978.7,3,SENSOR_FAILURE
SL-6906,0.5275,156.33,227.3,33.5,1,1209.4,4,VOLTAGE_ANOMALY
SL-6907,0.0149,229.19,0.0,30.1,2,54397.4,1,LAMP_FAILURE
SL-6908,0.4798,228.38,1749.1,41.3,1,40352.4,0,SENSOR_FAILURE
SL-6909,0.4718,225.36,722.2,38.8,0,32024.3,2,WORKING
SL-6910,0.3914,225.87,0.0,13.1,1,19944.4,2,SENSOR_FAILURE
SL-6911,0.0368,229.03,12.8,31.6,2,5407.3,3,LAMP_FAILURE
SL-6912,0.5025,165.7,277.4,33.8,0,17731.1,2,VOLTAGE_ANOMALY
SL-6913,0.0578,231.73,0.0,25.2,1,55884.9,4,LAMP_FAILURE
SL-6914,0.0439,227.01,5.9,24.5,2,11171.1,2,LAMP_FAILURE
SL-6915,0.4401,233.69,913.7,32.7,0,43080.0,1,WORKING
SL-6916,0.3344,223.65,652.9,45.5,1,21883.8,2,SENSOR_FAILURE
SL-6917,0.6734,126.06,73.8,24.3,1,42698.4,4,VOLTAGE_ANOMALY
SL-6918,0.4764,222.98,16.0,38.7,2,30449.1,3,SENSOR_FAILURE
SL-6919,0.2992,273.75,347.2,53.7,0,45881.9,1,VOLTAGE_ANOMALY
SL-6920,0.0,15.26,5.1,21.6,1,38306.5,0,POWER_FAILURE
SL-6921,0.3046,290.03,687.7,44.8,0,15569.3,3,VOLTAGE_ANOMALY
SL-6922,0.0,7.4,3.6,15.8,0,6042.2,3,POWER_FAILURE
SL-6923,0.4912,240.53,0.0,35.7,1,36983.1,3,SENSOR_FAILURE
SL-6924,0.318,297.51,873.6,42.2,0,40161.2,1,VOLTAGE_ANOMALY
SL-6925,0.009,229.9,0.0,16.5,1,47129.5,4,LAMP_FAILURE
SL-6926,0.2821,262.14,247.8,44.3,1,36942.9,2,VOLTAGE_ANOMALY
SL-6927,0.009,0.0,6.8,30.2,2,47046.8,2,POWER_FAILURE
SL-6928,0.1161,230.15,21.8,23.7,2,50783.1,3,LAMP_FAILURE
SL-6929,0.4362,233.37,979.7,26.8,0,3338.2,0,WORKING
SL-6930,0.0041,8.58,0.0,22.3,2,46899.3,0,POWER_FAILURE
SL-6931,0.4711,228.45,952.9,41.0,0,32159.3,1,WORKING
SL-6932,0.5195,179.35,283.2,24.1,2,17788.2,0,VOLTAGE_ANOMALY
SL-6933,0.0147,223.18,10.6,27.1,2,11006.4,2,LAMP_FAILURE
SL-6934,0.0556,231.85,0.0,29.6,1,29933.3,1,LAMP_FAILURE
SL-6935,0.3565,229.73,718.2,36.3,0,34016.4,0,WORKING
SL-6936,0.4744,228.05,665.4,45.7,0,10619.3,0,WORKING
SL-6937,0.042,229.19,0.0,25.1,0,15472.5,4,LAMP_FAILURE
SL-6938,0.0056,9.65,1.0,14.6,2,12441.3,3,POWER_FAILURE
SL-6939,0.4283,229.98,612.7,32.4,0,12221.5,2,WORKING
SL-6940,0.4002,233.89,1082.0,40.8,2,18361.8,3,SENSOR_FAILURE
SL-6941,0.2421,295.16,580.8,68.7,1,2190.0,0,VOLTAGE_ANOMALY
SL-6942,0.4357,232.85,1675.0,37.9,1,21263.4,1,SENSOR_FAILURE
SL-6943,0.5645,167.06,169.9,26.2,1,562.8,2,VOLTAGE_ANOMALY
SL-6944,0.4567,230.64,764.6,34.0,1,40147.3,1,WORKING
SL-6945,0.4761,235.02,12.0,35.2,0,47405.3,3,SENSOR_FAILURE
SL-6946,0.0366,228.18,5.8,32.2,1,50448.4,3,LAMP_FAILURE
SL-6947,0.0082,0.0,0.0,24.4,2,38501.3,4,POWER_FAILURE
SL-6948,0.0273,1.87,3.9,17.4,2,43038.9,1,POWER_FAILURE
SL-6949,0.0043,0.58,0.0,27.9,1,43443.0,1,POWER_FAILURE
SL-6950,0.0,9.97,1.0,29.1,2,11516.3,4,POWER_FAILURE
SL-6951,0.4696,218.49,0.0,30.7,0,13880.8,2,SENSOR_FAILURE
SL-6952,0.0091,19.3,0.3,31.7,2,14345.9,2,POWER_FAILURE
SL-6953,0.336,225.25,12.5,49.2,1,33409.3,3,SENSOR_FAILURE
SL-6954,0.3642,223.76,1403.1,50.5,1,43419.7,1,SENSOR_FAILURE
SL-6955,0.0362,221.47,8.3,32.1,1,45194.8,5,LAMP_FAILURE
SL-6956,0.0127,1.94,14.3,20.0,2,22554.8,1,POWER_FAILURE
SL-6957,0.0104,231.05,0.0,31.6,2,31290.8,3,LAMP_FAILURE
SL-6958,0.3404,237.74,4.9,35.4,1,43601.2,0,SENSOR_FAILURE
SL-6959,0.0371,11.06,3.7,17.8,2,17317.5,0,POWER_FAILURE
SL-6960,0.0076,232.65,13.8,27.8,1,42559.9,3,LAMP_FAILURE
SL-6961,0.4546,238.39,1525.3,74.4,0,12567.3,2,SENSOR_FAILURE
SL-6962,0.0003,22.98,1.9,21.3,2,3956.4,4,POWER_FAILURE
SL-6963,0.4288,224.4,724.6,43.4,2,35794.3,3,SENSOR_FAILURE
SL-6964,0.4223,231.43,733.4,37.0,1,1649.5,1,WORKING
SL-6965,0.0042,4.12,12.2,15.8,2,11298.5,2,POWER_FAILURE
SL-6966,0.0085,227.5,13.8,32.9,1,53213.2,1,LAMP_FAILURE
SL-6967,0.0516,228.39,0.0,33.6,1,26805.1,5,LAMP_FAILURE
SL-6968,0.0053,224.77,11.5,32.1,1,34702.7,3,LAMP_FAILURE
SL-6969,0.0326,11.32,17.5,21.9,2,25652.1,0,POWER_FAILURE
SL-6970,0.0212,3.93,6.8,31.5,1,9316.3,0,POWER_FAILURE
SL-6971,0.4489,225.93,1978.1,41.0,1,4129.9,0,SENSOR_FAILURE
SL-6972,0.7593,105.9,202.6,37.6,0,7056.8,4,VOLTAGE_ANOMALY
SL-6973,0.0181,21.68,5.2,33.7,2,37526.5,0,POWER_FAILURE
SL-6974,0.011,0.0,0.0,25.8,2,34120.6,1,POWER_FAILURE
SL-6975,0.4245,232.67,673.9,40.5,0,33319.1,1,WORKING
SL-6976,0.0259,222.59,22.1,24.3,1,14414.7,4,LAMP_FAILURE
SL-6977,0.0204,2.65,11.5,21.4,2,46272.7,0,POWER_FAILURE
SL-6978,0.0195,230.69,19.0,31.0,2,16364.3,4,LAMP_FAILURE
SL-6979,0.4535,227.43,881.3,33.7,0,46567.1,2,WORKING
SL-6980,0.3104,297.83,892.3,62.9,2,25306.9,3,VOLTAGE_ANOMALY
SL-6981,0.4344,224.16,558.2,22.0,1,28685.0,0,SENSOR_FAILURE
SL-6982,0.3741,231.46,749.6,38.0,1,40243.6,0,WORKING
SL-6983,0.3488,281.14,288.0,40.8,1,31045.5,4,VOLTAGE_ANOMALY
SL-6984,0.6002,120.19,186.5,17.5,0,19787.9,2,VOLTAGE_ANOMALY
SL-6985,0.6517,124.09,199.4,33.2,0,6601.0,2,VOLTAGE_ANOMALY
SL-6986,0.0597,239.64,31.5,32.8,1,16377.3,5,LAMP_FAILURE
SL-6987,0.0,16.89,9.1,17.8,2,5116.2,1,POWER_FAILURE
SL-6988,0.0598,229.15,12.7,24.9,1,58514.4,2,LAMP_FAILURE
SL-6989,0.033,0.0,0.3,15.4,2,24980.0,4,POWER_FAILURE
SL-6990,0.0164,0.0,5.3,30.9,2,3233.9,2,POWER_FAILURE
SL-6991,0.3673,229.9,870.0,43.1,0,7319.6,1,WORKING
SL-6992,0.0012,232.73,24.6,31.6,1,11113.7,4,LAMP_FAILURE
SL-6993,0.0234,9.91,0.0,29.6,2,41134.3,1,POWER_FAILURE
SL-6994,0.126,227.75,68.1,27.0,1,37248.3,5,LAMP_FAILURE
SL-6995,0.0007,5.75,5.3,26.0,2,48374.1,4,POWER_FAILURE
SL-6996,0.7648,124.35,165.1,27.3,0,45254.7,3,VOLTAGE_ANOMALY
SL-6997,0.0398,231.01,8.3,23.9,2,50047.8,5,LAMP_FAILURE
SL-6998,0.0,3.18,4.8,29.0,1,1843.6,2,POWER_FAILURE
SL-6999,0.0285,232.17,11.6,26.6,1,36979.2,4,LAMP_FAILURE
SL-7000,0.3678,228.46,629.3,42.5,0,46330.2,1,WORKING
SL-7001,0.4707,224.67,814.1,46.4,0,13231.3,2,WORKING
SL-7002,0.4235,233.3,728.8,24.9,0,9392.8,1,WORKING
SL-7003,0.0511,224.79,0.0,23.6,0,10759.5,3,LAMP_FAILURE
SL-7004,0.0075,0.0,0.0,45.4,1,48097.8,2,POWER_FAILURE
SL-7005,0.0064,0.0,7.3,24.8,2,29495.9,0,POWER_FAILURE
SL-7006,0.3862,232.54,952.4,44.5,0,38096.0,1,WORKING
SL-7007,0.0515,231.17,21.4,33.0,1,31175.3,4,LAMP_FAILURE
SL-7008,0.0205,2.34,0.0,20.7,1,18722.9,4,POWER_FAILURE
SL-7009,0.4551,224.12,889.9,41.6,0,32834.6,2,WORKING
SL-7010,0.4139,230.72,977.6,34.7,0,22053.7,1,WORKING
SL-7011,0.3866,233.6,1427.3,19.2,2,17744.5,1,SENSOR_FAILURE
SL-7012,0.3663,230.83,787.1,43.8,0,43176.9,0,WORKING
SL-7013,0.4646,237.39,1.9,39.8,1,42530.9,2,SENSOR_FAILURE
SL-7014,0.0138,2.39,5.2,29.7,1,32221.9,3,POWER_FAILURE
SL-7015,0.0147,229.98,25.3,21.6,1,10803.3,3,LAMP_FAILURE
SL-7016,0.0507,233.94,0.0,17.5,1,18099.0,3,LAMP_FAILURE
SL-7017,0.4446,171.64,231.2,32.0,0,21935.3,0,VOLTAGE_ANOMALY
SL-7018,0.656,122.6,289.8,25.1,2,31836.8,3,VOLTAGE_ANOMALY
SL-7019,0.0234,0.0,0.7,23.9,2,27571.7,0,POWER_FAILURE
SL-7020,0.488,221.05,1055.9,34.7,2,6646.2,1,SENSOR_FAILURE
SL-7021,0.4343,230.31,626.6,43.1,0,26637.8,0,WORKING
SL-7022,0.2585,261.44,271.6,54.9,0,844.5,0,VOLTAGE_ANOMALY
SL-7023,0.2717,301.29,283.7,50.8,0,1865.2,2,VOLTAGE_ANOMALY
SL-7024,0.0545,221.54,0.0,32.3,1,41177.5,3,LAMP_FAILURE
SL-7025,0.3987,229.57,27.9,47.8,0,25139.5,0,SENSOR_FAILURE
SL-7026,0.2233,298.16,613.9,52.7,2,40786.2,4,VOLTAGE_ANOMALY
SL-7027,0.4999,230.77,1126.9,20.5,0,8569.2,1,SENSOR_FAILURE
SL-7028,0.0138,0.0,2.7,19.7,1,39798.8,4,POWER_FAILURE
SL-7029,0.01,12.13,0.0,18.8,2,23558.7,3,POWER_FAILURE
SL-7030,0.0146,224.41,11.3,29.8,2,29649.1,3,LAMP_FAILURE
SL-7031,0.8027,102.16,220.8,25.9,0,11871.6,4,VOLTAGE_ANOMALY
SL-7032,0.4656,230.53,776.7,37.1,0,24865.9,1,WORKING
SL-7033,0.3737,301.45,475.1,62.7,1,41394.1,3,VOLTAGE_ANOMALY
SL-7034,0.426,218.19,0.0,41.0,0,19535.4,3,SENSOR_FAILURE
SL-7035,0.3576,231.28,604.0,42.7,0,42221.8,2,WORKING
SL-7036,0.0453,232.2,0.0,38.0,1,35369.2,2,LAMP_FAILURE
SL-7037,0.0537,229.83,12.5,24.1,1,17935.1,4,LAMP_FAILURE
SL-7038,0.0225,23.99,6.7,24.3,2,18544.8,3,POWER_FAILURE
SL-7039,0.0248,0.0,15.7,20.5,1,10418.7,2,POWER_FAILURE
SL-7040,0.4896,177.75,20.3,29.2,0,45242.3,1,VOLTAGE_ANOMALY
SL-7041,0.4996,230.13,720.5,36.4,1,19919.3,0,WORKING
SL-7042,0.4065,224.86,818.8,30.8,0,2727.8,2,WORKING
SL-7043,0.2165,269.9,271.1,58.8,1,17811.4,1,VOLTAGE_ANOMALY
SL-7044,0.0161,225.69,16.9,23.4,1,56127.2,1,LAMP_FAILURE
SL-7045,0.4536,230.19,645.3,22.2,0,44857.0,1,WORKING
SL-7046,0.5936,153.38,317.1,28.9,1,13256.1,3,VOLTAGE_ANOMALY
SL-7047,0.3262,234.18,13.3,33.4,0,22634.4,3,SENSOR_FAILURE
SL-7048,0.0061,5.02,4.6,25.3,1,4307.4,3,POWER_FAILURE
SL-7049,0.5456,140.12,101.8,32.8,0,14915.0,2,VOLTAGE_ANOMALY
SL-7050,0.6982,121.44,272.6,29.9,1,21336.7,3,VOLTAGE_ANOMALY
SL-7051,0.0232,13.68,8.3,26.9,1,3236.7,4,POWER_FAILURE
SL-7052,0.3813,220.16,1293.6,31.3,1,19212.6,1,SENSOR_FAILURE
SL-7053,0.0,5.79,2.9,19.4,1,34729.6,3,POWER_FAILURE
SL-7054,0.003,16.02,3.3,26.4,1,33720.2,1,POWER_FAILURE
SL-7055,0.4905,229.2,11.1,13.8,1,26457.6,3,SENSOR_FAILURE
SL-7056,0.4639,161.57,334.7,32.8,1,44755.0,4,VOLTAGE_ANOMALY
SL-7057,0.3461,233.89,1565.3,43.2,1,19826.5,2,SENSOR_FAILURE
SL-7058,0.4933,226.18,969.0,39.8,0,21966.4,0,WORKING
SL-7059,0.0008,229.11,0.0,37.3,2,59675.0,2,LAMP_FAILURE
SL-7060,0.0439,222.57,14.2,36.4,1,40059.5,1,LAMP_FAILURE
SL-7061,0.0427,10.76,10.8,33.8,2,9315.9,0,POWER_FAILURE
SL-7062,0.0423,221.98,28.5,23.8,0,9957.0,2,LAMP_FAILURE
SL-7063,0.5433,139.02,218.6,24.0,2,26895.5,3,VOLTAGE_ANOMALY
SL-7064,0.4924,237.86,58.0,49.6,0,19713.4,2,SENSOR_FAILURE
SL-7065,0.3187,227.55,1473.8,32.1,0,47779.2,3,SENSOR_FAILURE
SL-7066,0.3748,230.37,970.1,39.6,0,5217.7,0,WORKING
SL-7067,0.0307,234.16,8.8,26.6,2,5555.1,4,LAMP_FAILURE
SL-7068,0.4176,227.18,923.6,29.1,0,9841.2,0,WORKING
SL-7069,0.5269,148.1,57.5,28.2,0,37190.2,1,VOLTAGE_ANOMALY
SL-7070,0.0224,225.2,22.5,15.3,1,56735.6,5,LAMP_FAILURE
SL-7071,0.0396,219.27,0.0,28.2,0,19852.1,4,LAMP_FAILURE
SL-7072,0.0251,0.0,4.3,20.4,2,30320.2,2,POWER_FAILURE
SL-7073,0.4619,230.31,785.8,35.8,0,12302.6,2,WORKING
SL-7074,0.8424,102.07,298.4,23.9,1,47659.3,2,VOLTAGE_ANOMALY
SL-7075,0.4247,229.3,958.7,29.4,0,17005.6,1,SENSOR_FAILURE
SL-7076,0.0121,0.0,2.6,27.7,2,4463.4,3,POWER_FAILURE
SL-7077,0.4522,171.47,110.3,29.2,1,21157.0,0,VOLTAGE_ANOMALY
SL-7078,0.3972,228.68,844.2,40.4,0,38483.6,0,WORKING
SL-7079,0.1664,232.94,26.2,33.1,2,16704.7,5,LAMP_FAILURE
SL-7080,0.3748,229.74,701.0,32.6,0,9136.8,2,WORKING
SL-7081,0.6137,126.72,65.4,27.6,1,45030.9,1,VOLTAGE_ANOMALY
SL-7082,0.5269,171.46,237.6,18.1,0,1231.3,0,VOLTAGE_ANOMALY
SL-7083,0.0003,226.55,13.4,37.0,1,23739.5,1,LAMP_FAILURE
SL-7084,0.3707,229.24,0.0,33.6,1,18033.8,3,SENSOR_FAILURE
SL-7085,0.4143,227.25,1545.1,68.0,1,34734.4,2,SENSOR_FAILURE
SL-7086,0.3631,221.6,0.0,33.0,0,7475.9,3,SENSOR_FAILURE
SL-7087,0.2655,275.54,236.1,47.8,1,27754.9,1,VOLTAGE_ANOMALY
SL-7088,0.3412,220.09,495.6,23.6,1,39706.1,0,SENSOR_FAILURE
SL-7089,0.0,2.99,14.2,31.8,2,16459.5,4,POWER_FAILURE
SL-7090,0.0347,15.48,0.0,25.6,1,36812.4,4,POWER_FAILURE
SL-7091,0.0,15.52,15.6,28.3,2,39174.3,3,POWER_FAILURE
SL-7092,0.3859,227.77,47.0,22.2,1,12580.4,3,SENSOR_FAILURE
SL-7093,0.0067,230.36,0.0,28.5,0,24878.3,5,LAMP_FAILURE
SL-7094,0.4754,231.0,873.7,35.2,1,25069.0,1,WORKING
SL-7095,0.0278,230.1,17.4,28.7,1,40735.0,5,LAMP_FAILURE
SL-7096,0.237,290.88,865.8,52.8,1,48346.2,1,VOLTAGE_ANOMALY
SL-7097,0.2607,290.21,703.7,58.8,2,20578.0,2,VOLTAGE_ANOMALY
SL-7098,0.665,105.89,119.6,29.0,2,42673.3,0,VOLTAGE_ANOMALY
SL-7099,0.4472,225.71,76.9,42.6,0,5700.0,3,SENSOR_FAILURE
SL-7100,0.3982,227.65,647.0,35.2,0,44881.3,1,WORKING
SL-7101,0.3832,222.89,0.0,20.5,1,33245.2,3,SENSOR_FAILURE
SL-7102,0.01,16.97,5.1,25.5,2,11515.9,4,POWER_FAILURE
SL-7103,0.4998,232.05,838.5,41.0,0,26316.4,2,WORKING
SL-7104,0.1281,228.3,51.5,35.9,1,33192.6,2,LAMP_FAILURE
SL-7105,0.4699,230.17,806.9,34.2,0,31391.9,1,WORKING
SL-7106,0.5081,230.67,0.0,30.4,0,22367.5,0,SENSOR_FAILURE
SL-7107,0.0505,232.98,0.0,34.9,2,45716.0,4,LAMP_FAILURE
SL-7108,0.1081,235.07,22.2,27.3,2,48803.3,1,LAMP_FAILURE
SL-7109,0.3956,232.58,753.2,43.4,0,16024.4,0,WORKING
SL-7110,0.3772,226.69,1274.6,42.9,0,12376.0,2,SENSOR_FAILURE
SL-7111,0.4106,228.59,972.3,40.0,1,22625.2,0,WORKING
SL-7112,0.0336,222.85,15.1,32.0,1,18821.4,5,LAMP_FAILURE
SL-7113,0.0391,229.74,13.1,20.1,1,50218.1,4,LAMP_FAILURE
SL-7114,0.0,7.3,1.3,24.3,2,15246.7,3,POWER_FAILURE
SL-7115,0.4302,232.34,714.3,36.9,0,44640.0,0,WORKING
SL-7116,0.0165,0.0,0.0,23.9,1,40426.5,3,POWER_FAILURE
SL-7117,0.3262,289.86,860.4,54.2,1,8454.2,2,VOLTAGE_ANOMALY
SL-7118,0.4025,224.07,1496.2,58.2,1,24893.2,2,SENSOR_FAILURE
SL-7119,0.4878,236.14,33.4,61.3,0,7909.7,0,SENSOR_FAILURE
SL-7120,0.014,8.66,0.0,21.3,1,14005.7,2,POWER_FAILURE
SL-7121,0.4631,228.25,586.9,39.0,0,3279.1,2,WORKING
SL-7122,0.3255,238.56,511.9,15.3,1,37733.4,0,SENSOR_FAILURE
SL-7123,0.0304,0.0,3.9,20.9,1,38963.0,2,POWER_FAILURE
SL-7124,0.4425,227.43,1802.3,24.1,0,18666.9,2,SENSOR_FAILURE
SL-7125,0.3755,217.63,2.1,49.3,0,36733.6,2,SENSOR_FAILURE
SL-7126,0.365,227.96,825.5,35.2,0,41356.9,2,WORKING
SL-7127,0.3744,231.87,6.8,19.1,0,44889.4,0,SENSOR_FAILURE
SL-7128,0.3565,235.23,1092.2,29.1,1,20506.9,0,SENSOR_FAILURE
SL-7129,0.3741,275.61,456.7,33.2,1,44197.0,0,VOLTAGE_ANOMALY
SL-7130,0.0,0.0,0.0,16.4,1,3571.0,2,POWER_FAILURE
SL-7131,0.0492,224.96,22.7,15.1,2,21303.0,4,LAMP_FAILURE
SL-7132,0.0505,230.48,17.5,26.2,1,41746.1,5,LAMP_FAILURE
SL-7133,0.0,0.0,1.4,26.9,2,45777.7,1,POWER_FAILURE
SL-7134,0.4489,219.88,0.0,31.7,0,7703.6,3,SENSOR_FAILURE
SL-7135,0.055,0.0,0.7,35.4,2,3942.8,0,POWER_FAILURE
SL-7136,0.0325,223.96,26.0,25.2,2,44170.2,1,LAMP_FAILURE
SL-7137,0.5095,222.5,8.0,70.6,1,19803.8,1,SENSOR_FAILURE
SL-7138,0.302,298.0,709.0,52.3,1,14683.2,4,VOLTAGE_ANOMALY
SL-7139,0.4608,166.36,192.3,40.8,2,23529.8,1,VOLTAGE_ANOMALY
SL-7140,0.4495,177.82,343.4,38.8,2,32548.4,1,VOLTAGE_ANOMALY
SL-7141,0.0129,231.81,12.8,20.6,1,26055.0,4,LAMP_FAILURE
SL-7142,0.402,228.08,628.1,30.9,0,36280.1,2,WORKING
SL-7143,0.51,219.17,1439.8,28.0,1,22301.2,2,SENSOR_FAILURE
SL-7144,0.399,226.39,1360.4,36.9,2,19595.5,2,SENSOR_FAILURE
SL-7145,0.4376,229.53,635.7,39.7,0,44270.5,0,WORKING
SL-7146,0.4495,231.44,689.0,27.4,0,585.4,0,WORKING
SL-7147,0.2944,274.65,863.8,60.0,2,31613.1,3,VOLTAGE_ANOMALY
SL-7148,0.3691,232.62,773.5,23.4,1,21478.5,2,WORKING
SL-7149,0.3906,232.61,792.3,29.4,0,14585.4,0,WORKING
SL-7150,0.428,227.69,822.0,31.9,0,33642.2,1,WORKING
SL-7151,0.0103,0.0,0.0,24.9,2,15411.5,3,POWER_FAILURE
SL-7152,0.6548,115.17,114.3,33.9,2,961.7,1,VOLTAGE_ANOMALY
SL-7153,0.1471,225.81,57.2,29.5,1,26234.9,3,LAMP_FAILURE
SL-7154,0.301,284.09,797.8,53.4,2,21971.8,0,VOLTAGE_ANOMALY
SL-7155,0.0046,236.19,4.7,36.9,2,39709.3,5,LAMP_FAILURE
SL-7156,0.0297,234.14,34.7,28.9,1,15486.5,5,LAMP_FAILURE
SL-7157,0.4938,228.43,983.4,27.0,0,7150.1,0,WORKING
SL-7158,0.463,232.47,857.8,44.1,0,32103.0,1,WORKING
SL-7159,0.0384,15.34,11.3,23.3,2,34483.2,2,POWER_FAILURE
SL-7160,0.3775,229.1,827.0,35.2,0,20281.8,1,WORKING
SL-7161,0.2893,287.79,239.0,58.0,0,38762.6,1,VOLTAGE_ANOMALY
SL-7162,0.3465,220.88,1986.4,26.6,2,43206.2,1,SENSOR_FAILURE
SL-7163,0.5635,135.0,98.5,32.9,1,34994.3,0,VOLTAGE_ANOMALY
SL-7164,0.0064,8.24,2.4,25.9,1,31190.8,4,POWER_FAILURE
SL-7165,0.4254,173.34,164.7,32.4,1,7911.2,1,VOLTAGE_ANOMALY
SL-7166,0.0,10.21,0.0,22.3,1,4933.7,4,POWER_FAILURE
SL-7167,0.0232,0.56,0.0,20.7,1,11938.8,3,POWER_FAILURE
SL-7168,0.0058,3.7,8.7,21.6,2,36087.1,1,POWER_FAILURE
SL-7169,0.0,11.77,4.5,22.1,2,44776.7,2,POWER_FAILURE
SL-7170,0.0,0.0,2.8,22.6,2,45088.3,3,POWER_FAILURE
SL-7171,0.0244,0.0,0.0,35.3,2,29871.3,4,POWER_FAILURE
SL-7172,0.3124,276.78,491.6,54.8,2,47757.8,1,VOLTAGE_ANOMALY
SL-7173,0.4854,225.43,921.2,30.7,0,9546.3,1,WORKING
SL-7174,0.0151,19.27,0.1,25.9,1,44941.3,1,POWER_FAILURE
SL-7175,0.0434,222.63,5.7,31.2,2,37881.6,1,LAMP_FAILURE
SL-7176,0.384,230.57,337.1,42.7,0,31876.1,0,SENSOR_FAILURE
SL-7177,0.0433,227.61,0.0,29.3,1,47784.7,4,LAMP_FAILURE
SL-7178,0.3826,264.84,385.0,38.8,1,2769.3,2,VOLTAGE_ANOMALY
SL-7179,0.0018,226.55,11.4,29.2,1,13915.9,5,LAMP_FAILURE
SL-7180,0.0,0.0,0.0,32.3,1,14166.8,2,POWER_FAILURE
SL-7181,0.0301,225.79,0.0,27.1,2,48478.7,4,LAMP_FAILURE
SL-7182,0.0077,226.1,27.6,31.0,2,13250.1,4,LAMP_FAILURE
SL-7183,0.3601,226.78,822.1,35.0,0,31997.4,2,WORKING
SL-7184,0.3996,229.64,743.1,37.1,0,28326.4,1,WORKING
SL-7185,0.0235,4.91,3.4,33.1,2,39367.0,0,POWER_FAILURE
SL-7186,0.3608,231.74,667.4,30.0,1,33279.0,2,WORKING
SL-7187,0.4617,229.22,817.8,28.9,1,25968.2,2,WORKING
SL-7188,0.4269,230.03,748.2,42.2,0,31660.2,0,WORKING
SL-7189,0.2632,304.17,392.8,50.1,2,37253.3,4,VOLTAGE_ANOMALY
SL-7190,0.0095,236.81,0.0,37.8,2,26192.2,2,LAMP_FAILURE
SL-7191,0.4854,230.13,910.6,35.8,0,49200.1,2,WORKING
SL-7192,0.4239,222.36,1334.8,70.5,1,29991.1,0,SENSOR_FAILURE
SL-7193,0.0,17.0,10.8,24.2,2,6308.0,2,POWER_FAILURE
SL-7194,0.0381,231.85,7.8,33.3,2,22237.2,5,LAMP_FAILURE
SL-7195,0.412,227.0,1217.6,34.6,2,12519.1,0,SENSOR_FAILURE
SL-7196,0.0518,224.78,0.4,30.5,1,17747.9,2,LAMP_FAILURE
SL-7197,0.3756,225.16,6.2,37.7,0,16516.0,0,SENSOR_FAILURE
SL-7198,0.4731,234.93,946.4,38.0,0,31506.8,2,WORKING
SL-7199,0.4346,227.73,756.9,35.4,0,43101.0,0,WORKING
SL-7200,0.1559,224.57,35.2,36.8,1,38184.3,2,LAMP_FAILURE
SL-7201,0.2609,294.49,219.6,64.1,1,37554.8,0,VOLTAGE_ANOMALY
SL-7202,0.0165,226.91,22.3,30.6,2,44186.9,3,LAMP_FAILURE
SL-7203,0.3655,234.34,1331.1,22.2,1,31546.2,1,SENSOR_FAILURE
SL-7204,0.532,226.04,1135.3,29.7,1,2155.2,3,SENSOR_FAILURE
SL-7205,0.4089,226.4,661.7,45.4,0,7048.5,0,WORKING
SL-7206,0.4565,230.06,0.0,40.8,0,39857.7,3,SENSOR_FAILURE
SL-7207,0.4181,232.76,1567.6,28.8,0,22077.9,2,SENSOR_FAILURE
SL-7208,0.4041,228.99,709.9,43.9,0,24971.4,1,WORKING
SL-7209,0.0264,220.41,16.5,29.0,2,45521.5,1,LAMP_FAILURE
SL-7210,0.0251,228.7,0.0,29.1,1,32099.4,5,LAMP_FAILURE
SL-7211,0.2656,296.28,451.6,41.2,1,28017.0,0,VOLTAGE_ANOMALY
SL-7212,0.0304,230.57,23.5,29.7,1,56016.2,5,LAMP_FAILURE
SL-7213,0.3742,232.07,954.6,31.6,0,10898.4,0,WORKING
SL-7214,0.2584,301.79,731.7,54.2,0,25808.3,4,VOLTAGE_ANOMALY
SL-7215,0.2464,292.09,751.4,55.0,1,49345.6,3,VOLTAGE_ANOMALY
SL-7216,0.0197,4.23,2.6,12.1,1,4648.0,2,POWER_FAILURE
SL-7217,0.2712,260.75,618.3,56.8,0,23289.9,0,VOLTAGE_ANOMALY
SL-7218,0.0,6.54,0.0,23.8,1,37929.5,4,POWER_FAILURE
SL-7219,0.3667,232.46,629.7,34.5,0,37287.2,2,WORKING
SL-7220,0.2582,303.61,623.7,73.0,1,18140.3,1,VOLTAGE_ANOMALY
SL-7221,0.3579,224.31,644.8,36.9,1,21701.1,1,WORKING
SL-7222,0.3382,260.18,582.5,51.9,0,29498.4,1,VOLTAGE_ANOMALY
SL-7223,0.0158,229.08,18.6,25.1,1,11266.5,4,LAMP_FAILURE
SL-7224,0.2233,306.46,615.6,66.2,0,32692.5,0,VOLTAGE_ANOMALY
SL-7225,0.0532,240.79,1.9,24.4,1,11109.4,3,LAMP_FAILURE
SL-7226,0.422,236.09,680.5,42.6,1,45169.2,2,SENSOR_FAILURE
SL-7227,0.4067,227.35,331.9,80.1,1,46155.8,1,SENSOR_FAILURE
SL-7228,0.0061,235.48,12.8,34.3,2,43677.9,3,LAMP_FAILURE
SL-7229,0.3883,226.97,973.1,29.2,1,24580.3,1,WORKING
SL-7230,0.0209,225.36,0.9,26.3,2,6352.4,4,LAMP_FAILURE
SL-7231,0.4308,229.99,919.9,44.2,0,36935.2,2,WORKING
SL-7232,0.1383,233.08,50.6,21.2,1,8647.6,1,LAMP_FAILURE
SL-7233,0.0,0.0,4.4,19.6,2,18368.7,3,POWER_FAILURE
SL-7234,0.5475,235.77,222.3,35.4,1,22179.2,0,SENSOR_FAILURE
SL-7235,0.0307,229.77,0.5,23.8,1,51609.5,5,LAMP_FAILURE
SL-7236,0.2906,272.63,593.2,60.1,2,7394.0,1,VOLTAGE_ANOMALY
SL-7237,0.4723,163.46,256.5,34.5,1,23890.3,2,VOLTAGE_ANOMALY
SL-7238,0.0428,0.0,0.0,17.3,1,12122.3,3,POWER_FAILURE
SL-7239,0.1797,221.69,78.8,20.8,2,33357.2,4,LAMP_FAILURE
SL-7240,0.489,233.03,1652.8,48.6,1,26202.4,1,SENSOR_FAILURE
SL-7241,0.4358,231.97,822.9,39.5,0,23390.5,0,WORKING
SL-7242,0.2419,283.07,856.8,63.8,0,49112.5,3,VOLTAGE_ANOMALY
SL-7243,0.0,5.86,3.2,27.1,2,22125.4,1,POWER_FAILURE
SL-7244,0.0,6.02,0.0,28.3,2,45535.2,0,POWER_FAILURE
SL-7245,0.0533,227.11,9.4,24.6,1,47101.9,4,LAMP_FAILURE
SL-7246,0.3653,229.27,775.6,36.0,0,49077.9,2,WORKING
SL-7247,0.157,226.57,22.5,31.8,2,18098.4,1,LAMP_FAILURE
SL-7248,0.0223,229.61,27.7,33.8,1,48495.7,3,LAMP_FAILURE
SL-7249,0.0409,26.14,0.0,22.9,1,37157.2,1,POWER_FAILURE
SL-7250,0.0,6.45,14.6,24.6,1,34591.3,0,POWER_FAILURE
SL-7251,0.7467,101.63,82.3,37.6,1,27398.5,0,VOLTAGE_ANOMALY
SL-7252,0.4181,232.73,632.3,30.0,0,43690.5,2,WORKING
SL-7253,0.37,231.61,11.3,73.1,1,30360.1,3,SENSOR_FAILURE
SL-7254,0.5351,227.24,1702.1,35.3,0,16247.9,1,SENSOR_FAILURE
SL-7255,0.2589,294.63,288.0,50.3,0,46078.5,3,VOLTAGE_ANOMALY
SL-7256,0.5818,128.99,221.2,26.5,1,11907.3,4,VOLTAGE_ANOMALY
SL-7257,0.0,2.17,2.5,19.7,2,6927.9,3,POWER_FAILURE
SL-7258,0.4283,230.69,783.8,34.2,0,44466.5,1,WORKING
SL-7259,0.1729,290.53,762.2,52.7,1,8143.6,4,VOLTAGE_ANOMALY
SL-7260,0.4888,230.03,1384.5,28.2,1,37888.3,0,SENSOR_FAILURE
SL-7261,0.3917,234.11,842.6,41.9,0,32333.0,1,WORKING
SL-7262,0.3145,233.99,1384.2,33.7,2,13015.5,2,SENSOR_FAILURE
SL-7263,0.0148,2.57,0.9,18.5,2,30069.8,3,POWER_FAILURE
SL-7264,0.4692,226.79,1415.7,68.9,0,38076.1,2,SENSOR_FAILURE
SL-7265,0.4325,239.2,1497.9,30.7,0,28476.8,0,SENSOR_FAILURE
SL-7266,0.3951,230.1,1354.9,52.6,1,47963.0,0,SENSOR_FAILURE
SL-7267,0.109,232.16,37.3,23.6,1,9796.9,1,LAMP_FAILURE
SL-7268,0.5976,129.78,289.6,33.5,0,22260.9,1,VOLTAGE_ANOMALY
SL-7269,0.039,226.77,2.3,22.7,2,49769.4,1,LAMP_FAILURE
SL-7270,0.4968,219.48,0.0,46.6,1,43108.5,0,SENSOR_FAILURE
SL-7271,0.0,16.37,5.6,22.6,1,39625.6,0,POWER_FAILURE
SL-7272,0.0476,3.58,13.3,22.3,2,1912.3,1,POWER_FAILURE
SL-7273,0.0039,2.71,5.7,18.7,2,44062.9,3,POWER_FAILURE
SL-7274,0.0,2.71,2.6,25.0,2,16587.8,2,POWER_FAILURE
SL-7275,0.7919,105.03,69.2,29.9,1,45904.9,4,VOLTAGE_ANOMALY
SL-7276,0.3341,305.11,553.5,66.1,0,41845.3,3,VOLTAGE_ANOMALY
SL-7277,0.0001,228.73,39.5,25.2,1,13423.8,1,LAMP_FAILURE
SL-7278,0.2787,303.99,878.4,46.4,2,27528.4,0,VOLTAGE_ANOMALY
SL-7279,0.4459,221.07,0.0,78.3,2,10281.2,2,SENSOR_FAILURE
SL-7280,0.4352,228.78,716.9,31.8,0,1301.7,1,WORKING
SL-7281,0.0,5.04,4.4,21.5,2,35864.2,1,POWER_FAILURE
SL-7282,0.4749,230.23,630.9,34.7,0,8503.7,2,WORKING
SL-7283,0.0486,228.29,3.4,24.9,2,42307.8,3,LAMP_FAILURE
SL-7284,0.4458,228.29,21.8,54.2,0,44612.6,2,SENSOR_FAILURE
SL-7285,0.01,232.91,18.6,38.4,1,42169.6,4,LAMP_FAILURE
SL-7286,0.0017,231.54,0.0,32.1,1,11412.3,3,LAMP_FAILURE
SL-7287,0.392,229.14,11.7,31.5,1,41172.9,1,SENSOR_FAILURE
SL-7288,0.0,10.03,2.9,25.6,1,32297.7,0,POWER_FAILURE
SL-7289,0.4089,225.02,632.5,45.1,0,12665.2,0,WORKING
SL-7290,0.0885,238.76,58.7,35.0,2,57286.4,4,LAMP_FAILURE
SL-7291,0.2655,302.49,279.8,67.1,2,26389.1,4,VOLTAGE_ANOMALY
SL-7292,0.013,230.5,23.5,25.9,1,28270.0,1,LAMP_FAILURE
SL-7293,0.4183,237.81,710.1,48.6,0,36361.4,0,WORKING
SL-7294,0.3636,233.21,664.9,33.9,1,28714.3,0,WORKING
SL-7295,0.0557,233.45,9.3,25.8,2,31071.1,3,LAMP_FAILURE
SL-7296,0.3666,232.61,703.5,41.0,0,33756.7,0,WORKING
SL-7297,0.3899,224.34,13.8,33.7,2,8180.5,0,SENSOR_FAILURE
SL-7298,0.3527,229.04,918.8,34.2,0,13598.5,0,WORKING
SL-7299,0.0339,226.01,0.0,24.2,1,19250.8,2,LAMP_FAILURE
SL-7300,0.0,2.44,0.0,23.7,2,41700.3,3,POWER_FAILURE
SL-7301,0.4625,229.9,820.0,44.5,0,9715.0,1,WORKING
SL-7302,0.3765,230.17,731.1,41.8,1,35419.9,1,WORKING
SL-7303,0.4665,227.6,616.7,31.5,0,17456.5,1,WORKING
SL-7304,0.1065,235.85,62.2,18.6,1,43913.7,4,LAMP_FAILURE
SL-7305,0.4621,235.06,651.0,31.9,0,3545.6,0,WORKING
SL-7306,0.3917,269.24,804.1,58.3,1,40462.1,3,VOLTAGE_ANOMALY
SL-7307,0.6005,133.68,233.2,40.2,0,15850.9,2,VOLTAGE_ANOMALY
SL-7308,0.718,114.47,122.1,34.1,2,6608.5,4,VOLTAGE_ANOMALY
SL-7309,0.0185,15.56,8.0,26.6,2,22330.0,4,POWER_FAILURE
SL-7310,0.1229,228.71,53.8,32.1,1,48921.5,3,LAMP_FAILURE
SL-7311,0.3115,301.99,434.7,59.9,1,27955.5,4,VOLTAGE_ANOMALY
SL-7312,0.0458,224.29,10.9,31.4,2,20056.2,2,LAMP_FAILURE
SL-7313,0.422,228.62,682.8,30.6,0,43242.8,2,WORKING
SL-7314,0.0429,227.77,0.0,20.0,1,50936.0,5,LAMP_FAILURE
SL-7315,0.0058,6.57,0.0,32.1,2,17448.7,4,POWER_FAILURE
SL-7316,0.0,0.0,10.2,25.0,1,4711.0,2,POWER_FAILURE
SL-7317,0.3258,230.39,1741.5,35.2,1,29792.4,3,SENSOR_FAILURE
SL-7318,0.0185,2.22,3.4,25.6,1,40354.9,0,POWER_FAILURE
SL-7319,0.026,225.76,0.0,23.2,1,22563.4,1,LAMP_FAILURE
SL-7320,0.0116,6.98,0.0,23.7,2,34251.4,4,POWER_FAILURE
SL-7321,0.41,233.2,862.5,32.2,0,7149.3,1,WORKING
SL-7322,0.0314,13.85,1.1,24.8,0,43760.5,4,POWER_FAILURE
SL-7323,0.4155,224.01,217.7,22.7,1,17533.0,2,SENSOR_FAILURE
SL-7324,0.536,229.61,0.0,50.4,1,43346.2,1,SENSOR_FAILURE
SL-7325,0.3991,225.6,1479.4,38.5,1,4310.3,3,SENSOR_FAILURE
SL-7326,0.3412,230.6,94.0,38.1,1,21285.4,3,SENSOR_FAILURE
SL-7327,0.0,1.46,7.2,19.3,2,22144.9,0,POWER_FAILURE
SL-7328,0.0208,226.9,10.0,22.0,1,46002.0,1,LAMP_FAILURE
SL-7329,0.4937,230.36,9.7,39.1,1,42895.8,2,SENSOR_FAILURE
SL-7330,0.0051,10.65,5.8,19.1,1,38141.5,3,POWER_FAILURE
SL-7331,0.4216,233.03,684.1,33.5,0,31483.8,2,WORKING
SL-7332,0.0392,230.15,15.9,36.2,1,33401.7,2,LAMP_FAILURE
SL-7333,0.0296,0.0,0.0,28.7,1,17027.4,0,POWER_FAILURE
SL-7334,0.4253,270.8,650.2,65.5,1,27126.9,1,VOLTAGE_ANOMALY
SL-7335,0.2402,300.0,540.6,28.9,1,33359.4,0,VOLTAGE_ANOMALY
SL-7336,0.4258,225.45,790.5,33.8,0,13441.1,2,WORKING
SL-7337,0.3799,224.57,729.9,34.7,1,29021.8,0,WORKING
SL-7338,0.0027,14.34,8.6,16.5,2,17923.6,4,POWER_FAILURE
SL-7339,0.4255,232.55,1465.9,41.5,1,22308.9,2,SENSOR_FAILURE
SL-7340,0.4822,228.19,815.3,31.6,0,11115.3,0,WORKING
SL-7341,0.0461,0.0,1.0,29.9,1,49424.2,2,POWER_FAILURE
SL-7342,0.449,224.39,14.7,69.0,0,7596.9,3,SENSOR_FAILURE
SL-7343,0.3513,234.21,703.2,60.6,2,21223.3,0,SENSOR_FAILURE
SL-7344,0.4422,233.48,976.2,34.8,0,49866.2,0,WORKING
SL-7345,0.1326,222.97,39.9,18.5,1,6740.0,3,LAMP_FAILURE
SL-7346,0.0005,220.35,4.7,25.7,1,59304.0,1,LAMP_FAILURE
SL-7347,0.0,25.38,0.5,25.5,2,27610.6,2,POWER_FAILURE
SL-7348,0.4126,230.01,640.8,38.4,0,20353.2,0,WORKING
SL-7349,0.3766,235.18,968.4,31.9,0,27597.7,0,WORKING
SL-7350,0.029,230.1,0.0,21.9,1,17336.6,1,LAMP_FAILURE
SL-7351,0.4793,231.62,845.6,40.9,0,1448.3,1,WORKING
SL-7352,0.0444,221.58,0.0,19.0,0,31023.0,5,LAMP_FAILURE
SL-7353,0.0493,0.0,5.0,25.0,1,47617.5,2,POWER_FAILURE
SL-7354,0.7514,104.04,67.9,35.2,0,48748.3,2,VOLTAGE_ANOMALY
SL-7355,0.0354,229.72,7.7,35.1,2,30948.6,4,LAMP_FAILURE
SL-7356,0.5475,152.24,280.7,38.2,0,39019.6,1,VOLTAGE_ANOMALY
SL-7357,0.2064,303.51,846.0,49.5,0,29477.5,4,VOLTAGE_ANOMALY
SL-7358,0.4108,230.41,1461.5,31.4,2,40215.5,2,SENSOR_FAILURE
SL-7359,0.5065,164.31,201.1,29.6,1,15175.1,3,VOLTAGE_ANOMALY
SL-7360,0.2836,227.88,0.0,29.5,2,49430.0,1,SENSOR_FAILURE
SL-7361,0.0099,219.45,15.9,31.8,2,45406.9,4,LAMP_FAILURE
SL-7362,0.0174,16.24,4.3,27.3,1,9502.3,2,POWER_FAILURE
SL-7363,0.6169,145.69,123.9,30.8,0,6923.0,1,VOLTAGE_ANOMALY
SL-7364,0.3327,228.69,467.0,24.0,1,35625.7,1,SENSOR_FAILURE
SL-7365,0.4118,232.48,955.2,28.1,0,48126.2,2,WORKING
SL-7366,0.0315,5.87,0.0,34.0,1,48612.9,2,POWER_FAILURE
SL-7367,0.5258,133.81,199.0,21.0,0,17172.1,2,VOLTAGE_ANOMALY
SL-7368,0.0417,229.04,8.5,34.4,0,57274.1,1,LAMP_FAILURE
SL-7369,0.5645,159.74,123.7,27.6,0,11928.1,1,VOLTAGE_ANOMALY
SL-7370,0.1113,227.46,25.0,27.1,2,36779.5,3,LAMP_FAILURE
SL-7371,0.056,233.5,10.2,37.6,1,44941.7,5,LAMP_FAILURE
SL-7372,0.3638,232.24,1961.9,73.6,0,29006.7,0,SENSOR_FAILURE
SL-7373,0.6549,103.38,308.4,31.5,1,45418.1,2,VOLTAGE_ANOMALY
SL-7374,0.0378,225.05,11.2,34.6,2,12105.2,2,LAMP_FAILURE
SL-7375,0.4832,222.8,1603.7,52.1,0,38996.1,0,SENSOR_FAILURE
SL-7376,0.4316,228.24,1479.1,15.0,0,16049.3,0,SENSOR_FAILURE
SL-7377,0.0161,231.37,0.0,26.0,2,40086.5,4,LAMP_FAILURE
SL-7378,0.505,224.71,193.6,23.7,0,31048.5,1,SENSOR_FAILURE
SL-7379,0.0129,221.19,5.8,25.3,1,32620.4,1,LAMP_FAILURE
SL-7380,0.4254,230.21,1510.6,92.8,0,10257.4,2,SENSOR_FAILURE
SL-7381,0.2827,260.22,904.6,60.8,1,22009.4,0,VOLTAGE_ANOMALY
SL-7382,0.0027,14.99,6.2,18.4,2,27650.4,2,POWER_FAILURE
SL-7383,0.0005,233.46,20.0,16.3,1,43368.8,3,LAMP_FAILURE
SL-7384,0.0496,236.38,33.1,25.3,2,52627.8,2,LAMP_FAILURE
SL-7385,0.3292,291.74,404.1,81.1,1,9089.3,0,VOLTAGE_ANOMALY
SL-7386,0.3991,233.85,22.0,29.0,0,8249.7,3,SENSOR_FAILURE
SL-7387,0.0247,7.19,0.2,23.8,1,22499.4,2,POWER_FAILURE
SL-7388,0.4291,227.29,767.5,34.3,0,28662.2,0,WORKING
SL-7389,0.0098,0.0,8.4,23.4,1,21910.1,2,POWER_FAILURE
SL-7390,0.0557,233.91,0.9,29.7,1,40877.3,3,LAMP_FAILURE
SL-7391,0.0102,225.71,23.5,18.7,1,52584.0,3,LAMP_FAILURE
SL-7392,0.5463,154.03,305.7,36.1,0,9849.3,0,VOLTAGE_ANOMALY
SL-7393,0.2749,277.7,736.4,54.6,0,35318.6,4,VOLTAGE_ANOMALY
SL-7394,0.4248,227.75,923.3,47.7,0,5301.9,0,WORKING
SL-7395,0.4905,227.83,616.7,31.4,0,27265.8,0,WORKING
SL-7396,0.0189,0.0,0.0,20.6,1,8434.7,4,POWER_FAILURE
SL-7397,0.0,13.68,0.0,20.4,1,38823.6,3,POWER_FAILURE
SL-7398,0.498,221.9,37.8,16.9,1,34724.8,3,SENSOR_FAILURE
SL-7399,0.0222,227.59,34.4,30.7,2,12172.3,4,LAMP_FAILURE
SL-7400,0.4757,234.75,636.0,52.9,0,39803.9,1,SENSOR_FAILURE
SL-7401,0.0,4.36,0.0,14.2,1,45873.2,0,POWER_FAILURE
SL-7402,0.0,8.82,0.0,23.1,1,1544.8,4,POWER_FAILURE
SL-7403,0.424,226.17,733.0,40.7,0,47138.0,0,WORKING
SL-7404,0.3737,234.79,0.0,53.0,1,22370.5,0,SENSOR_FAILURE
SL-7405,0.5066,214.73,21.6,67.0,1,15727.8,1,SENSOR_FAILURE
SL-7406,0.0583,225.02,15.2,16.2,2,37690.6,2,LAMP_FAILURE
SL-7407,0.3583,230.83,865.8,40.1,0,23464.1,1,WORKING
SL-7408,0.0,21.29,13.9,28.7,2,43280.9,1,POWER_FAILURE
SL-7409,0.4869,231.72,692.8,34.4,0,49228.9,0,WORKING
SL-7410,0.4876,230.97,655.0,46.2,0,46023.6,2,WORKING
SL-7411,0.4209,226.21,937.1,42.1,0,25319.0,0,WORKING
SL-7412,0.1261,226.6,32.4,28.6,1,9692.9,1,LAMP_FAILURE
SL-7413,0.3716,234.59,736.4,30.1,0,25223.7,0,WORKING
SL-7414,0.0363,227.41,23.6,33.6,1,6532.5,4,LAMP_FAILURE
SL-7415,0.4175,231.32,4.0,29.3,2,21529.9,2,SENSOR_FAILURE
SL-7416,0.4638,231.24,945.2,30.1,0,27616.5,1,WORKING
SL-7417,0.3502,228.19,873.4,27.1,0,48450.4,1,WORKING
SL-7418,0.6966,107.27,308.4,34.9,1,47776.0,0,VOLTAGE_ANOMALY
SL-7419,0.3489,227.02,16.3,31.8,1,16691.8,0,SENSOR_FAILURE
SL-7420,0.477,224.22,1204.3,43.3,1,24037.1,3,SENSOR_FAILURE
SL-7421,0.0494,0.0,0.4,29.7,1,47987.1,4,POWER_FAILURE
SL-7422,0.3556,228.78,1154.2,87.1,1,18705.7,3,SENSOR_FAILURE
SL-7423,0.4416,236.06,848.8,28.3,0,49415.5,0,WORKING
SL-7424,0.4441,230.66,717.1,34.1,0,22712.7,2,WORKING
SL-7425,0.037,1.88,3.1,16.9,2,18676.6,3,POWER_FAILURE
SL-7426,0.7004,140.73,70.0,26.2,0,1163.0,3,VOLTAGE_ANOMALY
SL-7427,0.346,297.38,806.0,52.4,0,36041.0,4,VOLTAGE_ANOMALY
SL-7428,0.2408,260.21,353.8,51.3,2,21224.5,0,VOLTAGE_ANOMALY
SL-7429,0.3664,229.89,703.7,32.3,0,25693.6,1,WORKING
SL-7430,0.0,11.87,0.0,24.9,2,32780.7,2,POWER_FAILURE
SL-7431,0.0,6.86,5.7,30.8,2,18755.3,0,POWER_FAILURE
SL-7432,0.2957,288.9,752.2,69.2,0,20056.6,1,VOLTAGE_ANOMALY
SL-7433,0.5938,130.13,213.3,27.0,0,12270.0,0,VOLTAGE_ANOMALY
SL-7434,0.5265,140.89,35.9,26.9,0,41835.0,0,VOLTAGE_ANOMALY
SL-7435,0.236,302.52,705.0,45.1,0,25664.5,3,VOLTAGE_ANOMALY
SL-7436,0.0535,0.0,0.1,27.4,2,17637.4,1,POWER_FAILURE
SL-7437,0.1564,299.98,483.2,44.1,0,48222.7,1,VOLTAGE_ANOMALY
SL-7438,0.4626,230.91,629.3,27.7,0,32499.2,0,WORKING
SL-7439,0.4092,232.14,837.1,29.6,0,32772.0,1,WORKING
SL-7440,0.0,0.4,1.4,28.8,1,16318.3,4,POWER_FAILURE
SL-7441,0.3686,233.78,401.9,34.0,1,30614.5,3,SENSOR_FAILURE
SL-7442,0.3001,225.24,848.3,60.6,0,8565.0,3,SENSOR_FAILURE
SL-7443,0.3641,225.81,642.6,32.0,0,6427.7,1,WORKING
SL-7444,0.014,228.75,24.9,28.7,1,17982.9,3,LAMP_FAILURE
SL-7445,0.3397,222.15,1283.5,44.4,2,26163.0,2,SENSOR_FAILURE
SL-7446,0.0258,232.6,1.8,29.6,0,29184.9,5,LAMP_FAILURE
SL-7447,0.5058,230.94,1779.0,22.4,0,32898.7,3,SENSOR_FAILURE
SL-7448,0.7793,108.52,150.6,22.2,0,18454.2,4,VOLTAGE_ANOMALY
SL-7449,0.0502,232.48,5.1,21.9,2,17056.4,5,LAMP_FAILURE
SL-7450,0.0002,231.78,6.6,28.4,2,9898.8,4,LAMP_FAILURE
SL-7451,0.6831,119.1,253.1,37.4,0,25932.6,0,VOLTAGE_ANOMALY
SL-7452,0.422,227.08,1402.8,30.4,1,45913.6,3,SENSOR_FAILURE
SL-7453,0.0201,4.46,9.8,28.4,2,22237.7,2,POWER_FAILURE
SL-7454,0.0126,15.79,0.1,24.0,2,22000.7,4,POWER_FAILURE
SL-7455,0.0308,9.69,0.4,31.3,2,11137.9,1,POWER_FAILURE
SL-7456,0.4655,228.98,739.9,46.6,0,18981.6,2,WORKING
SL-7457,0.3373,222.17,1459.4,72.6,0,17758.9,3,SENSOR_FAILURE
SL-7458,0.3237,266.63,545.1,36.0,0,13597.0,0,VOLTAGE_ANOMALY
SL-7459,0.5325,233.09,1205.1,33.4,2,35528.0,3,SENSOR_FAILURE
SL-7460,0.4769,224.3,1469.1,41.6,1,31179.5,3,SENSOR_FAILURE
SL-7461,0.4237,226.23,753.3,38.1,0,27045.8,1,WORKING
SL-7462,0.0326,228.47,0.0,27.5,2,29050.1,3,LAMP_FAILURE
SL-7463,0.4778,233.42,797.3,34.5,0,12162.7,2,WORKING
SL-7464,0.0,0.0,5.8,25.7,1,8703.9,3,POWER_FAILURE
SL-7465,0.0463,1.1,5.7,22.5,2,23965.1,3,POWER_FAILURE
SL-7466,0.0029,7.1,9.0,21.0,2,48116.1,0,POWER_FAILURE
SL-7467,0.4869,236.82,907.2,32.3,0,40272.4,1,WORKING
SL-7468,0.0315,222.26,13.8,30.7,1,51011.8,3,LAMP_FAILURE
SL-7469,0.0096,229.96,11.3,29.8,2,12206.2,2,LAMP_FAILURE
SL-7470,0.4057,230.43,537.8,37.4,2,43348.1,0,SENSOR_FAILURE
SL-7471,0.0048,3.74,0.0,24.7,1,38751.1,3,POWER_FAILURE
SL-7472,0.3345,223.08,1890.7,54.0,0,3087.3,3,SENSOR_FAILURE
SL-7473,0.4735,233.42,732.8,40.4,0,19710.1,1,WORKING
SL-7474,0.3563,278.81,850.0,60.5,1,38966.5,4,VOLTAGE_ANOMALY
SL-7475,0.425,231.03,1391.9,32.1,2,32280.4,2,SENSOR_FAILURE
SL-7476,0.3545,233.86,911.0,37.7,0,3466.9,2,WORKING
SL-7477,0.0446,232.55,6.0,37.0,1,17992.3,2,LAMP_FAILURE
SL-7478,0.0,14.15,3.8,20.9,2,24262.5,0,POWER_FAILURE
SL-7479,0.6145,140.82,74.0,26.3,0,5453.5,1,VOLTAGE_ANOMALY
SL-7480,0.0401,12.16,7.6,23.9,2,40405.2,4,POWER_FAILURE
SL-7481,0.0038,226.37,21.9,32.1,1,45278.6,4,LAMP_FAILURE
SL-7482,0.004,11.39,1.0,13.4,2,5894.6,3,POWER_FAILURE
SL-7483,0.0369,11.34,3.3,34.9,1,8049.8,0,POWER_FAILURE
SL-7484,0.0207,11.04,5.9,14.2,1,1939.7,4,POWER_FAILURE
SL-7485,0.0416,220.19,14.6,26.7,0,10974.2,1,LAMP_FAILURE
SL-7486,0.4226,230.0,0.0,24.0,1,27317.9,1,SENSOR_FAILURE
SL-7487,0.5968,150.07,316.9,31.6,0,14764.5,4,VOLTAGE_ANOMALY
SL-7488,0.368,227.58,724.2,40.2,0,28271.9,2,WORKING
SL-7489,0.0111,231.0,6.0,23.7,1,8373.8,5,LAMP_FAILURE
SL-7490,0.3958,226.1,24.1,28.5,2,37606.6,3,SENSOR_FAILURE
SL-7491,0.0378,228.34,34.1,28.7,0,9820.6,5,LAMP_FAILURE
SL-7492,0.4283,218.55,7.6,41.2,0,49471.9,0,SENSOR_FAILURE
SL-7493,0.3746,233.1,831.8,35.2,0,34589.0,0,WORKING
SL-7494,0.0588,219.29,12.7,29.7,0,19044.7,5,LAMP_FAILURE
SL-7495,0.4901,234.01,14.4,75.4,2,16128.7,0,SENSOR_FAILURE
SL-7496,0.3785,234.57,1997.4,29.4,2,6757.8,2,SENSOR_FAILURE
SL-7497,0.8012,114.17,64.0,28.9,1,12807.4,1,VOLTAGE_ANOMALY
SL-7498,0.4054,276.13,495.2,46.4,2,4985.9,1,VOLTAGE_ANOMALY
SL-7499,0.0207,0.0,0.0,29.6,2,41477.7,0,POWER_FAILURE
SL-7500,0.0579,239.7,21.3,23.2,1,55883.7,4,LAMP_FAILURE
SL-7501,0.4977,230.75,705.1,32.2,1,5908.7,0,WORKING
SL-7502,0.0293,0.0,6.0,25.5,1,9721.1,2,POWER_FAILURE
SL-7503,0.4562,229.87,616.8,36.1,0,12627.4,0,WORKING
SL-7504,0.0117,233.7,34.4,25.6,1,26203.8,4,LAMP_FAILURE
SL-7505,0.3663,228.31,899.6,37.5,1,3743.6,0,WORKING
SL-7506,0.0295,226.47,15.6,24.9,2,10621.5,2,LAMP_FAILURE
SL-7507,0.4254,233.16,863.1,26.5,0,21343.7,1,WORKING
SL-7508,0.051,226.67,15.5,28.7,1,19872.5,1,LAMP_FAILURE
SL-7509,0.282,293.51,560.5,79.9,0,37412.0,1,VOLTAGE_ANOMALY
SL-7510,0.5068,162.39,165.3,25.3,0,42902.7,0,VOLTAGE_ANOMALY
SL-7511,0.0053,0.0,0.0,19.8,1,4262.0,2,POWER_FAILURE
SL-7512,0.0,8.7,0.0,19.8,1,8838.1,0,POWER_FAILURE
SL-7513,0.0471,226.73,5.6,33.5,1,6762.2,3,LAMP_FAILURE
SL-7514,0.0573,229.61,1.5,32.9,1,51702.8,4,LAMP_FAILURE
SL-7515,0.4331,228.69,1801.9,38.7,0,38502.7,3,SENSOR_FAILURE
SL-7516,0.4309,232.09,922.6,44.6,0,43923.3,0,WORKING
SL-7517,0.8037,104.76,125.5,35.7,0,28741.3,0,VOLTAGE_ANOMALY
SL-7518,0.4715,220.93,17.3,48.4,0,1216.4,0,SENSOR_FAILURE
SL-7519,0.0425,238.87,14.0,37.2,0,29400.8,3,LAMP_FAILURE
SL-7520,0.1404,231.25,76.7,25.7,1,51767.3,3,LAMP_FAILURE
SL-7521,0.3717,226.07,717.5,27.4,0,35700.0,1,WORKING
SL-7522,0.0079,10.7,11.4,20.1,2,2541.5,2,POWER_FAILURE
SL-7523,0.0931,220.28,57.6,27.6,2,24439.6,1,LAMP_FAILURE
SL-7524,0.2682,261.28,377.1,66.7,2,12381.2,3,VOLTAGE_ANOMALY
SL-7525,0.4568,234.57,367.8,15.4,0,44579.1,1,SENSOR_FAILURE
SL-7526,0.0277,228.16,26.3,17.6,1,21931.0,1,LAMP_FAILURE
SL-7527,0.4983,230.44,745.0,43.6,0,41129.0,0,WORKING
SL-7528,0.0329,228.92,10.5,17.4,0,24242.8,4,LAMP_FAILURE
SL-7529,0.4905,230.44,693.1,42.6,0,18350.6,0,WORKING
SL-7530,0.4508,229.82,815.7,26.1,0,29054.6,1,WORKING
SL-7531,0.3528,225.04,1613.9,21.2,0,40437.9,2,SENSOR_FAILURE
SL-7532,0.3949,227.77,974.5,40.9,1,36357.3,2,WORKING
SL-7533,0.7025,115.05,76.1,32.7,0,25337.2,4,VOLTAGE_ANOMALY
SL-7534,0.48,230.04,704.2,32.6,0,5845.7,0,WORKING
SL-7535,0.0328,14.84,0.5,27.3,2,29118.0,2,POWER_FAILURE
SL-7536,0.3702,231.75,797.2,36.8,0,26248.8,0,WORKING
SL-7537,0.2851,299.93,351.3,64.4,0,34491.8,0,VOLTAGE_ANOMALY
SL-7538,0.0,11.41,5.4,22.5,1,7682.1,2,POWER_FAILURE
SL-7539,0.3199,279.16,644.3,52.1,0,16139.6,2,VOLTAGE_ANOMALY
SL-7540,0.4929,228.61,807.7,36.1,0,49720.0,2,WORKING
SL-7541,0.1998,288.03,273.8,62.6,1,33342.2,4,VOLTAGE_ANOMALY
SL-7542,0.2818,281.45,495.7,54.9,1,39442.3,0,VOLTAGE_ANOMALY
SL-7543,0.0341,231.9,6.9,30.1,0,43771.0,1,LAMP_FAILURE
SL-7544,0.2938,277.19,465.9,64.6,0,46810.1,2,VOLTAGE_ANOMALY
SL-7545,0.41,230.03,683.6,31.8,0,23252.9,1,WORKING
SL-7546,0.0015,223.43,26.7,21.0,1,12408.4,5,LAMP_FAILURE
SL-7547,0.0495,222.52,0.0,21.8,2,34492.8,3,LAMP_FAILURE
SL-7548,0.3583,226.19,596.1,40.5,0,28069.6,2,WORKING
SL-7549,0.6395,138.59,93.7,29.4,0,12599.9,2,VOLTAGE_ANOMALY
SL-7550,0.4332,225.67,743.6,36.9,0,40769.5,0,WORKING
SL-7551,0.0567,228.04,8.1,39.7,0,26623.0,5,LAMP_FAILURE
SL-7552,0.1923,304.0,433.8,61.2,0,12404.7,3,VOLTAGE_ANOMALY
SL-7553,0.0269,0.24,5.5,14.1,2,7323.5,4,POWER_FAILURE
SL-7554,0.0191,8.71,7.5,22.4,1,46904.7,4,POWER_FAILURE
SL-7555,0.4846,230.73,853.9,37.1,1,37880.6,2,WORKING
SL-7556,0.0471,220.23,3.8,28.0,2,20187.4,2,LAMP_FAILURE
SL-7557,0.6315,136.26,110.1,37.3,1,4832.2,3,VOLTAGE_ANOMALY
SL-7558,0.378,225.44,793.8,34.8,1,33119.7,0,SENSOR_FAILURE
SL-7559,0.4295,234.7,908.6,34.0,0,13077.2,0,WORKING
SL-7560,0.2977,281.22,765.0,62.1,0,49353.6,0,VOLTAGE_ANOMALY
SL-7561,0.3707,227.5,1242.0,30.3,0,44279.7,3,SENSOR_FAILURE
SL-7562,0.0,24.04,6.1,23.6,2,14809.3,3,POWER_FAILURE
SL-7563,0.344,301.17,721.0,52.7,0,20139.9,2,VOLTAGE_ANOMALY
SL-7564,0.4887,226.32,807.6,28.9,0,8186.1,2,WORKING
SL-7565,0.339,234.38,1500.4,26.2,1,36122.8,0,SENSOR_FAILURE
SL-7566,0.0322,214.91,16.2,33.5,1,29344.8,3,LAMP_FAILURE
SL-7567,0.4818,224.93,1813.9,36.2,2,9335.0,1,SENSOR_FAILURE
SL-7568,0.0372,230.14,42.2,26.5,1,24185.9,3,LAMP_FAILURE
SL-7569,0.4765,224.05,919.9,30.8,0,33534.8,1,WORKING
SL-7570,0.0301,1.09,8.4,29.0,1,27291.6,4,POWER_FAILURE
SL-7571,0.4093,223.83,26.0,27.9,1,28597.5,1,SENSOR_FAILURE
SL-7572,0.4007,227.57,1876.4,39.6,0,12722.9,2,SENSOR_FAILURE
SL-7573,0.4605,223.41,688.3,29.8,0,21841.3,2,WORKING
SL-7574,0.2992,270.45,228.8,54.2,1,23996.9,2,VOLTAGE_ANOMALY
SL-7575,0.399,228.4,878.2,32.3,0,14585.6,2,WORKING
SL-7576,0.0217,7.02,1.4,21.6,1,17098.7,1,POWER_FAILURE
SL-7577,0.0068,0.0,2.2,29.9,2,10203.3,3,POWER_FAILURE
SL-7578,0.491,234.31,652.1,24.7,0,27877.8,0,WORKING
SL-7579,0.6254,138.71,43.8,42.1,0,21352.5,0,VOLTAGE_ANOMALY
SL-7580,0.1743,222.37,43.3,29.4,1,47465.1,2,LAMP_FAILURE
SL-7581,0.3164,298.9,638.0,44.4,1,12837.6,4,VOLTAGE_ANOMALY
SL-7582,0.0002,0.0,12.3,33.0,2,15371.0,3,POWER_FAILURE
SL-7583,0.4632,152.02,325.9,35.2,0,6967.6,3,VOLTAGE_ANOMALY
SL-7584,0.4515,221.78,624.1,30.0,0,18294.8,2,WORKING
SL-7585,0.4095,230.19,861.0,67.4,0,20876.3,2,SENSOR_FAILURE
SL-7586,0.4136,228.14,1861.9,47.0,1,34643.7,3,SENSOR_FAILURE
SL-7587,0.3296,278.12,714.2,47.5,0,27701.3,1,VOLTAGE_ANOMALY
SL-7588,0.4218,231.46,908.6,40.6,0,1383.2,2,WORKING
SL-7589,0.0266,12.87,0.0,21.0,2,14909.2,1,POWER_FAILURE
SL-7590,0.5854,139.23,159.7,26.2,0,32279.8,2,VOLTAGE_ANOMALY
SL-7591,0.3822,233.17,705.9,35.6,0,6381.4,1,WORKING
SL-7592,0.5659,162.2,60.7,21.5,0,36664.6,3,VOLTAGE_ANOMALY
SL-7593,0.6365,146.41,50.3,33.7,1,2321.4,0,VOLTAGE_ANOMALY
SL-7594,0.4451,232.12,1842.0,30.0,0,1362.7,3,SENSOR_FAILURE
SL-7595,0.3662,235.43,803.6,35.0,0,29265.2,1,WORKING
SL-7596,0.0044,9.78,0.3,22.3,2,24736.5,4,POWER_FAILURE
SL-7597,0.4111,234.29,1214.4,34.8,2,5085.1,2,SENSOR_FAILURE
SL-7598,0.4666,231.46,723.9,31.8,0,19796.1,2,WORKING
SL-7599,0.041,3.96,0.0,19.3,2,42882.1,1,POWER_FAILURE
SL-7600,0.1277,239.78,63.8,37.8,2,21200.1,1,LAMP_FAILURE
SL-7601,0.0098,229.68,9.9,35.4,2,31474.2,3,LAMP_FAILURE
SL-7602,0.027,10.8,0.0,25.1,1,12713.0,3,POWER_FAILURE
SL-7603,0.0259,0.0,5.6,16.4,2,37003.6,3,POWER_FAILURE
SL-7604,0.4377,214.25,0.0,21.9,1,42878.0,0,SENSOR_FAILURE
SL-7605,0.4599,226.46,1823.6,34.1,1,35761.7,1,SENSOR_FAILURE
SL-7606,0.0073,218.5,28.3,28.2,2,42971.6,1,LAMP_FAILURE
SL-7607,0.353,232.48,644.2,75.5,2,19325.1,2,SENSOR_FAILURE
SL-7608,0.009,236.84,20.5,31.1,2,56998.9,3,LAMP_FAILURE
SL-7609,0.3677,228.61,753.3,36.7,1,19635.5,0,WORKING
SL-7610,0.2857,271.22,664.6,56.3,2,2184.5,1,VOLTAGE_ANOMALY
SL-7611,0.0132,228.81,22.1,23.2,1,19053.9,1,LAMP_FAILURE
SL-7612,0.1322,222.28,36.2,18.4,2,29407.4,4,LAMP_FAILURE
SL-7613,0.2439,305.37,766.6,50.6,0,12182.3,4,VOLTAGE_ANOMALY
SL-7614,0.3872,229.29,830.0,34.8,0,2967.3,1,WORKING
SL-7615,0.0093,12.82,0.0,24.1,0,47174.9,1,POWER_FAILURE
SL-7616,0.0,0.0,3.5,29.5,2,15422.4,1,POWER_FAILURE
SL-7617,0.4353,231.66,614.1,38.5,0,30406.6,2,WORKING
SL-7618,0.4622,224.3,1192.7,16.4,0,21261.8,0,SENSOR_FAILURE
SL-7619,0.4861,226.15,971.3,38.7,0,47864.4,1,WORKING
SL-7620,0.0012,13.28,10.7,20.2,2,36945.7,4,POWER_FAILURE
SL-7621,0.008,0.0,0.0,35.0,2,26387.2,4,POWER_FAILURE
SL-7622,0.0169,9.07,1.5,25.1,1,40619.8,3,POWER_FAILURE
SL-7623,0.3783,228.93,941.5,29.7,1,48616.7,1,WORKING
SL-7624,0.1219,232.59,34.7,28.4,2,31185.2,3,LAMP_FAILURE
SL-7625,0.4509,230.35,15.7,39.8,1,25998.4,1,SENSOR_FAILURE
SL-7626,0.3961,227.1,965.7,48.5,2,26405.8,3,SENSOR_FAILURE
SL-7627,0.043,11.97,1.7,17.5,2,20924.4,2,POWER_FAILURE
SL-7628,0.4301,227.97,956.0,38.2,0,23828.5,0,WORKING
SL-7629,0.0448,232.2,15.2,21.0,1,54759.7,3,LAMP_FAILURE
SL-7630,0.5915,134.68,194.1,41.5,0,43391.8,0,VOLTAGE_ANOMALY
SL-7631,0.4624,228.52,726.0,30.6,1,20333.2,2,WORKING
SL-7632,0.0497,232.59,0.0,30.4,2,23298.8,1,LAMP_FAILURE
SL-7633,0.2871,268.86,586.1,53.3,2,49571.2,2,VOLTAGE_ANOMALY
SL-7634,0.0413,229.1,20.0,27.8,1,52767.6,2,LAMP_FAILURE
SL-7635,0.6018,154.15,184.1,29.4,0,41357.8,3,VOLTAGE_ANOMALY
SL-7636,0.0595,1.23,0.0,20.0,2,11331.7,2,POWER_FAILURE
SL-7637,0.2785,303.7,453.8,38.4,1,35864.0,0,VOLTAGE_ANOMALY
SL-7638,0.0002,238.86,16.4,27.4,1,56902.9,5,LAMP_FAILURE
SL-7639,0.002,7.09,0.0,29.2,1,23643.3,0,POWER_FAILURE
SL-7640,0.0375,8.88,6.2,21.1,2,35951.8,2,POWER_FAILURE
SL-7641,0.4448,229.15,1443.4,38.2,1,11425.9,1,SENSOR_FAILURE
SL-7642,0.4348,221.43,1529.4,36.1,2,23047.2,0,SENSOR_FAILURE
SL-7643,0.2601,280.47,782.6,62.4,2,19876.7,2,VOLTAGE_ANOMALY
SL-7644,0.1342,229.69,73.5,17.1,1,9925.0,4,LAMP_FAILURE
SL-7645,0.3612,216.77,1923.6,28.4,0,6159.1,3,SENSOR_FAILURE
SL-7646,0.0,0.0,6.9,30.6,2,26570.2,0,POWER_FAILURE
SL-7647,0.5338,129.86,251.9,29.5,0,39522.5,0,VOLTAGE_ANOMALY
SL-7648,0.4197,234.44,880.2,33.7,0,9206.7,2,WORKING
SL-7649,0.2511,261.4,572.2,30.5,0,13693.8,2,VOLTAGE_ANOMALY
SL-7650,0.3042,283.98,545.5,50.9,0,33690.1,2,VOLTAGE_ANOMALY
SL-7651,0.3594,234.9,1937.8,42.5,2,22497.5,1,SENSOR_FAILURE
SL-7652,0.3966,231.47,866.6,25.7,0,48631.4,1,WORKING
SL-7653,0.2928,216.82,0.0,28.6,2,36967.5,2,SENSOR_FAILURE
SL-7654,0.0111,9.92,0.0,20.4,1,49767.4,3,POWER_FAILURE
SL-7655,0.0323,2.2,12.2,29.5,1,3220.6,1,POWER_FAILURE
SL-7656,0.3768,229.78,1834.4,33.3,0,24289.6,2,SENSOR_FAILURE
SL-7657,0.4142,233.05,0.0,44.7,2,28119.9,3,SENSOR_FAILURE
SL-7658,0.5827,231.61,10.4,13.9,0,7936.8,1,SENSOR_FAILURE
SL-7659,0.2998,264.4,523.4,53.9,0,7339.6,0,VOLTAGE_ANOMALY
SL-7660,0.005,219.59,31.4,27.6,2,46128.5,5,LAMP_FAILURE
SL-7661,0.0,16.57,6.0,21.9,2,30759.4,4,POWER_FAILURE
SL-7662,0.2878,268.0,612.8,45.3,0,16579.4,3,VOLTAGE_ANOMALY
SL-7663,0.0478,222.53,0.0,22.0,1,29114.1,4,LAMP_FAILURE
SL-7664,0.5911,149.35,349.6,32.6,0,21156.3,4,VOLTAGE_ANOMALY
SL-7665,0.4462,229.29,1838.5,25.7,0,24624.3,1,SENSOR_FAILURE
SL-7666,0.0234,234.07,26.2,35.9,1,20005.1,3,LAMP_FAILURE
SL-7667,0.0917,227.72,43.2,38.4,1,52175.4,2,LAMP_FAILURE
SL-7668,0.4359,229.12,706.1,33.1,0,9017.1,2,WORKING
SL-7669,0.0374,222.98,8.9,23.8,1,56368.9,1,LAMP_FAILURE
SL-7670,0.48,232.11,869.5,31.2,0,34300.4,1,WORKING
SL-7671,0.0157,237.34,26.4,39.7,2,55367.2,4,LAMP_FAILURE
SL-7672,0.0085,227.76,25.5,32.3,1,15964.2,3,LAMP_FAILURE
SL-7673,0.3997,233.07,650.6,35.9,0,28253.2,1,WORKING
SL-7674,0.461,224.3,0.0,41.7,0,30094.3,1,SENSOR_FAILURE
SL-7675,0.105,227.78,34.5,19.7,1,55508.2,5,LAMP_FAILURE
SL-7676,0.4016,226.51,900.9,32.7,0,41918.6,0,WORKING
SL-7677,0.3474,281.59,221.0,51.3,0,37252.2,1,VOLTAGE_ANOMALY
SL-7678,0.4827,225.36,898.8,51.9,0,29827.9,0,SENSOR_FAILURE
SL-7679,0.5903,124.64,45.9,25.3,1,6248.8,2,VOLTAGE_ANOMALY
SL-7680,0.0514,227.81,4.0,27.5,1,22924.1,3,LAMP_FAILURE
SL-7681,0.4095,231.51,996.0,27.7,0,45999.7,1,WORKING
SL-7682,0.0033,224.86,26.5,17.6,2,31458.6,2,LAMP_FAILURE
SL-7683,0.6507,114.51,341.3,26.7,0,38217.0,1,VOLTAGE_ANOMALY
SL-7684,0.1747,231.78,70.8,40.5,1,16668.5,1,LAMP_FAILURE
SL-7685,0.008,0.0,1.4,15.4,0,40872.5,0,POWER_FAILURE
SL-7686,0.0,0.95,0.0,31.8,1,46089.2,1,POWER_FAILURE
SL-7687,0.4702,226.74,621.0,30.8,1,26378.2,0,WORKING
SL-7688,0.0321,229.27,0.0,23.0,1,15307.6,2,LAMP_FAILURE
SL-7689,0.4599,231.55,781.2,38.5,0,11002.3,2,WORKING
SL-7690,0.3547,219.39,526.4,29.7,1,8404.2,0,SENSOR_FAILURE
SL-7691,0.4309,169.39,380.2,18.4,1,8398.9,3,VOLTAGE_ANOMALY
SL-7692,0.0008,0.0,6.6,35.0,2,44524.2,4,POWER_FAILURE
SL-7693,0.0256,226.2,25.1,30.4,2,15880.9,1,LAMP_FAILURE
SL-7694,0.4341,166.77,83.6,26.9,0,43814.3,0,VOLTAGE_ANOMALY
SL-7695,0.4812,233.57,723.4,27.9,0,26568.6,0,WORKING
SL-7696,0.0327,234.4,13.0,33.4,1,25380.8,1,LAMP_FAILURE
SL-7697,0.0516,237.23,8.8,24.0,1,34724.9,3,LAMP_FAILURE
SL-7698,0.0066,6.62,1.9,31.4,2,46125.2,4,POWER_FAILURE
SL-7699,0.3782,229.89,829.2,33.0,0,2880.6,0,WORKING
SL-7700,0.0006,0.69,0.0,32.2,2,40023.2,4,POWER_FAILURE
SL-7701,0.0,17.55,6.0,30.0,1,20936.2,2,POWER_FAILURE
SL-7702,0.0163,223.64,9.1,32.0,2,27408.9,4,LAMP_FAILURE
SL-7703,0.4251,225.6,709.6,37.2,0,11519.9,2,WORKING
SL-7704,0.0,19.91,4.3,20.2,1,29077.7,0,POWER_FAILURE
SL-7705,0.0245,7.66,3.0,36.2,2,40369.4,2,POWER_FAILURE
SL-7706,0.3097,232.16,905.4,47.6,1,39787.6,1,SENSOR_FAILURE
SL-7707,0.4443,219.96,1500.0,50.5,0,24047.6,2,SENSOR_FAILURE
SL-7708,0.3886,225.26,933.5,33.9,0,25083.6,1,WORKING
SL-7709,0.3316,233.01,1040.2,46.5,0,49645.6,1,SENSOR_FAILURE
SL-7710,0.0218,228.85,0.0,30.7,0,37778.7,4,LAMP_FAILURE
SL-7711,0.4119,238.44,736.3,41.8,0,4006.2,2,WORKING
SL-7712,0.3976,232.88,1736.5,75.3,2,47978.0,2,SENSOR_FAILURE
SL-7713,0.5187,233.99,1036.7,22.7,0,47389.4,3,SENSOR_FAILURE
SL-7714,0.3753,228.64,23.9,25.7,2,7280.4,0,SENSOR_FAILURE
SL-7715,0.0505,3.34,10.1,25.0,1,48772.1,4,POWER_FAILURE
SL-7716,0.478,170.31,50.9,32.3,1,44385.5,0,VOLTAGE_ANOMALY
SL-7717,0.503,157.32,340.1,25.6,0,17114.1,2,VOLTAGE_ANOMALY
SL-7718,0.4356,232.71,1571.7,35.6,1,15816.4,3,SENSOR_FAILURE
SL-7719,0.3818,231.92,671.3,39.2,0,39741.2,0,WORKING
SL-7720,0.507,227.03,0.0,25.5,0,15884.0,2,SENSOR_FAILURE
SL-7721,0.4885,231.0,12.6,55.9,1,15292.4,1,SENSOR_FAILURE
SL-7722,0.032,14.68,0.0,31.6,1,892.2,3,POWER_FAILURE
SL-7723,0.01,3.77,0.7,23.5,2,29785.5,4,POWER_FAILURE
SL-7724,0.0357,230.84,7.9,32.9,1,20627.5,5,LAMP_FAILURE
SL-7725,0.448,234.07,807.3,45.0,0,7280.8,0,WORKING
SL-7726,0.3353,260.49,301.8,50.7,0,33087.9,2,VOLTAGE_ANOMALY
SL-7727,0.0481,217.24,4.6,34.9,1,53889.5,5,LAMP_FAILURE
SL-7728,0.0121,10.77,3.3,25.4,2,30143.8,0,POWER_FAILURE
SL-7729,0.4105,227.58,981.7,33.8,1,32798.2,0,WORKING
SL-7730,0.2689,297.13,710.2,60.3,0,13309.1,3,VOLTAGE_ANOMALY
SL-7731,0.2997,302.95,744.4,57.1,0,33339.0,2,VOLTAGE_ANOMALY
SL-7732,0.0,3.92,5.0,30.0,2,48217.9,2,POWER_FAILURE
SL-7733,0.0035,9.64,4.0,23.7,1,42713.3,1,POWER_FAILURE
SL-7734,0.4488,229.19,690.3,32.2,0,11027.8,2,WORKING
SL-7735,0.0275,11.14,6.0,26.6,2,17864.9,2,POWER_FAILURE
SL-7736,0.3379,276.59,601.9,53.1,1,15720.9,3,VOLTAGE_ANOMALY
SL-7737,0.4328,227.29,0.0,15.9,1,19407.1,3,SENSOR_FAILURE
SL-7738,0.0067,225.73,10.0,32.1,1,13748.4,5,LAMP_FAILURE
SL-7739,0.4672,234.4,224.1,24.5,0,9836.1,2,SENSOR_FAILURE
SL-7740,0.0245,10.31,1.6,16.1,2,36960.1,1,POWER_FAILURE
SL-7741,0.0593,229.8,9.4,25.5,2,57401.1,3,LAMP_FAILURE
SL-7742,0.3323,296.76,873.6,79.4,1,26204.1,0,VOLTAGE_ANOMALY
SL-7743,0.4156,225.88,1240.0,52.0,2,44998.1,3,SENSOR_FAILURE
SL-7744,0.0081,17.4,0.0,24.4,1,47413.0,0,POWER_FAILURE
SL-7745,0.0029,21.9,3.1,23.3,2,38725.5,3,POWER_FAILURE
SL-7746,0.0086,223.96,0.0,29.6,1,22882.5,4,LAMP_FAILURE
SL-7747,0.3627,229.18,729.4,34.9,0,7732.0,0,WORKING
SL-7748,0.0433,5.47,12.2,18.3,1,41962.0,2,POWER_FAILURE
SL-7749,0.4779,231.87,30.9,74.3,0,14440.1,2,SENSOR_FAILURE
SL-7750,0.3157,279.42,301.1,43.5,2,16208.0,1,VOLTAGE_ANOMALY
SL-7751,0.0,18.39,11.4,27.6,1,31050.6,1,POWER_FAILURE
SL-7752,0.0123,21.29,0.0,23.8,1,45701.6,3,POWER_FAILURE
SL-7753,0.0,5.63,3.7,29.1,2,19769.1,4,POWER_FAILURE
SL-7754,0.3824,232.56,0.0,33.4,1,1692.6,1,SENSOR_FAILURE
SL-7755,0.4809,222.78,1423.0,48.2,1,43370.6,0,SENSOR_FAILURE
SL-7756,0.4214,236.32,940.8,35.7,0,26700.7,0,WORKING
SL-7757,0.3029,266.93,502.6,35.8,2,24772.6,2,VOLTAGE_ANOMALY
SL-7758,0.4147,229.0,759.8,34.8,0,9877.2,2,WORKING
SL-7759,0.4425,231.16,6.5,30.3,0,4208.4,2,SENSOR_FAILURE
SL-7760,0.4199,228.54,56.2,23.5,1,47471.1,2,SENSOR_FAILURE
SL-7761,0.0197,231.64,20.5,33.1,1,15282.1,3,LAMP_FAILURE
SL-7762,0.2752,302.92,851.1,50.8,0,14870.9,2,VOLTAGE_ANOMALY
SL-7763,0.0,0.0,3.5,27.9,2,7684.5,3,POWER_FAILURE
SL-7764,0.4396,227.71,644.0,41.3,0,34282.3,0,WORKING
SL-7765,0.488,230.63,0.9,30.6,0,49161.9,2,SENSOR_FAILURE
SL-7766,0.4847,238.25,1130.5,30.6,0,39442.9,2,SENSOR_FAILURE
SL-7767,0.3294,281.37,808.0,48.2,1,31527.4,0,VOLTAGE_ANOMALY
SL-7768,0.0584,231.98,18.6,33.6,2,43436.9,4,LAMP_FAILURE
SL-7769,0.0292,228.31,1.4,23.3,1,24827.9,1,LAMP_FAILURE
SL-7770,0.406,224.86,27.7,55.3,1,47567.5,1,SENSOR_FAILURE
SL-7771,0.5035,171.02,270.7,41.9,2,12906.4,3,VOLTAGE_ANOMALY
SL-7772,0.0341,224.54,30.5,17.5,1,19589.6,1,LAMP_FAILURE
SL-7773,0.391,227.47,968.9,28.0,0,8989.6,2,WORKING
SL-7774,0.3816,230.68,624.6,43.2,0,38575.6,0,WORKING
SL-7775,0.3308,226.61,483.8,80.3,2,22162.5,0,SENSOR_FAILURE
SL-7776,0.3599,276.26,540.7,42.6,1,5066.8,3,VOLTAGE_ANOMALY
SL-7777,0.334,292.78,587.6,71.6,0,17513.5,2,VOLTAGE_ANOMALY
SL-7778,0.0224,0.09,1.8,20.1,2,29078.8,1,POWER_FAILURE
SL-7779,0.4677,229.92,1437.8,27.0,0,25797.6,1,SENSOR_FAILURE
SL-7780,0.3423,222.12,343.8,48.1,2,39702.1,0,SENSOR_FAILURE
SL-7781,0.0165,0.0,1.0,26.5,2,39162.8,0,POWER_FAILURE
SL-7782,0.0469,234.91,0.0,22.5,1,18244.3,4,LAMP_FAILURE
SL-7783,0.0498,227.5,28.4,31.3,1,10747.6,5,LAMP_FAILURE
SL-7784,0.3763,233.26,725.9,33.1,0,49677.7,1,WORKING
SL-7785,0.2097,308.02,384.9,61.9,0,16134.0,3,VOLTAGE_ANOMALY
SL-7786,0.0205,223.92,33.9,32.5,2,53422.7,3,LAMP_FAILURE
SL-7787,0.0508,226.94,26.3,25.3,1,20159.5,3,LAMP_FAILURE
SL-7788,0.4189,228.82,1332.5,37.0,0,14539.4,0,SENSOR_FAILURE
SL-7789,0.1732,224.75,29.7,26.3,1,35934.1,3,LAMP_FAILURE
SL-7790,0.0223,220.44,21.4,29.2,2,43360.1,4,LAMP_FAILURE
SL-7791,0.4568,235.78,729.0,33.8,0,7524.8,2,WORKING
SL-7792,0.3774,234.34,0.0,30.2,1,17573.6,0,SENSOR_FAILURE
SL-7793,0.7623,103.85,135.0,27.6,2,30660.8,3,VOLTAGE_ANOMALY
SL-7794,0.4552,231.67,788.5,32.1,0,720.3,0,WORKING
SL-7795,0.0099,17.66,12.6,26.6,2,49566.2,0,POWER_FAILURE
SL-7796,0.024,223.72,0.0,28.4,2,19337.9,3,LAMP_FAILURE
SL-7797,0.4815,231.8,645.8,34.0,0,46754.1,2,WORKING
SL-7798,0.416,267.3,851.2,63.1,0,13595.4,4,VOLTAGE_ANOMALY
SL-7799,0.3244,221.95,0.0,39.5,0,29554.8,0,SENSOR_FAILURE
SL-7800,0.6358,136.23,218.8,32.4,1,43305.2,0,VOLTAGE_ANOMALY
SL-7801,0.2985,306.23,861.4,73.1,0,17738.9,2,VOLTAGE_ANOMALY
SL-7802,0.4959,226.07,613.8,44.3,0,13634.5,1,WORKING
SL-7803,0.4386,218.68,0.0,64.8,0,31113.4,1,SENSOR_FAILURE
SL-7804,0.0,3.04,6.1,18.6,2,18135.4,4,POWER_FAILURE
SL-7805,0.3837,232.66,1294.3,25.8,2,46383.1,3,SENSOR_FAILURE
SL-7806,0.4456,233.71,957.2,34.1,0,26865.1,2,WORKING
SL-7807,0.4446,179.28,256.2,24.8,0,24150.5,1,VOLTAGE_ANOMALY
SL-7808,0.0223,231.76,0.0,22.1,1,21925.2,3,LAMP_FAILURE
SL-7809,0.4355,227.03,840.9,29.7,0,30396.8,0,WORKING
SL-7810,0.4894,174.37,103.0,29.5,1,18393.3,1,VOLTAGE_ANOMALY
SL-7811,0.4456,233.49,762.6,37.7,0,38903.2,2,WORKING
SL-7812,0.2829,283.4,423.4,64.4,2,39902.1,2,VOLTAGE_ANOMALY
SL-7813,0.2298,265.12,613.8,46.2,1,40937.5,4,VOLTAGE_ANOMALY
SL-7814,0.3614,232.83,0.0,42.0,2,3834.6,1,SENSOR_FAILURE
SL-7815,0.4093,231.0,1796.0,23.3,2,46593.8,1,SENSOR_FAILURE
SL-7816,0.3698,233.39,918.2,33.4,0,19685.5,2,WORKING
SL-7817,0.0,13.23,7.8,24.6,2,3299.3,2,POWER_FAILURE
SL-7818,0.5784,137.29,282.9,32.2,0,13628.3,1,VOLTAGE_ANOMALY
SL-7819,0.4615,234.23,618.9,43.2,0,2365.6,0,WORKING
SL-7820,0.0216,5.83,0.3,26.4,1,7708.5,0,POWER_FAILURE
SL-7821,0.6866,121.74,260.3,23.7,2,20782.8,0,VOLTAGE_ANOMALY
SL-7822,0.4882,225.54,871.2,36.2,0,10953.3,2,WORKING
SL-7823,0.6238,138.66,307.2,40.8,1,31027.1,4,VOLTAGE_ANOMALY
SL-7824,0.4608,233.48,984.0,35.1,0,44618.7,2,WORKING
SL-7825,0.014,0.0,0.0,30.6,1,1302.0,1,POWER_FAILURE
SL-7826,0.0327,224.21,14.4,32.9,1,13149.9,1,LAMP_FAILURE
SL-7827,0.3492,219.72,1297.9,27.7,2,9416.5,0,SENSOR_FAILURE
SL-7828,0.6,120.05,139.7,30.4,0,39849.7,3,VOLTAGE_ANOMALY
SL-7829,0.3146,231.68,1743.1,39.1,2,24856.1,3,SENSOR_FAILURE
SL-7830,0.4111,233.22,990.2,33.2,0,33259.7,1,WORKING
SL-7831,0.0325,233.73,5.2,35.2,1,38351.7,4,LAMP_FAILURE
SL-7832,0.3659,236.7,1060.0,58.7,1,12404.5,2,SENSOR_FAILURE
SL-7833,0.0389,232.11,17.4,27.5,1,51243.2,4,LAMP_FAILURE
SL-7834,0.4796,228.26,471.0,33.4,1,13213.8,1,SENSOR_FAILURE
SL-7835,0.3689,235.35,996.5,36.0,0,19448.2,1,WORKING
SL-7836,0.4136,218.14,1897.1,49.6,1,41372.7,3,SENSOR_FAILURE
SL-7837,0.0093,0.0,4.6,20.5,1,28301.1,4,POWER_FAILURE
SL-7838,0.0477,226.86,5.0,23.7,1,42859.1,3,LAMP_FAILURE
SL-7839,0.0051,7.53,1.0,29.0,0,33297.2,0,POWER_FAILURE
SL-7840,0.5352,159.63,334.8,35.4,1,44916.2,3,VOLTAGE_ANOMALY
SL-7841,0.0289,228.27,22.7,32.0,1,16312.6,3,LAMP_FAILURE
SL-7842,0.2481,279.22,505.2,40.6,1,21462.9,3,VOLTAGE_ANOMALY
SL-7843,0.0,2.19,1.3,26.1,2,38970.6,4,POWER_FAILURE
SL-7844,0.3334,221.15,24.1,44.8,0,7502.0,2,SENSOR_FAILURE
SL-7845,0.4666,233.08,654.4,36.4,0,27304.8,0,WORKING
SL-7846,0.3658,237.2,0.0,50.8,2,18684.9,2,SENSOR_FAILURE
SL-7847,0.0061,223.76,6.6,29.9,2,30234.4,1,LAMP_FAILURE
SL-7848,0.4136,222.5,12.9,46.7,0,19238.2,2,SENSOR_FAILURE
SL-7849,0.8038,102.51,109.3,23.7,2,7619.1,1,VOLTAGE_ANOMALY
SL-7850,0.0173,238.03,18.9,30.4,1,16088.8,1,LAMP_FAILURE
SL-7851,0.0127,17.61,3.1,34.8,1,29652.2,4,POWER_FAILURE
SL-7852,0.3922,227.05,353.9,27.4,2,20720.8,1,SENSOR_FAILURE
SL-7853,0.0204,8.0,0.0,23.6,2,26716.6,2,POWER_FAILURE
SL-7854,0.4398,235.56,1.7,32.0,0,8415.2,1,SENSOR_FAILURE
SL-7855,0.008,9.02,5.7,28.9,2,31533.8,4,POWER_FAILURE
SL-7856,0.5056,235.89,1189.3,56.6,0,18477.0,2,SENSOR_FAILURE
SL-7857,0.3683,227.61,768.0,35.8,0,24081.9,2,WORKING
SL-7858,0.2435,276.15,501.0,38.1,2,30050.9,4,VOLTAGE_ANOMALY
SL-7859,0.4288,225.74,1190.0,56.6,1,40675.4,3,SENSOR_FAILURE
SL-7860,0.4903,236.72,1189.8,29.3,0,24042.3,3,SENSOR_FAILURE
SL-7861,0.3028,294.78,875.7,37.9,0,33655.0,0,VOLTAGE_ANOMALY
SL-7862,0.4457,232.11,931.4,44.1,0,31951.1,0,WORKING
SL-7863,0.0578,230.42,39.6,31.0,2,23836.7,5,LAMP_FAILURE
SL-7864,0.0126,237.53,9.9,15.4,2,39195.9,3,LAMP_FAILURE
SL-7865,0.4021,234.3,1951.0,43.6,2,29777.6,2,SENSOR_FAILURE
SL-7866,0.4888,219.17,595.4,43.7,0,32069.2,3,SENSOR_FAILURE
SL-7867,0.035,224.9,18.8,31.1,1,11494.9,4,LAMP_FAILURE
SL-7868,0.4452,230.29,935.6,27.6,1,18921.5,2,WORKING
SL-7869,0.0,7.28,0.0,29.0,2,39549.5,1,POWER_FAILURE
SL-7870,0.0241,233.06,15.4,8.9,1,59353.7,3,LAMP_FAILURE
SL-7871,0.4126,232.74,1686.1,37.3,1,8391.0,0,SENSOR_FAILURE
SL-7872,0.2869,262.64,796.3,36.3,1,40431.4,2,VOLTAGE_ANOMALY
SL-7873,0.4479,228.7,869.4,42.7,0,46435.2,0,WORKING
SL-7874,0.4595,232.61,775.6,38.1,0,3687.1,2,WORKING
SL-7875,0.3707,230.37,1951.8,37.9,0,6351.2,3,SENSOR_FAILURE
SL-7876,0.0208,0.0,0.0,24.6,1,35109.1,1,POWER_FAILURE
SL-7877,0.3837,224.72,28.5,27.8,2,28566.9,3,SENSOR_FAILURE
SL-7878,0.0,7.21,8.9,19.2,1,1837.1,1,POWER_FAILURE
SL-7879,0.0,19.43,3.0,29.0,1,2989.8,4,POWER_FAILURE
SL-7880,0.4317,228.45,610.8,36.9,0,31208.6,1,WORKING
SL-7881,0.4413,227.53,679.6,39.0,0,4710.4,2,WORKING
SL-7882,0.4589,231.1,726.5,38.1,0,39193.0,1,WORKING
SL-7883,0.2564,280.45,681.2,73.9,2,35862.2,2,VOLTAGE_ANOMALY
SL-7884,0.4468,235.49,0.0,23.0,1,46341.1,2,SENSOR_FAILURE
SL-7885,0.3379,291.02,587.7,47.9,1,1220.0,1,VOLTAGE_ANOMALY
SL-7886,0.4517,228.61,671.3,31.9,0,39490.8,0,WORKING
SL-7887,0.3982,229.82,732.2,42.3,0,45357.6,1,WORKING
SL-7888,0.0039,11.63,0.0,17.3,2,7410.5,3,POWER_FAILURE
SL-7889,0.5711,142.99,110.2,37.9,1,24477.4,4,VOLTAGE_ANOMALY
SL-7890,0.0,5.01,14.4,26.5,2,23416.7,3,POWER_FAILURE
SL-7891,0.0082,220.28,22.8,30.8,1,42849.4,2,LAMP_FAILURE
SL-7892,0.0,10.28,12.3,21.3,1,7798.1,3,POWER_FAILURE
SL-7893,0.4596,229.67,1459.1,24.5,1,49113.4,1,SENSOR_FAILURE
SL-7894,0.4157,229.78,696.0,33.8,0,37541.7,0,WORKING
SL-7895,0.0152,236.73,16.7,31.7,2,15203.0,3,LAMP_FAILURE
SL-7896,0.02,14.34,0.6,27.3,1,48392.6,1,POWER_FAILURE
SL-7897,0.4874,234.28,868.7,39.3,0,46022.2,0,WORKING
SL-7898,0.4191,224.46,1285.7,54.8,2,33432.1,1,SENSOR_FAILURE
SL-7899,0.3336,280.46,765.8,49.1,2,28580.0,3,VOLTAGE_ANOMALY
SL-7900,0.2437,263.24,487.3,58.2,2,6787.9,1,VOLTAGE_ANOMALY
SL-7901,0.0,13.54,4.6,23.7,1,10461.0,1,POWER_FAILURE
SL-7902,0.4508,233.62,624.2,32.5,0,46710.8,2,WORKING
SL-7903,0.0,19.19,1.4,28.8,2,5666.2,1,POWER_FAILURE
SL-7904,0.4148,226.69,1394.5,28.8,1,25674.0,0,SENSOR_FAILURE
SL-7905,0.0361,219.93,0.7,27.5,1,7539.3,5,LAMP_FAILURE
SL-7906,0.0,11.62,2.6,22.4,2,38863.7,3,POWER_FAILURE
SL-7907,0.4624,237.37,889.7,33.6,0,44561.6,2,WORKING
SL-7908,0.0055,223.69,3.8,20.8,0,39330.2,2,LAMP_FAILURE
SL-7909,0.3362,276.75,535.4,46.0,2,11082.6,2,VOLTAGE_ANOMALY
SL-7910,0.0,0.0,2.8,22.4,2,21034.3,4,POWER_FAILURE
SL-7911,0.4908,232.82,749.8,42.8,0,24456.8,0,WORKING
SL-7912,0.0062,235.73,19.7,32.3,2,12126.3,3,LAMP_FAILURE
SL-7913,0.1436,226.51,72.5,32.6,2,42917.1,3,LAMP_FAILURE
SL-7914,0.3644,222.08,17.6,45.5,0,18088.3,2,SENSOR_FAILURE
SL-7915,0.4204,228.14,617.2,36.8,0,23755.0,0,WORKING
SL-7916,0.0,4.47,2.3,25.5,2,41470.9,1,POWER_FAILURE
SL-7917,0.478,232.3,943.3,42.6,0,48306.6,1,WORKING
SL-7918,0.0194,224.89,0.0,28.5,2,13097.5,5,LAMP_FAILURE
SL-7919,0.6346,132.02,314.1,27.9,0,21306.9,1,VOLTAGE_ANOMALY
SL-7920,0.4229,233.18,696.4,29.1,0,49376.1,2,WORKING
SL-7921,0.6075,119.5,299.0,27.7,0,39678.5,0,VOLTAGE_ANOMALY
SL-7922,0.4233,226.91,21.3,27.2,1,11898.8,3,SENSOR_FAILURE
SL-7923,0.4588,222.78,790.6,39.8,1,20391.7,1,SENSOR_FAILURE
SL-7924,0.356,228.6,720.9,33.8,0,34733.4,1,WORKING
SL-7925,0.3432,274.6,610.9,53.7,0,5457.4,0,VOLTAGE_ANOMALY
SL-7926,0.0412,228.85,16.2,39.8,1,26819.0,4,LAMP_FAILURE
SL-7927,0.3127,280.62,398.6,51.2,0,5640.5,3,VOLTAGE_ANOMALY
SL-7928,0.0285,230.09,9.3,26.1,2,26335.6,4,LAMP_FAILURE
SL-7929,0.1236,226.14,23.7,26.1,1,7754.6,1,LAMP_FAILURE
SL-7930,0.4695,229.14,604.1,31.6,0,21281.1,0,WORKING
SL-7931,0.1475,232.68,54.3,20.0,2,11005.7,4,LAMP_FAILURE
SL-7932,0.0355,219.49,8.7,27.6,2,32453.2,2,LAMP_FAILURE
SL-7933,0.4216,231.21,691.4,30.0,0,47370.1,2,WORKING
SL-7934,0.0465,229.21,0.0,44.5,1,7144.7,2,LAMP_FAILURE
SL-7935,0.5151,228.7,569.6,25.7,0,26063.4,3,SENSOR_FAILURE
SL-7936,0.3658,237.74,282.7,54.2,2,3633.0,3,SENSOR_FAILURE
SL-7937,0.0443,237.07,7.1,32.0,2,8274.4,2,LAMP_FAILURE
SL-7938,0.5045,230.15,245.9,35.1,0,31609.7,2,SENSOR_FAILURE
SL-7939,0.3507,231.44,887.4,32.1,0,12173.4,1,WORKING
SL-7940,0.0589,0.0,2.7,23.4,2,30104.9,3,POWER_FAILURE
SL-7941,0.0128,0.0,6.2,28.4,2,40140.5,0,POWER_FAILURE
SL-7942,0.0586,211.11,12.3,28.5,1,52372.2,1,LAMP_FAILURE
SL-7943,0.3721,231.01,773.3,32.1,0,36400.3,0,WORKING
SL-7944,0.5433,148.67,114.3,41.9,0,45781.2,1,VOLTAGE_ANOMALY
SL-7945,0.4968,226.04,667.0,39.8,1,16235.2,2,WORKING
SL-7946,0.528,136.98,197.8,23.6,2,13058.3,1,VOLTAGE_ANOMALY
SL-7947,0.031,226.46,0.0,18.4,2,58506.3,3,LAMP_FAILURE
SL-7948,0.0447,5.64,0.2,28.5,1,42967.2,3,POWER_FAILURE
SL-7949,0.0127,233.86,9.9,13.6,1,55418.2,3,LAMP_FAILURE
SL-7950,0.0055,227.91,0.0,29.8,1,47402.5,2,LAMP_FAILURE
SL-7951,0.7808,109.63,169.0,16.4,1,35415.9,3,VOLTAGE_ANOMALY
SL-7952,0.3894,230.1,714.0,36.9,0,23602.2,1,WORKING
SL-7953,0.0519,229.7,39.1,40.9,1,19162.5,4,LAMP_FAILURE
SL-7954,0.4412,229.81,806.2,45.4,0,528.3,1,WORKING
SL-7955,0.0373,233.88,10.4,28.4,2,59848.2,1,LAMP_FAILURE
SL-7956,0.5236,140.82,137.4,17.5,0,22243.0,2,VOLTAGE_ANOMALY
SL-7957,0.0412,228.79,2.3,32.2,1,36009.3,1,LAMP_FAILURE
SL-7958,0.4097,167.85,196.4,36.8,0,14309.9,0,VOLTAGE_ANOMALY
SL-7959,0.0504,231.26,18.5,29.9,1,40211.0,2,LAMP_FAILURE
SL-7960,0.4886,228.07,598.1,38.7,0,17166.7,2,WORKING
SL-7961,0.3917,227.21,830.0,31.8,1,13497.1,0,WORKING
SL-7962,0.4433,159.99,292.2,23.0,0,41583.0,4,VOLTAGE_ANOMALY
SL-7963,0.0305,226.67,14.1,28.3,1,16905.3,1,LAMP_FAILURE
SL-7964,0.0312,12.67,9.5,37.1,1,42746.3,3,POWER_FAILURE
SL-7965,0.4478,237.76,1705.4,28.6,2,38688.4,2,SENSOR_FAILURE
SL-7966,0.019,0.0,8.1,31.2,1,15759.5,3,POWER_FAILURE
SL-7967,0.0301,5.46,3.2,23.8,1,41540.8,2,POWER_FAILURE
SL-7968,0.0407,0.0,3.3,22.4,2,11535.6,2,POWER_FAILURE
SL-7969,0.3763,225.78,708.2,36.6,0,37405.7,1,WORKING
SL-7970,0.3597,232.56,1497.0,30.7,2,5571.6,3,SENSOR_FAILURE
SL-7971,0.3948,226.76,6.6,33.5,0,21229.1,1,SENSOR_FAILURE
SL-7972,0.4418,229.15,65.5,28.7,1,21905.6,1,SENSOR_FAILURE
SL-7973,0.0524,221.28,36.2,22.4,1,36378.7,4,LAMP_FAILURE
SL-7974,0.5187,134.57,133.6,19.6,0,33747.7,0,VOLTAGE_ANOMALY
SL-7975,0.6828,125.28,229.9,42.1,1,39008.6,4,VOLTAGE_ANOMALY
SL-7976,0.3556,237.09,1453.5,58.8,0,30772.6,0,SENSOR_FAILURE
SL-7977,0.007,227.34,27.2,28.9,1,23511.6,2,LAMP_FAILURE
SL-7978,0.443,230.32,943.4,34.7,0,18368.3,2,WORKING
SL-7979,0.6214,141.65,252.1,29.2,1,12919.8,3,VOLTAGE_ANOMALY
SL-7980,0.3858,227.86,784.8,35.6,0,38797.7,0,WORKING
SL-7981,0.3756,226.65,748.1,35.1,0,49645.1,0,WORKING
SL-7982,0.4043,169.36,219.5,30.9,0,2448.7,0,VOLTAGE_ANOMALY
SL-7983,0.0293,225.15,4.5,28.2,2,7180.3,3,LAMP_FAILURE
SL-7984,0.0205,224.3,5.1,28.4,0,57439.4,1,LAMP_FAILURE
SL-7985,0.0505,8.99,12.0,24.5,2,33851.4,1,POWER_FAILURE
SL-7986,0.3585,223.41,1158.7,37.3,2,22280.8,0,SENSOR_FAILURE
SL-7987,0.4851,226.35,3.2,32.6,1,4618.7,2,SENSOR_FAILURE
SL-7988,0.0159,13.66,0.0,25.6,2,3889.6,1,POWER_FAILURE
SL-7989,0.511,231.63,0.0,41.8,2,11744.5,2,SENSOR_FAILURE
SL-7990,0.4474,226.99,966.8,36.9,0,32611.1,1,WORKING
SL-7991,0.3408,229.4,761.1,17.5,0,2682.3,2,SENSOR_FAILURE
SL-7992,0.3412,224.66,443.1,49.5,1,30900.4,2,SENSOR_FAILURE
SL-7993,0.0117,224.93,2.3,31.9,1,21194.9,4,LAMP_FAILURE
SL-7994,0.0088,8.82,8.0,31.6,2,13672.6,0,POWER_FAILURE
SL-7995,0.4151,215.67,2.3,36.6,2,48233.3,3,SENSOR_FAILURE
SL-7996,0.4296,230.26,7.2,32.5,2,35572.0,3,SENSOR_FAILURE
SL-7997,0.4299,234.97,1864.9,17.9,2,40172.4,0,SENSOR_FAILURE
SL-7998,0.4613,227.11,795.7,34.5,1,44641.2,2,WORKING
SL-7999,0.2527,273.44,534.3,82.8,1,40585.4,4,VOLTAGE_ANOMALY
SL-8000,0.2999,263.51,491.2,48.0,0,6873.7,3,VOLTAGE_ANOMALY
